event_id,date,tournament,opponent,venue,gf,ga,player_id,sofa_player_id,name,pos,started,played,captain,minutes,rating,has_detailed_stats,aerials_lost,aerials_won,assists,clearances,crosses,crosses_accurate,dispossessed,dribbles_attempted,dribbles_won,duels_lost,duels_won,fouled,fouls,goals,high_claims,interceptions,key_passes,long_balls,long_balls_accurate,passes,passes_accurate,pens_conceded,pens_faced,pens_missed,pens_won,punches,recoveries,saves,saves_inside_box,shootout_goals,shootout_misses,shootout_saves,shots,shots_on_target,tackles,tackles_won,touches,entry_min,exit_min,gf_on,ga_on,entry_state
9786529,2022-01-09,"Africa Cup of Nations, Group A",Cameroon,A,1,2,abdoul-tapsoba,1000129,Abdoul Tapsoba,FW,1,1,0,71,6.4,1,0,0,0,0,0,0,0,0,0,3,1,1,4,0,0,0,0,1,1,5,4,0,0,0,0,0,1,0,0,0,0,0,1,0,0,0,14,0.0,74,1,2,level
9786529,2022-01-09,"Africa Cup of Nations, Group A",Cameroon,A,1,2,aboubacar-sawadogo,866124,Aboubacar Sawadogo,GK,0,0,0,0,,0,0,0,0,0,0,0,0,0,0,0,0,0,0,0,0,0,0,0,0,0,0,0,0,0,0,0,0,0,0,0,0,0,0,0,0,0,0,,,0,0,
9786529,2022-01-09,"Africa Cup of Nations, Group A",Cameroon,A,1,2,adama-guira,139357,Adama Guira,MF,1,1,0,90,7.4,1,0,0,0,0,0,0,0,1,1,4,10,0,1,0,0,1,0,2,0,36,32,0,0,0,0,0,8,0,0,0,0,0,1,1,9,5,52,0.0,98,1,2,level
9786529,2022-01-09,"Africa Cup of Nations, Group A",Cameroon,A,1,2,bertrand-traore,218160,Bertrand Traoré,FW,1,1,1,86,6.5,1,0,0,1,2,5,1,2,8,4,10,6,2,3,0,0,0,1,2,1,19,17,1,0,0,0,0,3,0,0,0,0,0,4,2,0,0,50,0.0,89,1,2,level
9786529,2022-01-09,"Africa Cup of Nations, Group A",Cameroon,A,1,2,blati-toure,806244,Blati Touré,MF,1,1,0,90,6.6,1,0,1,0,0,1,0,3,0,0,7,6,3,2,0,0,3,1,4,3,44,36,0,0,0,0,0,9,0,0,0,0,0,1,0,2,2,61,0.0,98,1,2,level
9786529,2022-01-09,"Africa Cup of Nations, Group A",Cameroon,A,1,2,cyrille-bayala,785876,Cyrille Bayala,FW,1,1,0,71,6.4,1,3,0,0,0,0,0,0,2,1,6,3,0,0,0,0,1,0,1,0,12,9,0,0,0,0,0,3,0,0,0,0,0,0,0,2,1,20,0.0,74,1,2,level
9786529,2022-01-09,"Africa Cup of Nations, Group A",Cameroon,A,1,2,djibril-ouattara,971036,Djibril Ouattara,FW,0,0,0,0,,0,0,0,0,0,0,0,0,0,0,0,0,0,0,0,0,0,0,0,0,0,0,0,0,0,0,0,0,0,0,0,0,0,0,0,0,0,0,,,0,0,
9786529,2022-01-09,"Africa Cup of Nations, Group A",Cameroon,A,1,2,dramane-nikiema,933047,Dramane Nikièma,MF,0,0,0,0,,0,0,0,0,0,0,0,0,0,0,0,0,0,0,0,0,0,0,0,0,0,0,0,0,0,0,0,0,0,0,0,0,0,0,0,0,0,0,,,0,0,
9786529,2022-01-09,"Africa Cup of Nations, Group A",Cameroon,A,1,2,eric-traore,785871,Eric Traoré,FW,0,0,0,0,,0,0,0,0,0,0,0,0,0,0,0,0,0,0,0,0,0,0,0,0,0,0,0,0,0,0,0,0,0,0,0,0,0,0,0,0,0,0,,,0,0,
9786529,2022-01-09,"Africa Cup of Nations, Group A",Cameroon,A,1,2,farid-ouedraogo,1006190,Farid Ouédraogo,GK,0,0,0,0,,0,0,0,0,0,0,0,0,0,0,0,0,0,0,0,0,0,0,0,0,0,0,0,0,0,0,0,0,0,0,0,0,0,0,0,0,0,0,,,0,0,
9786529,2022-01-09,"Africa Cup of Nations, Group A",Cameroon,A,1,2,gustavo-sangare,1019038,Gustavo Sangaré,MF,1,1,0,90,8.1,1,1,0,0,0,2,2,2,2,2,5,8,5,0,1,0,3,4,3,3,20,18,0,0,0,0,0,1,0,0,0,0,0,2,1,1,1,42,0.0,98,1,2,level
9786529,2022-01-09,"Africa Cup of Nations, Group A",Cameroon,A,1,2,hassane-bande,886227,Hassane Bandé,FW,0,1,0,9,6.1,1,1,0,0,0,0,0,1,1,0,4,0,0,1,0,0,0,0,0,0,0,0,0,0,0,0,0,1,0,0,0,0,0,0,0,0,0,3,89,98,0,0,trailing
9786529,2022-01-09,"Africa Cup of Nations, Group A",Cameroon,A,1,2,herve-koffi,867299,Hervé Koffi,GK,1,1,0,90,6,1,0,1,0,0,0,0,0,0,0,1,1,0,0,0,1,0,0,13,4,28,19,0,2,0,0,0,7,2,2,0,0,0,0,0,0,0,35,0.0,98,1,2,level
9786529,2022-01-09,"Africa Cup of Nations, Group A",Cameroon,A,1,2,ismahila-ouedraogo,1099259,Ismahila Ouédraogo,MF,0,0,0,0,,0,0,0,0,0,0,0,0,0,0,0,0,0,0,0,0,0,0,0,0,0,0,0,0,0,0,0,0,0,0,0,0,0,0,0,0,0,0,,,0,0,
9786529,2022-01-09,"Africa Cup of Nations, Group A",Cameroon,A,1,2,issa-kabore,1006189,Issa Kaboré,DF,1,1,0,90,5.8,1,0,0,0,0,5,0,0,3,1,7,2,1,2,0,0,0,1,0,0,18,15,0,0,0,0,0,4,0,0,0,0,0,0,0,0,0,39,0.0,98,1,2,level
9786529,2022-01-09,"Africa Cup of Nations, Group A",Cameroon,A,1,2,issoufou-dayo,364758,Issoufou Dayo,DF,1,1,0,90,6.1,1,1,1,0,5,0,0,0,1,0,5,4,0,2,0,0,2,0,8,3,30,22,1,0,0,0,0,4,0,0,0,0,0,1,1,3,1,44,0.0,98,1,2,level
9786529,2022-01-09,"Africa Cup of Nations, Group A",Cameroon,A,1,2,jean-fiacre-kouame-botue,1102863,Jean Fiacre Kouamé Botué,MF,0,0,0,0,,0,0,0,0,0,0,0,0,0,0,0,0,0,0,0,0,0,0,0,0,0,0,0,0,0,0,0,0,0,0,0,0,0,0,0,0,0,0,,,0,0,
9786529,2022-01-09,"Africa Cup of Nations, Group A",Cameroon,A,1,2,kilian-nikiema,1149858,Kilian Nikiema,GK,0,0,0,0,,0,0,0,0,0,0,0,0,0,0,0,0,0,0,0,0,0,0,0,0,0,0,0,0,0,0,0,0,0,0,0,0,0,0,0,0,0,0,,,0,0,
9786529,2022-01-09,"Africa Cup of Nations, Group A",Cameroon,A,1,2,mohamed-konate,850011,Mohamed Konaté,FW,0,1,0,19,6.7,1,1,1,0,0,0,0,1,0,0,3,1,0,1,0,0,0,1,0,0,2,1,0,0,0,0,0,0,0,0,0,0,0,1,1,0,0,6,74,98,0,0,trailing
9786529,2022-01-09,"Africa Cup of Nations, Group A",Cameroon,A,1,2,patrick-malo,867239,Patrick Malo,DF,1,1,0,90,6.9,1,1,2,0,0,0,0,1,1,1,4,10,3,2,0,0,3,0,5,2,22,15,0,0,0,0,0,3,0,0,0,0,0,0,0,4,3,46,0.0,98,1,2,level
9786529,2022-01-09,"Africa Cup of Nations, Group A",Cameroon,A,1,2,somgogna-hermann-nikiema,895795,Somgogna Hermann Nikiema,DF,0,0,0,0,,0,0,0,0,0,0,0,0,0,0,0,0,0,0,0,0,0,0,0,0,0,0,0,0,0,0,0,0,0,0,0,0,0,0,0,0,0,0,,,0,0,
9786529,2022-01-09,"Africa Cup of Nations, Group A",Cameroon,A,1,2,steeve-yago,174911,Steeve Yago,DF,1,1,0,90,6.1,1,0,1,0,5,0,0,0,0,0,3,1,0,1,0,0,1,0,4,0,32,25,0,0,0,0,0,6,0,0,0,0,0,0,0,0,0,44,0.0,98,1,2,level
9786529,2022-01-09,"Africa Cup of Nations, Group A",Cameroon,A,1,2,zakaria-sanogo,843336,Zakaria Sanogo,FW,0,1,0,19,6.6,1,0,0,0,0,0,0,0,0,0,2,0,0,2,0,0,0,1,0,0,4,3,0,0,0,0,0,0,0,0,0,0,0,0,0,0,0,4,74,98,0,0,trailing
9737692,2022-01-13,"Africa Cup of Nations, Group A",Cabo Verde,A,1,0,abdoul-tapsoba,1000129,Abdoul Tapsoba,FW,1,1,0,69,6.7,1,0,0,0,0,0,0,0,3,2,3,3,1,2,0,0,0,0,0,0,1,0,0,0,0,0,0,1,0,0,0,0,0,1,0,0,0,13,0.0,70,1,0,level
9737692,2022-01-13,"Africa Cup of Nations, Group A",Cabo Verde,A,1,0,aboubacar-sawadogo,866124,Aboubacar Sawadogo,GK,0,0,0,0,,0,0,0,0,0,0,0,0,0,0,0,0,0,0,0,0,0,0,0,0,0,0,0,0,0,0,0,0,0,0,0,0,0,0,0,0,0,0,,,0,0,
9737692,2022-01-13,"Africa Cup of Nations, Group A",Cabo Verde,A,1,0,adama-guira,139357,Adama Guira,MF,1,1,0,90,6.6,1,0,0,0,0,0,0,0,2,1,4,2,0,2,0,0,2,0,2,1,36,30,0,0,0,0,0,8,0,0,0,0,0,0,0,1,1,46,0.0,94,1,0,level
9737692,2022-01-13,"Africa Cup of Nations, Group A",Cabo Verde,A,1,0,blati-toure,806244,Blati Touré,MF,1,1,0,90,7.6,1,2,0,0,0,1,1,0,1,1,4,6,4,2,0,0,2,3,5,4,46,42,0,0,0,0,0,9,0,0,0,0,0,1,0,1,0,65,0.0,94,1,0,level
9737692,2022-01-13,"Africa Cup of Nations, Group A",Cabo Verde,A,1,0,cyrille-bayala,785876,Cyrille Bayala,FW,1,1,0,78,7.2,1,1,3,0,1,0,0,0,5,3,5,11,2,4,0,0,2,1,4,2,20,11,0,0,0,0,0,2,0,0,0,0,0,1,0,3,2,51,0.0,79,1,0,level
9737692,2022-01-13,"Africa Cup of Nations, Group A",Cabo Verde,A,1,0,djibril-ouattara,971036,Djibril Ouattara,FW,0,0,0,0,,0,0,0,0,0,0,0,0,0,0,0,0,0,0,0,0,0,0,0,0,0,0,0,0,0,0,0,0,0,0,0,0,0,0,0,0,0,0,,,0,0,
9737692,2022-01-13,"Africa Cup of Nations, Group A",Cabo Verde,A,1,0,dramane-nikiema,933047,Dramane Nikièma,MF,0,1,0,1,,1,0,0,0,0,0,0,0,0,0,0,0,0,0,0,0,0,0,0,0,1,1,0,0,0,0,0,1,0,0,0,0,0,0,0,0,0,1,92,94,0,0,leading
9737692,2022-01-13,"Africa Cup of Nations, Group A",Cabo Verde,A,1,0,edmond-tapsoba,883262,Edmond Tapsoba,DF,1,1,0,90,7.4,1,0,3,0,3,0,0,0,0,0,0,5,1,0,0,0,0,0,9,5,48,38,0,0,0,0,0,3,0,0,0,0,0,2,1,1,0,55,0.0,94,1,0,level
9737692,2022-01-13,"Africa Cup of Nations, Group A",Cabo Verde,A,1,0,eric-traore,785871,Eric Traoré,FW,0,0,0,0,,0,0,0,0,0,0,0,0,0,0,0,0,0,0,0,0,0,0,0,0,0,0,0,0,0,0,0,0,0,0,0,0,0,0,0,0,0,0,,,0,0,
9737692,2022-01-13,"Africa Cup of Nations, Group A",Cabo Verde,A,1,0,farid-ouedraogo,1006190,Farid Ouédraogo,GK,0,0,0,0,,0,0,0,0,0,0,0,0,0,0,0,0,0,0,0,0,0,0,0,0,0,0,0,0,0,0,0,0,0,0,0,0,0,0,0,0,0,0,,,0,0,
9737692,2022-01-13,"Africa Cup of Nations, Group A",Cabo Verde,A,1,0,gustavo-sangare,1019038,Gustavo Sangaré,MF,1,1,0,69,7.2,1,1,0,0,1,5,2,0,0,0,3,3,3,1,0,0,1,2,3,0,25,12,0,0,0,0,0,5,0,0,0,0,0,2,1,0,0,40,0.0,70,1,0,level
9737692,2022-01-13,"Africa Cup of Nations, Group A",Cabo Verde,A,1,0,hassane-bande,886227,Hassane Bandé,FW,1,1,0,89,6.8,1,2,0,0,0,2,1,0,2,1,10,3,2,4,1,0,2,0,1,0,25,16,0,0,0,0,0,3,0,0,0,0,0,2,2,0,0,40,0.0,92,1,0,level
9737692,2022-01-13,"Africa Cup of Nations, Group A",Cabo Verde,A,1,0,herve-koffi,867299,Hervé Koffi,GK,1,1,0,90,7.6,1,0,1,0,0,0,0,0,0,0,0,1,0,0,0,3,0,0,11,8,32,29,0,0,0,0,0,11,2,2,0,0,0,0,0,0,0,45,0.0,94,1,0,level
9737692,2022-01-13,"Africa Cup of Nations, Group A",Cabo Verde,A,1,0,ismahila-ouedraogo,1099259,Ismahila Ouédraogo,MF,0,1,0,21,6.4,1,0,0,0,0,0,0,0,0,0,2,0,0,2,0,0,0,0,3,1,9,7,0,0,0,0,0,1,0,0,0,0,0,0,0,0,0,9,70,94,0,0,leading
9737692,2022-01-13,"Africa Cup of Nations, Group A",Cabo Verde,A,1,0,issa-kabore,1006189,Issa Kaboré,DF,1,1,0,90,7.1,1,2,1,1,0,4,2,0,8,4,9,7,1,2,0,0,0,1,3,1,39,27,0,0,0,0,0,6,0,0,0,0,0,0,0,1,1,74,0.0,94,1,0,level
9737692,2022-01-13,"Africa Cup of Nations, Group A",Cabo Verde,A,1,0,issoufou-dayo,364758,Issoufou Dayo,DF,1,1,1,90,6.8,1,4,2,0,2,0,0,0,0,0,5,3,0,0,0,0,2,0,4,1,35,30,0,0,0,0,0,1,0,0,0,0,0,0,0,1,0,43,0.0,94,1,0,level
9737692,2022-01-13,"Africa Cup of Nations, Group A",Cabo Verde,A,1,0,jean-fiacre-kouame-botue,1102863,Jean Fiacre Kouamé Botué,MF,0,0,0,0,,0,0,0,0,0,0,0,0,0,0,0,0,0,0,0,0,0,0,0,0,0,0,0,0,0,0,0,0,0,0,0,0,0,0,0,0,0,0,,,0,0,
9737692,2022-01-13,"Africa Cup of Nations, Group A",Cabo Verde,A,1,0,mohamed-konate,850011,Mohamed Konaté,FW,0,1,0,12,6.7,1,2,1,0,0,0,0,1,1,1,3,2,0,0,0,0,0,0,0,0,4,2,0,0,0,0,0,0,0,0,0,0,0,1,0,0,0,9,79,94,0,0,leading
9737692,2022-01-13,"Africa Cup of Nations, Group A",Cabo Verde,A,1,0,oula-traore,1064788,Oula Traoré,DF,0,0,0,0,,0,0,0,0,0,0,0,0,0,0,0,0,0,0,0,0,0,0,0,0,0,0,0,0,0,0,0,0,0,0,0,0,0,0,0,0,0,0,,,0,0,
9737692,2022-01-13,"Africa Cup of Nations, Group A",Cabo Verde,A,1,0,patrick-malo,867239,Patrick Malo,DF,0,0,0,0,,0,0,0,0,0,0,0,0,0,0,0,0,0,0,0,0,0,0,0,0,0,0,0,0,0,0,0,0,0,0,0,0,0,0,0,0,0,0,,,0,0,
9737692,2022-01-13,"Africa Cup of Nations, Group A",Cabo Verde,A,1,0,somgogna-hermann-nikiema,895795,Somgogna Hermann Nikiema,DF,0,0,0,0,,0,0,0,0,0,0,0,0,0,0,0,0,0,0,0,0,0,0,0,0,0,0,0,0,0,0,0,0,0,0,0,0,0,0,0,0,0,0,,,0,0,
9737692,2022-01-13,"Africa Cup of Nations, Group A",Cabo Verde,A,1,0,steeve-yago,174911,Steeve Yago,DF,1,1,0,90,7.5,1,0,1,0,0,0,0,0,0,0,0,4,0,0,0,0,2,1,4,3,32,28,0,0,0,0,0,12,0,0,0,0,0,0,0,3,1,48,0.0,94,1,0,level
9737692,2022-01-13,"Africa Cup of Nations, Group A",Cabo Verde,A,1,0,zakaria-sanogo,843336,Zakaria Sanogo,FW,0,1,0,21,6.6,1,1,0,0,0,0,0,0,1,1,1,3,2,0,0,0,0,0,0,0,5,3,0,0,0,0,0,1,0,0,0,0,0,1,0,0,0,10,70,94,0,0,leading
9737943,2022-01-17,"Africa Cup of Nations, Group A",Ethiopia,H,1,1,abdoul-tapsoba,1000129,Abdoul Tapsoba,FW,0,0,0,0,,0,0,0,0,0,0,0,0,0,0,0,0,0,0,0,0,0,0,0,0,0,0,0,0,0,0,0,0,0,0,0,0,0,0,0,0,0,0,,,0,0,
9737943,2022-01-17,"Africa Cup of Nations, Group A",Ethiopia,H,1,1,aboubacar-sawadogo,866124,Aboubacar Sawadogo,GK,0,0,0,0,,0,0,0,0,0,0,0,0,0,0,0,0,0,0,0,0,0,0,0,0,0,0,0,0,0,0,0,0,0,0,0,0,0,0,0,0,0,0,,,0,0,
9737943,2022-01-17,"Africa Cup of Nations, Group A",Ethiopia,H,1,1,adama-guira,139357,Adama Guira,MF,1,1,0,90,7.2,1,0,0,1,0,0,0,0,0,0,6,3,2,4,0,0,0,1,6,3,40,32,0,0,0,0,0,4,0,0,0,0,0,0,0,1,1,48,0.0,94,1,1,level
9737943,2022-01-17,"Africa Cup of Nations, Group A",Ethiopia,H,1,1,bertrand-traore,218160,Bertrand Traoré,FW,1,1,1,90,6.8,1,1,2,0,1,2,0,2,7,3,9,10,2,2,0,0,1,1,0,0,24,18,0,0,0,0,0,3,0,0,0,0,0,1,0,3,1,51,0.0,94,1,1,level
9737943,2022-01-17,"Africa Cup of Nations, Group A",Ethiopia,H,1,1,blati-toure,806244,Blati Touré,MF,1,1,0,90,6.7,1,0,0,0,0,1,0,1,2,2,4,4,1,3,0,0,1,0,8,2,42,33,0,0,0,0,0,8,0,0,0,0,0,1,0,1,0,61,0.0,94,1,1,level
9737943,2022-01-17,"Africa Cup of Nations, Group A",Ethiopia,H,1,1,cyrille-bayala,785876,Cyrille Bayala,FW,1,1,0,63,7,1,0,2,0,0,1,0,0,4,1,3,3,0,0,1,0,0,0,0,0,15,7,0,0,0,0,0,0,0,0,0,0,0,1,1,0,0,25,0.0,64,1,1,level
9737943,2022-01-17,"Africa Cup of Nations, Group A",Ethiopia,H,1,1,dango-ouattara,1106451,Dango Ouattara,FW,0,1,0,27,6.7,1,0,0,0,0,2,0,0,0,0,0,1,0,0,0,0,0,0,0,0,4,2,0,0,0,0,0,2,0,0,0,0,0,1,0,1,0,9,64,94,0,0,level
9737943,2022-01-17,"Africa Cup of Nations, Group A",Ethiopia,H,1,1,djibril-ouattara,971036,Djibril Ouattara,FW,0,0,0,0,,0,0,0,0,0,0,0,0,0,0,0,0,0,0,0,0,0,0,0,0,0,0,0,0,0,0,0,0,0,0,0,0,0,0,0,0,0,0,,,0,0,
9737943,2022-01-17,"Africa Cup of Nations, Group A",Ethiopia,H,1,1,dramane-nikiema,933047,Dramane Nikièma,MF,0,0,0,0,,0,0,0,0,0,0,0,0,0,0,0,0,0,0,0,0,0,0,0,0,0,0,0,0,0,0,0,0,0,0,0,0,0,0,0,0,0,0,,,0,0,
9737943,2022-01-17,"Africa Cup of Nations, Group A",Ethiopia,H,1,1,edmond-tapsoba,883262,Edmond Tapsoba,DF,1,1,0,90,6.5,1,0,0,0,2,0,0,0,1,0,2,0,0,1,0,0,1,0,12,7,60,48,0,0,0,0,0,11,0,0,0,0,0,0,0,0,0,67,0.0,94,1,1,level
9737943,2022-01-17,"Africa Cup of Nations, Group A",Ethiopia,H,1,1,farid-ouedraogo,1006190,Farid Ouédraogo,GK,1,1,0,90,7.1,1,0,0,0,0,0,0,0,0,0,0,1,1,0,0,0,0,0,10,2,30,22,0,1,0,0,0,6,5,2,0,0,0,0,0,0,0,39,0.0,94,1,1,level
9737943,2022-01-17,"Africa Cup of Nations, Group A",Ethiopia,H,1,1,gustavo-sangare,1019038,Gustavo Sangaré,MF,1,1,0,63,7,1,0,0,0,0,3,1,0,1,1,0,2,0,1,0,0,1,0,3,1,23,17,0,0,0,0,0,4,0,0,0,0,0,1,0,1,0,33,0.0,64,1,1,level
9737943,2022-01-17,"Africa Cup of Nations, Group A",Ethiopia,H,1,1,hassane-bande,886227,Hassane Bandé,FW,1,1,0,76,6.8,1,1,0,0,0,2,0,2,5,4,4,7,1,0,0,0,2,1,1,1,21,17,0,0,0,0,0,4,0,0,0,0,0,1,1,2,1,41,0.0,77,1,1,level
9737943,2022-01-17,"Africa Cup of Nations, Group A",Ethiopia,H,1,1,ismahila-ouedraogo,1099259,Ismahila Ouédraogo,MF,0,1,0,27,6.6,1,0,0,0,0,0,0,0,0,0,1,2,1,1,0,0,0,0,0,0,5,5,0,0,0,0,0,0,0,0,0,0,0,0,0,1,1,8,64,94,0,0,level
9737943,2022-01-17,"Africa Cup of Nations, Group A",Ethiopia,H,1,1,issa-kabore,1006189,Issa Kaboré,DF,1,1,0,90,7.6,1,0,1,0,0,3,0,0,5,4,1,15,2,0,0,0,2,0,1,0,22,16,0,0,0,0,0,8,0,0,0,0,0,0,0,8,5,57,0.0,94,1,1,level
9737943,2022-01-17,"Africa Cup of Nations, Group A",Ethiopia,H,1,1,issoufou-dayo,364758,Issoufou Dayo,DF,1,1,0,90,6.9,1,0,1,0,0,0,0,0,1,1,0,2,0,0,0,0,1,0,14,7,62,47,0,0,0,0,0,6,0,0,0,0,0,0,0,0,0,66,0.0,94,1,1,level
9737943,2022-01-17,"Africa Cup of Nations, Group A",Ethiopia,H,1,1,kilian-nikiema,1149858,Kilian Nikiema,GK,0,0,0,0,,0,0,0,0,0,0,0,0,0,0,0,0,0,0,0,0,0,0,0,0,0,0,0,0,0,0,0,0,0,0,0,0,0,0,0,0,0,0,,,0,0,
9737943,2022-01-17,"Africa Cup of Nations, Group A",Ethiopia,H,1,1,mohamed-konate,850011,Mohamed Konaté,FW,0,0,0,0,,0,0,0,0,0,0,0,0,0,0,0,0,0,0,0,0,0,0,0,0,0,0,0,0,0,0,0,0,0,0,0,0,0,0,0,0,0,0,,,0,0,
9737943,2022-01-17,"Africa Cup of Nations, Group A",Ethiopia,H,1,1,oula-traore,1064788,Oula Traoré,DF,0,0,0,0,,0,0,0,0,0,0,0,0,0,0,0,0,0,0,0,0,0,0,0,0,0,0,0,0,0,0,0,0,0,0,0,0,0,0,0,0,0,0,,,0,0,
9737943,2022-01-17,"Africa Cup of Nations, Group A",Ethiopia,H,1,1,patrick-malo,867239,Patrick Malo,DF,0,0,0,0,,0,0,0,0,0,0,0,0,0,0,0,0,0,0,0,0,0,0,0,0,0,0,0,0,0,0,0,0,0,0,0,0,0,0,0,0,0,0,,,0,0,
9737943,2022-01-17,"Africa Cup of Nations, Group A",Ethiopia,H,1,1,soumaila-ouattara,1083202,Soumaïla Ouattara,DF,0,0,0,0,,0,0,0,0,0,0,0,0,0,0,0,0,0,0,0,0,0,0,0,0,0,0,0,0,0,0,0,0,0,0,0,0,0,0,0,0,0,0,,,0,0,
9737943,2022-01-17,"Africa Cup of Nations, Group A",Ethiopia,H,1,1,steeve-yago,174911,Steeve Yago,DF,1,1,0,90,6.6,1,2,3,0,3,1,0,0,1,1,4,9,4,2,0,0,0,0,1,0,35,27,1,0,0,0,0,9,0,0,0,0,0,0,0,1,1,60,0.0,94,1,1,level
9737943,2022-01-17,"Africa Cup of Nations, Group A",Ethiopia,H,1,1,zakaria-sanogo,843336,Zakaria Sanogo,FW,0,1,0,14,6.6,1,0,0,0,0,0,0,0,0,0,0,0,0,0,0,0,0,0,2,0,4,2,0,0,0,0,0,1,0,0,0,0,0,0,0,0,0,6,77,94,0,0,level
10054216,2022-01-23,"Africa Cup of Nations, Knockout stage",Gabon,H,1,1,abdoul-tapsoba,1000129,Abdoul Tapsoba,FW,0,1,0,31,6.2,1,0,0,0,0,1,0,1,1,1,7,2,1,6,0,0,1,0,0,0,8,6,0,0,0,0,0,1,0,0,0,1,0,1,0,0,0,21,91,125,0,1,leading
10054216,2022-01-23,"Africa Cup of Nations, Knockout stage",Gabon,H,1,1,aboubacar-sawadogo,866124,Aboubacar Sawadogo,GK,0,0,0,0,,0,0,0,0,0,0,0,0,0,0,0,0,0,0,0,0,0,0,0,0,0,0,0,0,0,0,0,0,0,0,0,0,0,0,0,0,0,0,,,0,0,
10054216,2022-01-23,"Africa Cup of Nations, Knockout stage",Gabon,H,1,1,adama-guira,139357,Adama Guira,MF,1,1,0,120,6.7,1,1,2,0,0,1,0,1,1,1,10,9,2,2,0,0,3,1,4,2,37,32,0,0,0,0,0,10,0,0,1,0,0,3,1,4,1,57,0.0,125,1,1,level
10054216,2022-01-23,"Africa Cup of Nations, Knockout stage",Gabon,H,1,1,bertrand-traore,218160,Bertrand Traoré,FW,1,1,1,81,6.4,1,2,3,0,2,1,0,3,3,2,9,5,0,5,1,0,0,0,1,0,15,7,0,0,1,0,0,2,0,0,0,0,0,5,2,0,0,40,0.0,83,1,0,level
10054216,2022-01-23,"Africa Cup of Nations, Knockout stage",Gabon,H,1,1,blati-toure,806244,Blati Touré,MF,1,1,0,114,6,1,0,0,0,1,0,0,1,3,0,10,3,2,4,0,0,2,0,5,4,37,30,0,0,0,0,0,9,0,0,0,0,0,1,1,1,1,56,0.0,119,1,1,level
10054216,2022-01-23,"Africa Cup of Nations, Knockout stage",Gabon,H,1,1,dango-ouattara,1106451,Dango Ouattara,FW,1,1,0,89,7.6,1,0,1,1,1,1,1,0,2,1,5,9,6,1,0,0,2,2,0,0,18,11,0,0,0,0,0,6,0,0,0,0,0,0,0,1,0,36,0.0,91,1,0,level
10054216,2022-01-23,"Africa Cup of Nations, Knockout stage",Gabon,H,1,1,djibril-ouattara,971036,Djibril Ouattara,FW,0,0,0,0,,0,0,0,0,0,0,0,0,0,0,0,0,0,0,0,0,0,0,0,0,0,0,0,0,0,0,0,0,0,0,0,0,0,0,0,0,0,0,,,0,0,
10054216,2022-01-23,"Africa Cup of Nations, Knockout stage",Gabon,H,1,1,dramane-nikiema,933047,Dramane Nikièma,MF,0,0,0,0,,0,0,0,0,0,0,0,0,0,0,0,0,0,0,0,0,0,0,0,0,0,0,0,0,0,0,0,0,0,0,0,0,0,0,0,0,0,0,,,0,0,
10054216,2022-01-23,"Africa Cup of Nations, Knockout stage",Gabon,H,1,1,edmond-tapsoba,883262,Edmond Tapsoba,DF,1,1,0,120,7.4,1,1,1,0,5,0,0,0,0,0,3,7,2,2,0,0,2,0,24,9,51,30,0,0,0,0,0,7,0,0,1,0,0,1,0,4,2,70,0.0,125,1,1,level
10054216,2022-01-23,"Africa Cup of Nations, Knockout stage",Gabon,H,1,1,farid-ouedraogo,1006190,Farid Ouédraogo,GK,0,0,0,0,,0,0,0,0,0,0,0,0,0,0,0,0,0,0,0,0,0,0,0,0,0,0,0,0,0,0,0,0,0,0,0,0,0,0,0,0,0,0,,,0,0,
10054216,2022-01-23,"Africa Cup of Nations, Knockout stage",Gabon,H,1,1,gustavo-sangare,1019038,Gustavo Sangaré,MF,1,1,0,82,6.7,1,0,1,0,0,1,0,1,0,0,4,5,2,1,0,0,1,0,0,0,15,14,0,0,0,0,0,4,0,0,0,0,0,0,0,2,2,29,0.0,84,1,0,level
10054216,2022-01-23,"Africa Cup of Nations, Knockout stage",Gabon,H,1,1,hassane-bande,886227,Hassane Bandé,FW,1,1,0,73,7,1,1,1,0,1,1,0,2,3,2,4,10,2,0,0,0,1,0,1,0,6,4,0,0,0,0,0,3,0,0,0,0,0,0,0,5,5,25,0.0,75,1,0,level
10054216,2022-01-23,"Africa Cup of Nations, Knockout stage",Gabon,H,1,1,herve-koffi,867299,Hervé Koffi,GK,1,1,0,120,7.5,1,0,1,0,0,0,0,0,0,0,0,1,0,0,0,1,0,1,17,9,35,26,0,0,0,0,0,16,3,0,0,0,1,0,0,0,0,44,0.0,125,1,1,level
10054216,2022-01-23,"Africa Cup of Nations, Knockout stage",Gabon,H,1,1,ismahila-ouedraogo,1099259,Ismahila Ouédraogo,MF,0,1,0,6,,1,0,0,0,0,0,0,0,0,0,0,0,0,0,0,0,0,0,0,0,3,2,0,0,0,0,0,1,0,0,1,0,0,1,1,0,0,4,119,125,0,0,level
10054216,2022-01-23,"Africa Cup of Nations, Knockout stage",Gabon,H,1,1,issa-kabore,1006189,Issa Kaboré,DF,1,1,0,120,7,1,0,2,0,1,1,0,1,4,2,6,10,5,2,0,0,1,0,3,1,30,22,0,0,0,1,0,5,0,0,1,0,0,0,0,1,1,71,0.0,125,1,1,level
10054216,2022-01-23,"Africa Cup of Nations, Knockout stage",Gabon,H,1,1,jean-fiacre-kouame-botue,1102863,Jean Fiacre Kouamé Botué,MF,0,0,0,0,,0,0,0,0,0,0,0,0,0,0,0,0,0,0,0,0,0,0,0,0,0,0,0,0,0,0,0,0,0,0,0,0,0,0,0,0,0,0,,,0,0,
10054216,2022-01-23,"Africa Cup of Nations, Knockout stage",Gabon,H,1,1,mohamed-konate,850011,Mohamed Konaté,FW,0,1,0,39,6.8,1,1,3,0,1,0,0,1,0,0,5,4,1,4,0,0,0,0,0,0,9,6,0,0,0,0,0,0,0,0,1,0,0,2,1,0,0,19,83,125,0,1,leading
10054216,2022-01-23,"Africa Cup of Nations, Knockout stage",Gabon,H,1,1,oula-traore,1064788,Oula Traoré,DF,0,0,0,0,,0,0,0,0,0,0,0,0,0,0,0,0,0,0,0,0,0,0,0,0,0,0,0,0,0,0,0,0,0,0,0,0,0,0,0,0,0,0,,,0,0,
10054216,2022-01-23,"Africa Cup of Nations, Knockout stage",Gabon,H,1,1,patrick-malo,867239,Patrick Malo,DF,0,0,0,0,,0,0,0,0,0,0,0,0,0,0,0,0,0,0,0,0,0,0,0,0,0,0,0,0,0,0,0,0,0,0,0,0,0,0,0,0,0,0,,,0,0,
10054216,2022-01-23,"Africa Cup of Nations, Knockout stage",Gabon,H,1,1,saidou-simpore,785883,Saïdou Simporé,DF,0,1,0,38,6.4,1,0,0,0,0,0,0,0,1,1,2,1,0,1,0,0,0,1,8,7,20,17,0,0,0,0,0,3,0,0,0,1,0,0,0,0,0,23,84,125,0,1,leading
10054216,2022-01-23,"Africa Cup of Nations, Knockout stage",Gabon,H,1,1,soumaila-ouattara,1083202,Soumaïla Ouattara,DF,1,1,0,120,6.9,1,5,3,0,6,0,0,0,0,0,6,4,1,1,0,0,1,0,11,3,40,27,0,0,0,0,0,1,0,0,1,0,0,0,0,0,0,51,0.0,125,1,1,level
10054216,2022-01-23,"Africa Cup of Nations, Knockout stage",Gabon,H,1,1,steeve-yago,174911,Steeve Yago,DF,1,1,0,120,7.8,1,1,1,0,2,1,1,0,0,0,3,12,3,0,0,0,2,1,5,3,29,26,0,0,0,0,0,4,0,0,1,0,0,1,1,8,4,55,0.0,125,1,1,level
10054216,2022-01-23,"Africa Cup of Nations, Knockout stage",Gabon,H,1,1,zakaria-sanogo,843336,Zakaria Sanogo,FW,0,1,0,47,7.3,1,0,0,0,0,6,3,0,2,1,2,4,1,2,0,0,2,3,2,1,11,8,0,0,0,0,0,2,0,0,0,0,0,1,0,2,0,31,75,125,0,1,leading
10083099,2022-01-29,"Africa Cup of Nations, Knockout stage",Tunisia,H,1,0,abdoul-tapsoba,1000129,Abdoul Tapsoba,FW,0,0,0,0,,0,0,0,0,0,0,0,0,0,0,0,0,0,0,0,0,0,0,0,0,0,0,0,0,0,0,0,0,0,0,0,0,0,0,0,0,0,0,,,0,0,
10083099,2022-01-29,"Africa Cup of Nations, Knockout stage",Tunisia,H,1,0,aboubacar-sawadogo,866124,Aboubacar Sawadogo,GK,0,0,0,0,,0,0,0,0,0,0,0,0,0,0,0,0,0,0,0,0,0,0,0,0,0,0,0,0,0,0,0,0,0,0,0,0,0,0,0,0,0,0,,,0,0,
10083099,2022-01-29,"Africa Cup of Nations, Knockout stage",Tunisia,H,1,0,adama-guira,139357,Adama Guira,MF,1,1,0,90,6.7,1,2,0,0,2,0,0,0,1,0,5,3,1,1,0,0,1,1,3,1,25,22,0,0,0,0,0,5,0,0,0,0,0,1,0,2,1,39,0.0,97,1,0,level
10083099,2022-01-29,"Africa Cup of Nations, Knockout stage",Tunisia,H,1,0,bertrand-traore,218160,Bertrand Traoré,FW,0,0,0,0,,0,0,0,0,0,0,0,0,0,0,0,0,0,0,0,0,0,0,0,0,0,0,0,0,0,0,0,0,0,0,0,0,0,0,0,0,0,0,,,0,0,
10083099,2022-01-29,"Africa Cup of Nations, Knockout stage",Tunisia,H,1,0,blati-toure,806244,Blati Touré,MF,1,1,0,90,6.9,1,0,0,1,1,0,0,3,1,1,9,6,3,3,0,0,2,1,5,4,32,25,0,0,0,0,0,8,0,0,0,0,0,0,0,2,0,56,0.0,97,1,0,level
10083099,2022-01-29,"Africa Cup of Nations, Knockout stage",Tunisia,H,1,0,cyrille-bayala,785876,Cyrille Bayala,FW,1,1,0,90,6.5,1,4,0,0,1,2,0,1,3,1,8,5,2,1,0,0,2,0,1,0,20,11,0,0,0,0,0,3,0,0,0,0,0,2,2,2,2,41,0.0,97,1,0,level
10083099,2022-01-29,"Africa Cup of Nations, Knockout stage",Tunisia,H,1,0,dango-ouattara,1106451,Dango Ouattara,FW,1,1,0,82,7.2,1,0,2,0,0,5,0,1,0,0,3,5,2,2,1,0,0,1,0,0,13,7,0,0,0,0,0,2,0,0,0,0,0,2,2,1,0,31,0.0,85,1,0,level
10083099,2022-01-29,"Africa Cup of Nations, Knockout stage",Tunisia,H,1,0,djibril-ouattara,971036,Djibril Ouattara,FW,1,1,0,72,7.3,1,3,1,0,3,0,0,0,2,1,4,4,0,0,0,0,1,2,2,1,12,8,0,0,0,0,0,1,0,0,0,0,0,1,1,2,2,24,0.0,75,1,0,level
10083099,2022-01-29,"Africa Cup of Nations, Knockout stage",Tunisia,H,1,0,edmond-tapsoba,883262,Edmond Tapsoba,DF,1,1,0,90,7.2,1,0,1,0,5,0,0,1,3,3,4,6,0,3,0,0,0,1,11,5,38,30,0,0,0,0,0,5,0,0,0,0,0,2,0,2,1,52,0.0,97,1,0,level
10083099,2022-01-29,"Africa Cup of Nations, Knockout stage",Tunisia,H,1,0,farid-ouedraogo,1006190,Farid Ouédraogo,GK,0,0,0,0,,0,0,0,0,0,0,0,0,0,0,0,0,0,0,0,0,0,0,0,0,0,0,0,0,0,0,0,0,0,0,0,0,0,0,0,0,0,0,,,0,0,
10083099,2022-01-29,"Africa Cup of Nations, Knockout stage",Tunisia,H,1,0,gustavo-sangare,1019038,Gustavo Sangaré,MF,1,1,0,90,7.4,1,1,0,0,2,5,2,1,3,2,5,9,3,1,0,0,3,0,3,2,27,22,0,0,0,0,0,5,0,0,0,0,0,1,0,4,2,55,0.0,97,1,0,level
10083099,2022-01-29,"Africa Cup of Nations, Knockout stage",Tunisia,H,1,0,hassane-bande,886227,Hassane Bandé,FW,0,0,0,0,,0,0,0,0,0,0,0,0,0,0,0,0,0,0,0,0,0,0,0,0,0,0,0,0,0,0,0,0,0,0,0,0,0,0,0,0,0,0,,,0,0,
10083099,2022-01-29,"Africa Cup of Nations, Knockout stage",Tunisia,H,1,0,herve-koffi,867299,Hervé Koffi,GK,1,1,1,90,7.4,1,0,0,0,0,0,0,0,0,0,1,1,1,1,0,0,0,0,16,6,32,22,0,0,0,0,0,9,3,0,0,0,0,0,0,0,0,39,0.0,97,1,0,level
10083099,2022-01-29,"Africa Cup of Nations, Knockout stage",Tunisia,H,1,0,ismahila-ouedraogo,1099259,Ismahila Ouédraogo,MF,0,0,0,0,,0,0,0,0,0,0,0,0,0,0,0,0,0,0,0,0,0,0,0,0,0,0,0,0,0,0,0,0,0,0,0,0,0,0,0,0,0,0,,,0,0,
10083099,2022-01-29,"Africa Cup of Nations, Knockout stage",Tunisia,H,1,0,issa-kabore,1006189,Issa Kaboré,DF,1,1,0,90,7,1,0,1,0,2,2,0,0,1,1,2,4,0,1,0,0,0,0,2,1,13,9,0,0,0,0,0,6,0,0,0,0,0,0,0,2,1,29,0.0,97,1,0,level
10083099,2022-01-29,"Africa Cup of Nations, Knockout stage",Tunisia,H,1,0,mohamed-konate,850011,Mohamed Konaté,FW,0,1,0,18,6.4,1,0,0,0,0,0,0,0,0,0,1,0,0,1,0,0,0,0,0,0,4,3,0,0,0,0,0,1,0,0,0,0,0,0,0,0,0,6,75,97,0,0,leading
10083099,2022-01-29,"Africa Cup of Nations, Knockout stage",Tunisia,H,1,0,oula-traore,1064788,Oula Traoré,DF,0,0,0,0,,0,0,0,0,0,0,0,0,0,0,0,0,0,0,0,0,0,0,0,0,0,0,0,0,0,0,0,0,0,0,0,0,0,0,0,0,0,0,,,0,0,
10083099,2022-01-29,"Africa Cup of Nations, Knockout stage",Tunisia,H,1,0,patrick-malo,867239,Patrick Malo,DF,0,0,0,0,,0,0,0,0,0,0,0,0,0,0,0,0,0,0,0,0,0,0,0,0,0,0,0,0,0,0,0,0,0,0,0,0,0,0,0,0,0,0,,,0,0,
10083099,2022-01-29,"Africa Cup of Nations, Knockout stage",Tunisia,H,1,0,saidou-simpore,785883,Saïdou Simporé,DF,0,0,0,0,,0,0,0,0,0,0,0,0,0,0,0,0,0,0,0,0,0,0,0,0,0,0,0,0,0,0,0,0,0,0,0,0,0,0,0,0,0,0,,,0,0,
10083099,2022-01-29,"Africa Cup of Nations, Knockout stage",Tunisia,H,1,0,somgogna-hermann-nikiema,895795,Somgogna Hermann Nikiema,DF,0,0,0,0,,0,0,0,0,0,0,0,0,0,0,0,0,0,0,0,0,0,0,0,0,0,0,0,0,0,0,0,0,0,0,0,0,0,0,0,0,0,0,,,0,0,
10083099,2022-01-29,"Africa Cup of Nations, Knockout stage",Tunisia,H,1,0,soumaila-ouattara,1083202,Soumaïla Ouattara,DF,1,1,0,90,6.9,1,0,1,0,4,0,0,0,1,1,0,3,1,0,0,0,0,0,7,2,25,20,0,0,0,0,0,8,0,0,0,0,0,0,0,0,0,33,0.0,97,1,0,level
10083099,2022-01-29,"Africa Cup of Nations, Knockout stage",Tunisia,H,1,0,steeve-yago,174911,Steeve Yago,DF,1,1,0,90,7.4,1,0,1,0,7,0,0,0,0,0,3,4,1,3,0,0,1,1,3,1,21,14,0,0,0,0,0,4,0,0,0,0,0,1,0,2,1,44,0.0,97,1,0,level
10083099,2022-01-29,"Africa Cup of Nations, Knockout stage",Tunisia,H,1,0,zakaria-sanogo,843336,Zakaria Sanogo,FW,0,0,0,0,,0,0,0,0,0,0,0,0,0,0,0,0,0,0,0,0,0,0,0,0,0,0,0,0,0,0,0,0,0,0,0,0,0,0,0,0,0,0,,,0,0,
10083102,2022-02-02,"Africa Cup of Nations, Knockout stage",Senegal,H,1,3,abdoul-tapsoba,1000129,Abdoul Tapsoba,FW,0,1,0,9,6.5,1,0,0,0,0,1,0,0,0,0,0,0,0,0,0,0,0,0,0,0,3,2,0,0,0,0,0,1,0,0,0,0,0,0,0,0,0,4,87,99,1,1,trailing
10083102,2022-02-02,"Africa Cup of Nations, Knockout stage",Senegal,H,1,3,aboubacar-sawadogo,866124,Aboubacar Sawadogo,GK,0,0,0,0,,0,0,0,0,0,0,0,0,0,0,0,0,0,0,0,0,0,0,0,0,0,0,0,0,0,0,0,0,0,0,0,0,0,0,0,0,0,0,,,0,0,
10083102,2022-02-02,"Africa Cup of Nations, Knockout stage",Senegal,H,1,3,adama-guira,139357,Adama Guira,MF,1,1,0,81,6.3,1,0,0,0,0,0,0,0,1,1,7,2,1,4,0,0,1,1,5,4,27,24,0,0,0,0,0,6,0,0,0,0,0,0,0,0,0,32,0.0,87,0,2,level
10083102,2022-02-02,"Africa Cup of Nations, Knockout stage",Senegal,H,1,3,bertrand-traore,218160,Bertrand Traoré,FW,1,1,1,90,7.2,1,4,2,0,2,2,0,1,2,2,5,7,3,0,0,0,0,1,1,1,27,20,0,0,0,0,0,5,0,0,0,0,0,4,1,0,0,51,0.0,99,1,3,level
10083102,2022-02-02,"Africa Cup of Nations, Knockout stage",Senegal,H,1,3,blati-toure,806244,Blati Touré,MF,1,1,0,90,6.8,1,0,0,0,1,0,0,2,1,1,5,4,2,1,1,0,0,0,5,3,35,29,0,0,0,0,0,4,0,0,0,0,0,2,1,1,1,51,0.0,99,1,3,level
10083102,2022-02-02,"Africa Cup of Nations, Knockout stage",Senegal,H,1,3,cyrille-bayala,785876,Cyrille Bayala,FW,1,1,0,60,6.4,1,1,0,0,0,1,0,0,1,0,6,1,1,3,0,0,2,0,0,0,17,10,0,0,0,0,0,4,0,0,0,0,0,0,0,0,0,26,0.0,66,0,0,level
10083102,2022-02-02,"Africa Cup of Nations, Knockout stage",Senegal,H,1,3,djibril-ouattara,971036,Djibril Ouattara,FW,0,1,0,9,6.4,1,0,0,0,0,0,0,0,0,0,0,0,0,0,0,0,0,0,1,0,1,0,0,0,0,0,0,0,0,0,0,0,0,0,0,0,0,1,87,99,1,1,trailing
10083102,2022-02-02,"Africa Cup of Nations, Knockout stage",Senegal,H,1,3,edmond-tapsoba,883262,Edmond Tapsoba,DF,1,1,0,90,6.8,1,1,0,0,7,0,0,0,0,0,2,1,0,1,0,0,0,0,21,14,54,47,0,0,0,0,0,5,0,0,0,0,0,0,0,1,1,64,0.0,99,1,3,level
10083102,2022-02-02,"Africa Cup of Nations, Knockout stage",Senegal,H,1,3,eric-traore,785871,Eric Traoré,FW,0,0,0,0,,0,0,0,0,0,0,0,0,0,0,0,0,0,0,0,0,0,0,0,0,0,0,0,0,0,0,0,0,0,0,0,0,0,0,0,0,0,0,,,0,0,
10083102,2022-02-02,"Africa Cup of Nations, Knockout stage",Senegal,H,1,3,farid-ouedraogo,1006190,Farid Ouédraogo,GK,0,1,0,54,6,1,0,0,0,1,0,0,0,0,0,0,0,0,0,0,0,0,0,7,1,17,11,0,0,0,0,1,4,2,1,0,0,0,0,0,0,0,22,36,99,1,3,level
10083102,2022-02-02,"Africa Cup of Nations, Knockout stage",Senegal,H,1,3,gustavo-sangare,1019038,Gustavo Sangaré,MF,1,1,0,90,7,1,0,0,0,1,6,2,0,1,1,1,5,1,1,0,0,1,1,5,1,33,25,0,0,0,0,0,4,0,0,0,0,0,1,0,3,1,51,0.0,99,1,3,level
10083102,2022-02-02,"Africa Cup of Nations, Knockout stage",Senegal,H,1,3,hassane-bande,886227,Hassane Bandé,FW,1,1,0,81,6.9,1,2,1,0,0,1,0,1,3,3,6,7,0,3,0,0,0,1,2,1,13,8,0,0,0,0,0,4,0,0,0,0,0,2,1,3,1,34,0.0,87,0,2,level
10083102,2022-02-02,"Africa Cup of Nations, Knockout stage",Senegal,H,1,3,herve-koffi,867299,Hervé Koffi,GK,1,1,0,36,6.8,1,1,0,0,0,0,0,0,0,0,1,0,0,0,0,0,0,0,6,2,14,10,0,0,0,0,0,3,2,1,0,0,0,0,0,0,0,18,0.0,36,0,0,level
10083102,2022-02-02,"Africa Cup of Nations, Knockout stage",Senegal,H,1,3,ismahila-ouedraogo,1099259,Ismahila Ouédraogo,MF,0,0,0,0,,0,0,0,0,0,0,0,0,0,0,0,0,0,0,0,0,0,0,0,0,0,0,0,0,0,0,0,0,0,0,0,0,0,0,0,0,0,0,,,0,0,
10083102,2022-02-02,"Africa Cup of Nations, Knockout stage",Senegal,H,1,3,issa-kabore,1006189,Issa Kaboré,DF,1,1,0,90,6.3,1,0,0,1,0,2,1,2,0,0,5,2,0,2,0,0,0,1,2,1,31,25,0,0,0,0,0,5,0,0,0,0,0,0,0,2,0,54,0.0,99,1,3,level
10083102,2022-02-02,"Africa Cup of Nations, Knockout stage",Senegal,H,1,3,issoufou-dayo,364758,Issoufou Dayo,DF,1,1,0,90,5.8,1,4,1,0,1,0,0,0,0,0,4,2,0,0,0,0,1,0,6,4,35,31,0,0,0,0,0,5,0,0,0,0,0,0,0,1,1,40,0.0,99,1,3,level
10083102,2022-02-02,"Africa Cup of Nations, Knockout stage",Senegal,H,1,3,mohamed-konate,850011,Mohamed Konaté,FW,0,0,0,0,,0,0,0,0,0,0,0,0,0,0,0,0,0,0,0,0,0,0,0,0,0,0,0,0,0,0,0,0,0,0,0,0,0,0,0,0,0,0,,,0,0,
10083102,2022-02-02,"Africa Cup of Nations, Knockout stage",Senegal,H,1,3,oula-traore,1064788,Oula Traoré,DF,0,0,0,0,,0,0,0,0,0,0,0,0,0,0,0,0,0,0,0,0,0,0,0,0,0,0,0,0,0,0,0,0,0,0,0,0,0,0,0,0,0,0,,,0,0,
10083102,2022-02-02,"Africa Cup of Nations, Knockout stage",Senegal,H,1,3,patrick-malo,867239,Patrick Malo,DF,0,0,0,0,,0,0,0,0,0,0,0,0,0,0,0,0,0,0,0,0,0,0,0,0,0,0,0,0,0,0,0,0,0,0,0,0,0,0,0,0,0,0,,,0,0,
10083102,2022-02-02,"Africa Cup of Nations, Knockout stage",Senegal,H,1,3,saidou-simpore,785883,Saïdou Simporé,DF,0,0,0,0,,0,0,0,0,0,0,0,0,0,0,0,0,0,0,0,0,0,0,0,0,0,0,0,0,0,0,0,0,0,0,0,0,0,0,0,0,0,0,,,0,0,
10083102,2022-02-02,"Africa Cup of Nations, Knockout stage",Senegal,H,1,3,soumaila-ouattara,1083202,Soumaïla Ouattara,DF,0,0,0,0,,0,0,0,0,0,0,0,0,0,0,0,0,0,0,0,0,0,0,0,0,0,0,0,0,0,0,0,0,0,0,0,0,0,0,0,0,0,0,,,0,0,
10083102,2022-02-02,"Africa Cup of Nations, Knockout stage",Senegal,H,1,3,steeve-yago,174911,Steeve Yago,DF,1,1,0,90,6.8,1,1,0,0,1,0,0,1,1,1,3,7,2,0,0,0,0,1,6,5,31,25,0,0,0,0,0,7,0,0,0,0,0,0,0,4,2,52,0.0,99,1,3,level
10083102,2022-02-02,"Africa Cup of Nations, Knockout stage",Senegal,H,1,3,zakaria-sanogo,843336,Zakaria Sanogo,FW,0,1,0,30,6.6,1,1,0,0,0,1,0,0,1,1,2,1,0,0,0,0,1,0,1,0,7,6,0,0,0,0,0,3,0,0,0,0,0,1,0,0,0,12,66,99,1,3,level
10083104,2022-02-05,"Africa Cup of Nations, Knockout stage",Cameroon,H,3,3,abdoul-tapsoba,1000129,Abdoul Tapsoba,FW,1,1,0,86,6,1,0,0,0,0,1,0,4,0,0,9,1,0,4,0,0,0,1,1,1,12,9,0,0,0,0,0,2,0,0,0,0,0,3,1,1,1,25,0.0,90,3,2,level
10083104,2022-02-05,"Africa Cup of Nations, Knockout stage",Cameroon,H,3,3,aboubacar-sawadogo,866124,Aboubacar Sawadogo,GK,0,1,0,16,6.5,1,0,0,0,0,0,0,0,0,0,0,0,0,0,0,0,0,0,3,0,3,0,0,0,0,0,0,0,0,0,0,0,0,0,0,0,0,3,98,128,0,0,level
10083104,2022-02-05,"Africa Cup of Nations, Knockout stage",Cameroon,H,3,3,bertrand-traore,218160,Bertrand Traoré,FW,1,1,1,87,6.8,1,1,4,1,1,1,1,2,1,0,5,4,0,1,0,0,0,2,2,2,26,19,0,0,0,0,0,7,0,0,0,0,0,0,0,0,0,36,0.0,91,3,3,level
10083104,2022-02-05,"Africa Cup of Nations, Knockout stage",Cameroon,H,3,3,blati-toure,806244,Blati Touré,MF,1,1,0,92,6.3,1,0,1,0,0,0,0,3,1,1,6,6,1,3,0,0,1,1,1,1,17,14,0,0,0,0,0,5,0,0,0,1,0,0,0,3,3,32,0.0,128,3,3,level
10083104,2022-02-05,"Africa Cup of Nations, Knockout stage",Cameroon,H,3,3,djibril-ouattara,971036,Djibril Ouattara,FW,1,1,0,90,7.2,1,0,2,0,1,1,0,0,0,0,4,4,2,3,1,0,0,1,0,0,9,5,0,0,0,0,0,0,0,0,0,0,0,1,1,0,0,21,0.0,98,3,3,level
10083104,2022-02-05,"Africa Cup of Nations, Knockout stage",Cameroon,H,3,3,dramane-nikiema,933047,Dramane Nikièma,MF,0,0,0,0,,0,0,0,0,0,0,0,0,0,0,0,0,0,0,0,0,0,0,0,0,0,0,0,0,0,0,0,0,0,0,0,0,0,0,0,0,0,0,,,0,0,
10083104,2022-02-05,"Africa Cup of Nations, Knockout stage",Cameroon,H,3,3,edmond-tapsoba,883262,Edmond Tapsoba,DF,1,1,0,92,6.4,1,2,1,0,4,0,0,0,0,0,2,3,1,0,0,0,0,0,9,4,31,25,0,0,0,0,0,5,0,0,0,0,0,1,0,1,0,40,0.0,128,3,3,level
10083104,2022-02-05,"Africa Cup of Nations, Knockout stage",Cameroon,H,3,3,eric-traore,785871,Eric Traoré,FW,0,1,0,23,6.6,1,1,0,0,0,0,0,1,0,0,2,1,0,0,0,0,0,0,0,0,1,0,0,0,0,0,0,1,0,0,0,0,0,2,0,1,1,7,90,128,0,1,leading
10083104,2022-02-05,"Africa Cup of Nations, Knockout stage",Cameroon,H,3,3,farid-ouedraogo,1006190,Farid Ouédraogo,GK,1,1,0,90,6,1,0,2,0,4,0,0,0,0,0,0,2,0,0,0,3,0,0,18,7,28,17,0,0,0,0,4,7,3,3,0,0,0,0,0,0,0,42,0.0,98,3,3,level
10083104,2022-02-05,"Africa Cup of Nations, Knockout stage",Cameroon,H,3,3,gustavo-sangare,1019038,Gustavo Sangaré,MF,1,1,0,92,6.1,1,1,0,0,1,1,0,1,2,1,7,4,0,2,0,0,0,0,4,0,25,20,0,0,0,0,0,5,0,0,0,0,0,1,0,3,2,38,0.0,128,3,3,level
10083104,2022-02-05,"Africa Cup of Nations, Knockout stage",Cameroon,H,3,3,hassane-bande,886227,Hassane Bandé,FW,0,1,0,23,6.4,0,0,0,0,0,0,0,0,0,0,0,0,0,0,0,0,0,0,0,0,0,0,0,0,0,0,0,0,0,0,0,0,0,0,0,0,0,0,91,128,0,0,level
10083104,2022-02-05,"Africa Cup of Nations, Knockout stage",Cameroon,H,3,3,ismahila-ouedraogo,1099259,Ismahila Ouédraogo,MF,1,1,0,92,6.7,1,0,0,0,4,1,0,0,0,0,3,4,1,3,0,0,1,0,2,2,27,23,0,0,0,0,0,3,0,0,0,0,0,0,0,3,3,43,0.0,128,3,3,level
10083104,2022-02-05,"Africa Cup of Nations, Knockout stage",Cameroon,H,3,3,issa-kabore,1006189,Issa Kaboré,DF,1,1,0,92,8.2,1,1,2,1,4,4,2,0,0,0,3,7,3,2,0,0,2,3,6,1,26,20,0,0,0,0,0,6,0,0,1,0,0,0,0,2,2,53,0.0,128,3,3,level
10083104,2022-02-05,"Africa Cup of Nations, Knockout stage",Cameroon,H,3,3,issoufou-dayo,364758,Issoufou Dayo,DF,0,0,0,0,,0,0,0,0,0,0,0,0,0,0,0,0,0,0,0,0,0,0,0,0,0,0,0,0,0,0,0,0,0,0,0,0,0,0,0,0,0,0,,,0,0,
10083104,2022-02-05,"Africa Cup of Nations, Knockout stage",Cameroon,H,3,3,kilian-nikiema,1149858,Kilian Nikiema,GK,0,0,0,0,,0,0,0,0,0,0,0,0,0,0,0,0,0,0,0,0,0,0,0,0,0,0,0,0,0,0,0,0,0,0,0,0,0,0,0,0,0,0,,,0,0,
10083104,2022-02-05,"Africa Cup of Nations, Knockout stage",Cameroon,H,3,3,mohamed-konate,850011,Mohamed Konaté,FW,0,1,0,16,6.6,1,0,0,0,0,0,0,0,0,0,0,1,1,0,0,0,0,0,0,0,0,0,0,0,0,0,0,0,0,0,0,0,0,0,0,0,0,1,98,128,0,0,level
10083104,2022-02-05,"Africa Cup of Nations, Knockout stage",Cameroon,H,3,3,oula-traore,1064788,Oula Traoré,DF,0,0,0,0,,0,0,0,0,0,0,0,0,0,0,0,0,0,0,0,0,0,0,0,0,0,0,0,0,0,0,0,0,0,0,0,0,0,0,0,0,0,0,,,0,0,
10083104,2022-02-05,"Africa Cup of Nations, Knockout stage",Cameroon,H,3,3,patrick-malo,867239,Patrick Malo,DF,0,0,0,0,,0,0,0,0,0,0,0,0,0,0,0,0,0,0,0,0,0,0,0,0,0,0,0,0,0,0,0,0,0,0,0,0,0,0,0,0,0,0,,,0,0,
10083104,2022-02-05,"Africa Cup of Nations, Knockout stage",Cameroon,H,3,3,saidou-simpore,785883,Saïdou Simporé,DF,0,0,0,0,,0,0,0,0,0,0,0,0,0,0,0,0,0,0,0,0,0,0,0,0,0,0,0,0,0,0,0,0,0,0,0,0,0,0,0,0,0,0,,,0,0,
10083104,2022-02-05,"Africa Cup of Nations, Knockout stage",Cameroon,H,3,3,somgogna-hermann-nikiema,895795,Somgogna Hermann Nikiema,DF,0,0,0,0,,0,0,0,0,0,0,0,0,0,0,0,0,0,0,0,0,0,0,0,0,0,0,0,0,0,0,0,0,0,0,0,0,0,0,0,0,0,0,,,0,0,
10083104,2022-02-05,"Africa Cup of Nations, Knockout stage",Cameroon,H,3,3,soumaila-ouattara,1083202,Soumaïla Ouattara,DF,1,1,0,92,6.5,1,4,2,0,0,0,0,0,0,0,4,3,1,0,0,0,0,0,8,5,22,18,0,0,0,0,0,2,0,0,1,0,0,0,0,0,0,25,0.0,128,3,3,level
10083104,2022-02-05,"Africa Cup of Nations, Knockout stage",Cameroon,H,3,3,steeve-yago,174911,Steeve Yago,DF,1,1,0,92,7.1,1,0,1,0,2,0,0,2,0,0,4,5,2,2,1,0,2,0,3,2,18,14,0,0,0,0,0,9,0,0,1,0,0,1,1,2,1,38,0.0,128,3,3,level
10083104,2022-02-05,"Africa Cup of Nations, Knockout stage",Cameroon,H,3,3,zakaria-sanogo,843336,Zakaria Sanogo,FW,0,0,0,0,,0,0,0,0,0,0,0,0,0,0,0,0,0,0,0,0,0,0,0,0,0,0,0,0,0,0,0,0,0,0,0,0,0,0,0,0,0,0,,,0,0,
10151732,2022-03-24,Int. Friendly Games,Kosovo,A,0,5,abdoul-guiebre,915839,Abdoul Guiebre,DF,1,0,0,0,,0,0,0,0,0,0,0,0,0,0,0,0,0,0,0,0,0,0,0,0,0,0,0,0,0,0,0,0,0,0,0,0,0,0,0,0,0,0,0.0,94,0,5,level
10151732,2022-03-24,Int. Friendly Games,Kosovo,A,0,5,abdoul-tapsoba,1000129,Abdoul Tapsoba,FW,0,0,0,0,,0,0,0,0,0,0,0,0,0,0,0,0,0,0,0,0,0,0,0,0,0,0,0,0,0,0,0,0,0,0,0,0,0,0,0,0,0,0,58,94,0,2,trailing
10151732,2022-03-24,Int. Friendly Games,Kosovo,A,0,5,adama-guira,139357,Adama Guira,MF,1,0,0,0,,0,0,0,0,0,0,0,0,0,0,0,0,0,0,0,0,0,0,0,0,0,0,0,0,0,0,0,0,0,0,0,0,0,0,0,0,0,0,0.0,94,0,5,level
10151732,2022-03-24,Int. Friendly Games,Kosovo,A,0,5,bryan-dabo,116623,Bryan Dabo,MF,1,0,0,0,,0,0,0,0,0,0,0,0,0,0,0,0,0,0,0,0,0,0,0,0,0,0,0,0,0,0,0,0,0,0,0,0,0,0,0,0,0,0,0.0,0.0,0,0,level
10151732,2022-03-24,Int. Friendly Games,Kosovo,A,0,5,cedric-badolo,989361,Cedric Badolo,MF,0,0,0,0,,0,0,0,0,0,0,0,0,0,0,0,0,0,0,0,0,0,0,0,0,0,0,0,0,0,0,0,0,0,0,0,0,0,0,0,0,0,0,66,94,0,2,trailing
10151732,2022-03-24,Int. Friendly Games,Kosovo,A,0,5,cyrille-bayala,785876,Cyrille Bayala,FW,1,0,0,0,,0,0,0,0,0,0,0,0,0,0,0,0,0,0,0,0,0,0,0,0,0,0,0,0,0,0,0,0,0,0,0,0,0,0,0,0,0,0,0.0,67,0,3,level
10151732,2022-03-24,Int. Friendly Games,Kosovo,A,0,5,dango-ouattara,1106451,Dango Ouattara,FW,1,0,0,0,,0,0,0,0,0,0,0,0,0,0,0,0,0,0,0,0,0,0,0,0,0,0,0,0,0,0,0,0,0,0,0,0,0,0,0,0,0,0,0.0,94,0,5,level
10151732,2022-03-24,Int. Friendly Games,Kosovo,A,0,5,djibril-ouattara,971036,Djibril Ouattara,FW,1,0,0,0,,0,0,0,0,0,0,0,0,0,0,0,0,0,0,0,0,0,0,0,0,0,0,0,0,0,0,0,0,0,0,0,0,0,0,0,0,0,0,0.0,58,0,3,level
10151732,2022-03-24,Int. Friendly Games,Kosovo,A,0,5,edmond-tapsoba,883262,Edmond Tapsoba,DF,1,0,0,0,,0,0,0,0,0,0,0,0,0,0,0,0,0,0,0,0,0,0,0,0,0,0,0,0,0,0,0,0,0,0,0,0,0,0,0,0,0,0,0.0,94,0,5,level
10151732,2022-03-24,Int. Friendly Games,Kosovo,A,0,5,faissal-zangre,966888,Faissal Zangre,FW,0,0,0,0,,0,0,0,0,0,0,0,0,0,0,0,0,0,0,0,0,0,0,0,0,0,0,0,0,0,0,0,0,0,0,0,0,0,0,0,0,0,0,,,0,0,
10151732,2022-03-24,Int. Friendly Games,Kosovo,A,0,5,farid-ouedraogo,1006190,Farid Ouédraogo,GK,1,0,0,0,,0,0,0,0,0,0,0,0,0,0,0,0,0,0,0,0,0,0,0,0,0,0,0,0,0,0,0,0,0,0,0,0,0,0,0,0,0,0,0.0,94,0,5,level
10151732,2022-03-24,Int. Friendly Games,Kosovo,A,0,5,gustavo-sangare,1019038,Gustavo Sangaré,MF,1,0,0,0,,0,0,0,0,0,0,0,0,0,0,0,0,0,0,0,0,0,0,0,0,0,0,0,0,0,0,0,0,0,0,0,0,0,0,0,0,0,0,0.0,86,0,5,level
10151732,2022-03-24,Int. Friendly Games,Kosovo,A,0,5,hassane-bande,886227,Hassane Bandé,FW,0,0,0,0,,0,0,0,0,0,0,0,0,0,0,0,0,0,0,0,0,0,0,0,0,0,0,0,0,0,0,0,0,0,0,0,0,0,0,0,0,0,0,67,94,0,2,trailing
10151732,2022-03-24,Int. Friendly Games,Kosovo,A,0,5,ismahila-ouedraogo,1099259,Ismahila Ouédraogo,MF,0,0,0,0,,0,0,0,0,0,0,0,0,0,0,0,0,0,0,0,0,0,0,0,0,0,0,0,0,0,0,0,0,0,0,0,0,0,0,0,0,0,0,,,0,0,
10151732,2022-03-24,Int. Friendly Games,Kosovo,A,0,5,joffrey-bazie,1103414,Joffrey Bazié,FW,0,0,0,0,,0,0,0,0,0,0,0,0,0,0,0,0,0,0,0,0,0,0,0,0,0,0,0,0,0,0,0,0,0,0,0,0,0,0,0,0,0,0,,,0,0,
10151732,2022-03-24,Int. Friendly Games,Kosovo,A,0,5,kilian-nikiema,1149858,Kilian Nikiema,GK,0,0,0,0,,0,0,0,0,0,0,0,0,0,0,0,0,0,0,0,0,0,0,0,0,0,0,0,0,0,0,0,0,0,0,0,0,0,0,0,0,0,0,,,0,0,
10151732,2022-03-24,Int. Friendly Games,Kosovo,A,0,5,mamady-bangre,994867,Mamady Bangré,FW,0,0,0,0,,0,0,0,0,0,0,0,0,0,0,0,0,0,0,0,0,0,0,0,0,0,0,0,0,0,0,0,0,0,0,0,0,0,0,0,0,0,0,86,94,0,0,trailing
10151732,2022-03-24,Int. Friendly Games,Kosovo,A,0,5,nasser-djiga,1127169,Nasser Djiga,DF,0,0,0,0,,0,0,0,0,0,0,0,0,0,0,0,0,0,0,0,0,0,0,0,0,0,0,0,0,0,0,0,0,0,0,0,0,0,0,0,0,0,0,86,94,0,0,trailing
10151732,2022-03-24,Int. Friendly Games,Kosovo,A,0,5,soumaila-ouattara,1083202,Soumaïla Ouattara,DF,1,0,0,0,,0,0,0,0,0,0,0,0,0,0,0,0,0,0,0,0,0,0,0,0,0,0,0,0,0,0,0,0,0,0,0,0,0,0,0,0,0,0,0.0,94,0,5,level
10151732,2022-03-24,Int. Friendly Games,Kosovo,A,0,5,steeve-yago,174911,Steeve Yago,DF,1,0,0,0,,0,0,0,0,0,0,0,0,0,0,0,0,0,0,0,0,0,0,0,0,0,0,0,0,0,0,0,0,0,0,0,0,0,0,0,0,0,0,0.0,86,0,5,level
10151732,2022-03-24,Int. Friendly Games,Kosovo,A,0,5,trova-boni,919990,Trova Boni,DF,0,0,0,0,,0,0,0,0,0,0,0,0,0,0,0,0,0,0,0,0,0,0,0,0,0,0,0,0,0,0,0,0,0,0,0,0,0,0,0,0,0,0,,,0,0,
10152235,2022-03-29,Int. Friendly Games,Belgium,A,0,3,abdel-rachid-zagre,1103418,Abdel Rachid Zagré,FW,0,0,0,0,,0,0,0,0,0,0,0,0,0,0,0,0,0,0,0,0,0,0,0,0,0,0,0,0,0,0,0,0,0,0,0,0,0,0,0,0,0,0,89,93,0,0,trailing
10152235,2022-03-29,Int. Friendly Games,Belgium,A,0,3,abdoul-guiebre,915839,Abdoul Guiebre,DF,1,0,0,0,,0,0,0,0,0,0,0,0,0,0,0,0,0,0,0,0,0,0,0,0,0,0,0,0,0,0,0,0,0,0,0,0,0,0,0,0,0,0,0.0,93,0,3,level
10152235,2022-03-29,Int. Friendly Games,Belgium,A,0,3,abou-ouattara,920754,Abou Ouattara,MF,0,0,0,0,,0,0,0,0,0,0,0,0,0,0,0,0,0,0,0,0,0,0,0,0,0,0,0,0,0,0,0,0,0,0,0,0,0,0,0,0,0,0,79,93,0,0,trailing
10152235,2022-03-29,Int. Friendly Games,Belgium,A,0,3,adama-guira,139357,Adama Guira,MF,1,0,0,0,,0,0,0,0,0,0,0,0,0,0,0,0,0,0,0,0,0,0,0,0,0,0,0,0,0,0,0,0,0,0,0,0,0,0,0,0,0,0,0.0,93,0,3,level
10152235,2022-03-29,Int. Friendly Games,Belgium,A,0,3,bertrand-traore,218160,Bertrand Traoré,FW,1,0,0,0,,0,0,0,0,0,0,0,0,0,0,0,0,0,0,0,0,0,0,0,0,0,0,0,0,0,0,0,0,0,0,0,0,0,0,0,0,0,0,0.0,79,0,3,level
10152235,2022-03-29,Int. Friendly Games,Belgium,A,0,3,blati-toure,806244,Blati Touré,MF,1,0,0,0,,0,0,0,0,0,0,0,0,0,0,0,0,0,0,0,0,0,0,0,0,0,0,0,0,0,0,0,0,0,0,0,0,0,0,0,0,0,0,0.0,93,0,3,level
10152235,2022-03-29,Int. Friendly Games,Belgium,A,0,3,cedric-badolo,989361,Cedric Badolo,MF,0,0,0,0,,0,0,0,0,0,0,0,0,0,0,0,0,0,0,0,0,0,0,0,0,0,0,0,0,0,0,0,0,0,0,0,0,0,0,0,0,0,0,59,93,0,1,trailing
10152235,2022-03-29,Int. Friendly Games,Belgium,A,0,3,cyrille-bayala,785876,Cyrille Bayala,FW,1,0,0,0,,0,0,0,0,0,0,0,0,0,0,0,0,0,0,0,0,0,0,0,0,0,0,0,0,0,0,0,0,0,0,0,0,0,0,0,0,0,0,0.0,59,0,2,level
10152235,2022-03-29,Int. Friendly Games,Belgium,A,0,3,dango-ouattara,1106451,Dango Ouattara,FW,1,0,0,0,,0,0,0,0,0,0,0,0,0,0,0,0,0,0,0,0,0,0,0,0,0,0,0,0,0,0,0,0,0,0,0,0,0,0,0,0,0,0,0.0,89,0,3,level
10152235,2022-03-29,Int. Friendly Games,Belgium,A,0,3,djibril-ouattara,971036,Djibril Ouattara,FW,0,0,0,0,,0,0,0,0,0,0,0,0,0,0,0,0,0,0,0,0,0,0,0,0,0,0,0,0,0,0,0,0,0,0,0,0,0,0,0,0,0,0,,,0,0,
10152235,2022-03-29,Int. Friendly Games,Belgium,A,0,3,edmond-tapsoba,883262,Edmond Tapsoba,DF,1,0,0,0,,0,0,0,0,0,0,0,0,0,0,0,0,0,0,0,0,0,0,0,0,0,0,0,0,0,0,0,0,0,0,0,0,0,0,0,0,0,0,0.0,93,0,3,level
10152235,2022-03-29,Int. Friendly Games,Belgium,A,0,3,gustavo-sangare,1019038,Gustavo Sangaré,MF,1,0,0,0,,0,0,0,0,0,0,0,0,0,0,0,0,0,0,0,0,0,0,0,0,0,0,0,0,0,0,0,0,0,0,0,0,0,0,0,0,0,0,0.0,59,0,2,level
10152235,2022-03-29,Int. Friendly Games,Belgium,A,0,3,hassane-bande,886227,Hassane Bandé,FW,0,0,0,0,,0,0,0,0,0,0,0,0,0,0,0,0,0,0,0,0,0,0,0,0,0,0,0,0,0,0,0,0,0,0,0,0,0,0,0,0,0,0,,,0,0,
10152235,2022-03-29,Int. Friendly Games,Belgium,A,0,3,herve-koffi,867299,Hervé Koffi,GK,1,0,0,0,,0,0,0,0,0,0,0,0,0,0,0,0,0,0,0,0,0,0,0,0,0,0,0,0,0,0,0,0,0,0,0,0,0,0,0,0,0,0,0.0,93,0,3,level
10152235,2022-03-29,Int. Friendly Games,Belgium,A,0,3,ismahila-ouedraogo,1099259,Ismahila Ouédraogo,MF,0,0,0,0,,0,0,0,0,0,0,0,0,0,0,0,0,0,0,0,0,0,0,0,0,0,0,0,0,0,0,0,0,0,0,0,0,0,0,0,0,0,0,,,0,0,
10152235,2022-03-29,Int. Friendly Games,Belgium,A,0,3,issoufou-dayo,364758,Issoufou Dayo,DF,1,0,0,0,,0,0,0,0,0,0,0,0,0,0,0,0,0,0,0,0,0,0,0,0,0,0,0,0,0,0,0,0,0,0,0,0,0,0,0,0,0,0,0.0,89,0,3,level
10152235,2022-03-29,Int. Friendly Games,Belgium,A,0,3,joffrey-bazie,1103414,Joffrey Bazié,FW,0,0,0,0,,0,0,0,0,0,0,0,0,0,0,0,0,0,0,0,0,0,0,0,0,0,0,0,0,0,0,0,0,0,0,0,0,0,0,0,0,0,0,79,93,0,0,trailing
10152235,2022-03-29,Int. Friendly Games,Belgium,A,0,3,nasser-djiga,1127169,Nasser Djiga,DF,0,0,0,0,,0,0,0,0,0,0,0,0,0,0,0,0,0,0,0,0,0,0,0,0,0,0,0,0,0,0,0,0,0,0,0,0,0,0,0,0,0,0,89,93,0,0,trailing
10152235,2022-03-29,Int. Friendly Games,Belgium,A,0,3,nourdine-balora,1089813,Nourdine Balora,GK,0,0,0,0,,0,0,0,0,0,0,0,0,0,0,0,0,0,0,0,0,0,0,0,0,0,0,0,0,0,0,0,0,0,0,0,0,0,0,0,0,0,0,,,0,0,
10152235,2022-03-29,Int. Friendly Games,Belgium,A,0,3,oula-traore,1064788,Oula Traoré,DF,0,0,0,0,,0,0,0,0,0,0,0,0,0,0,0,0,0,0,0,0,0,0,0,0,0,0,0,0,0,0,0,0,0,0,0,0,0,0,0,0,0,0,,,0,0,
10152235,2022-03-29,Int. Friendly Games,Belgium,A,0,3,somgogna-hermann-nikiema,895795,Somgogna Hermann Nikiema,DF,0,0,0,0,,0,0,0,0,0,0,0,0,0,0,0,0,0,0,0,0,0,0,0,0,0,0,0,0,0,0,0,0,0,0,0,0,0,0,0,0,0,0,,,0,0,
10152235,2022-03-29,Int. Friendly Games,Belgium,A,0,3,steeve-yago,174911,Steeve Yago,DF,1,0,0,0,,0,0,0,0,0,0,0,0,0,0,0,0,0,0,0,0,0,0,0,0,0,0,0,0,0,0,0,0,0,0,0,0,0,0,0,0,0,0,0.0,79,0,3,level
10152235,2022-03-29,Int. Friendly Games,Belgium,A,0,3,stephane-aziz-ki,865473,Stephane Aziz Ki,MF,0,0,0,0,,0,0,0,0,0,0,0,0,0,0,0,0,0,0,0,0,0,0,0,0,0,0,0,0,0,0,0,0,0,0,0,0,0,0,0,0,0,0,59,93,0,1,trailing
10339110,2022-06-03,"Africa Cup of Nations, Qualification, Group B",Cabo Verde,H,2,0,abdoul-bandaogo,1089464,Abdoul Bandaogo,MF,1,1,0,90,7.2,1,1,0,0,2,0,0,0,0,0,3,8,4,2,0,0,2,0,7,3,49,39,0,0,0,0,0,4,0,0,0,0,0,0,0,4,2,66,0.0,94,2,0,level
10339110,2022-06-03,"Africa Cup of Nations, Qualification, Group B",Cabo Verde,H,2,0,abdoul-guiebre,915839,Abdoul Guiebre,DF,1,1,0,90,6.6,1,0,1,0,2,4,1,0,7,2,5,6,2,0,0,0,0,0,1,0,34,31,0,0,0,0,0,6,0,0,0,0,0,0,0,1,0,68,0.0,94,2,0,level
10339110,2022-06-03,"Africa Cup of Nations, Qualification, Group B",Cabo Verde,H,2,0,abdoul-tapsoba,1000129,Abdoul Tapsoba,FW,1,1,0,30,6.5,1,0,0,0,0,0,0,1,0,0,1,0,0,0,0,0,0,1,0,0,3,2,0,0,0,0,0,0,0,0,0,0,0,0,0,0,0,4,0.0,30,0,0,level
10339110,2022-06-03,"Africa Cup of Nations, Qualification, Group B",Cabo Verde,H,2,0,abdul-meyker-yabre,309324,Abdul Meyker Yabre,MF,0,0,0,0,,0,0,0,0,0,0,0,0,0,0,0,0,0,0,0,0,0,0,0,0,0,0,0,0,0,0,0,0,0,0,0,0,0,0,0,0,0,0,,,0,0,
10339110,2022-06-03,"Africa Cup of Nations, Qualification, Group B",Cabo Verde,H,2,0,aboubacar-sawadogo,866124,Aboubacar Sawadogo,GK,0,0,0,0,,0,0,0,0,0,0,0,0,0,0,0,0,0,0,0,0,0,0,0,0,0,0,0,0,0,0,0,0,0,0,0,0,0,0,0,0,0,0,,,0,0,
10339110,2022-06-03,"Africa Cup of Nations, Qualification, Group B",Cabo Verde,H,2,0,blati-toure,806244,Blati Touré,MF,1,1,0,88,6.5,1,2,1,0,0,0,0,2,2,2,8,8,5,2,0,0,0,0,3,0,58,49,0,0,0,0,0,4,0,0,0,0,0,2,1,0,0,73,0.0,89,2,0,level
10339110,2022-06-03,"Africa Cup of Nations, Qualification, Group B",Cabo Verde,H,2,0,cedric-badolo,989361,Cedric Badolo,MF,0,1,0,9,6.5,1,0,0,0,0,0,0,0,0,0,0,0,0,0,0,0,0,0,0,0,8,7,0,0,0,0,0,2,0,0,0,0,0,1,0,0,0,9,82,94,1,0,leading
10339110,2022-06-03,"Africa Cup of Nations, Qualification, Group B",Cabo Verde,H,2,0,cheick-omar-ouedraogo,1382151,Cheick Omar Ouedraogo,DF,0,0,0,0,,0,0,0,0,0,0,0,0,0,0,0,0,0,0,0,0,0,0,0,0,0,0,0,0,0,0,0,0,0,0,0,0,0,0,0,0,0,0,,,0,0,
10339110,2022-06-03,"Africa Cup of Nations, Qualification, Group B",Cabo Verde,H,2,0,cyrille-bayala,785876,Cyrille Bayala,FW,1,1,0,81,6.8,1,1,0,0,0,2,0,3,5,2,7,6,2,0,0,0,0,2,1,1,26,24,0,0,0,0,0,8,0,0,0,0,0,1,0,2,1,48,0.0,82,1,0,level
10339110,2022-06-03,"Africa Cup of Nations, Qualification, Group B",Cabo Verde,H,2,0,dango-ouattara,1106451,Dango Ouattara,FW,1,1,0,90,9.2,1,2,1,1,0,4,1,2,4,3,6,8,2,1,1,0,2,4,0,0,23,18,0,0,0,0,0,5,0,0,0,0,0,5,1,2,1,45,0.0,94,2,0,level
10339110,2022-06-03,"Africa Cup of Nations, Qualification, Group B",Cabo Verde,H,2,0,edmond-tapsoba,883262,Edmond Tapsoba,DF,1,1,0,90,6.6,1,0,0,0,1,0,0,0,0,0,2,0,0,2,0,0,0,0,9,4,59,52,0,0,0,0,0,6,0,0,0,0,0,1,0,0,0,63,0.0,94,2,0,level
10339110,2022-06-03,"Africa Cup of Nations, Qualification, Group B",Cabo Verde,H,2,0,gustavo-sangare,1019038,Gustavo Sangaré,MF,1,1,0,81,6.7,1,1,0,0,0,1,0,0,3,2,3,2,0,0,0,0,0,0,2,2,30,26,0,0,0,0,0,3,0,0,0,0,0,1,0,0,0,40,0.0,82,1,0,level
10339110,2022-06-03,"Africa Cup of Nations, Qualification, Group B",Cabo Verde,H,2,0,hassane-bande,886227,Hassane Bandé,FW,0,1,0,60,7.2,1,1,1,0,0,1,1,1,5,3,8,4,0,3,1,0,0,2,0,0,21,16,0,0,0,0,0,4,0,0,0,0,0,2,1,0,0,36,30,94,2,0,level
10339110,2022-06-03,"Africa Cup of Nations, Qualification, Group B",Cabo Verde,H,2,0,herve-koffi,867299,Hervé Koffi,GK,1,1,0,90,7.1,1,0,0,0,0,0,0,0,0,0,0,0,0,0,0,0,0,0,10,2,21,13,0,0,0,0,0,13,1,0,0,0,0,0,0,0,0,28,0.0,94,2,0,level
10339110,2022-06-03,"Africa Cup of Nations, Qualification, Group B",Cabo Verde,H,2,0,ismahila-ouedraogo,1099259,Ismahila Ouédraogo,MF,0,1,0,9,6.6,1,0,0,0,0,0,0,0,0,0,2,0,0,2,0,0,0,0,1,1,7,6,0,0,0,0,0,2,0,0,0,0,0,0,0,0,0,8,82,94,1,0,leading
10339110,2022-06-03,"Africa Cup of Nations, Qualification, Group B",Cabo Verde,H,2,0,issa-kabore,1006189,Issa Kaboré,DF,1,1,0,90,7.5,1,0,0,1,0,4,1,0,2,1,3,2,1,1,0,0,0,2,4,2,36,31,0,0,0,0,0,6,0,0,0,0,0,1,0,0,0,67,0.0,94,2,0,level
10339110,2022-06-03,"Africa Cup of Nations, Qualification, Group B",Cabo Verde,H,2,0,issoufou-dayo,364758,Issoufou Dayo,DF,1,1,1,90,7.6,1,0,2,0,5,0,0,0,0,0,0,3,0,0,0,0,3,0,5,3,47,42,0,0,0,0,0,4,0,0,0,0,0,0,0,1,1,58,0.0,94,2,0,level
10339110,2022-06-03,"Africa Cup of Nations, Qualification, Group B",Cabo Verde,H,2,0,kilian-nikiema,1149858,Kilian Nikiema,GK,0,0,0,0,,0,0,0,0,0,0,0,0,0,0,0,0,0,0,0,0,0,0,0,0,0,0,0,0,0,0,0,0,0,0,0,0,0,0,0,0,0,0,,,0,0,
10339110,2022-06-03,"Africa Cup of Nations, Qualification, Group B",Cabo Verde,H,2,0,mohamed-ouattara,899012,Mohamed Ouattara,FW,0,0,0,0,,0,0,0,0,0,0,0,0,0,0,0,0,0,0,0,0,0,0,0,0,0,0,0,0,0,0,0,0,0,0,0,0,0,0,0,0,0,0,,,0,0,
10339110,2022-06-03,"Africa Cup of Nations, Qualification, Group B",Cabo Verde,H,2,0,ousseni-bouda,983282,Ousseni Bouda,FW,0,0,0,0,,0,0,0,0,0,0,0,0,0,0,0,0,0,0,0,0,0,0,0,0,0,0,0,0,0,0,0,0,0,0,0,0,0,0,0,0,0,0,,,0,0,
10339110,2022-06-03,"Africa Cup of Nations, Qualification, Group B",Cabo Verde,H,2,0,soumaila-ouattara,1083202,Soumaïla Ouattara,DF,0,0,0,0,,0,0,0,0,0,0,0,0,0,0,0,0,0,0,0,0,0,0,0,0,0,0,0,0,0,0,0,0,0,0,0,0,0,0,0,0,0,0,,,0,0,
10339110,2022-06-03,"Africa Cup of Nations, Qualification, Group B",Cabo Verde,H,2,0,steeve-yago,174911,Steeve Yago,DF,0,0,0,0,,0,0,0,0,0,0,0,0,0,0,0,0,0,0,0,0,0,0,0,0,0,0,0,0,0,0,0,0,0,0,0,0,0,0,0,0,0,0,,,0,0,
10339110,2022-06-03,"Africa Cup of Nations, Qualification, Group B",Cabo Verde,H,2,0,stephane-aziz-ki,865473,Stephane Aziz Ki,MF,0,1,0,2,,1,0,1,0,0,0,0,0,0,0,1,1,0,0,0,0,0,0,0,0,3,2,0,0,0,0,0,0,0,0,0,0,0,0,0,0,0,3,89,94,0,0,leading
10339120,2022-06-07,"Africa Cup of Nations, Qualification, Group B",Eswatini,A,3,1,abdoul-bandaogo,1089464,Abdoul Bandaogo,MF,1,1,0,90,6.8,1,0,1,0,5,0,0,1,0,0,3,2,0,2,0,0,0,0,3,3,61,57,0,0,0,0,0,7,0,0,0,0,0,1,1,1,1,75,0.0,94,3,1,level
10339120,2022-06-07,"Africa Cup of Nations, Qualification, Group B",Eswatini,A,3,1,abdoul-guiebre,915839,Abdoul Guiebre,DF,1,1,0,90,6.9,1,0,2,0,3,3,2,0,1,0,6,7,2,4,0,0,1,1,2,2,43,40,0,0,0,0,0,4,0,0,0,0,0,1,0,3,3,77,0.0,94,3,1,level
10339120,2022-06-07,"Africa Cup of Nations, Qualification, Group B",Eswatini,A,3,1,abdoul-yoda,1065760,Abdoul Yoda,MF,0,0,0,0,,0,0,0,0,0,0,0,0,0,0,0,0,0,0,0,0,0,0,0,0,0,0,0,0,0,0,0,0,0,0,0,0,0,0,0,0,0,0,,,0,0,
10339120,2022-06-07,"Africa Cup of Nations, Qualification, Group B",Eswatini,A,3,1,abdul-meyker-yabre,309324,Abdul Meyker Yabre,MF,0,0,0,0,,0,0,0,0,0,0,0,0,0,0,0,0,0,0,0,0,0,0,0,0,0,0,0,0,0,0,0,0,0,0,0,0,0,0,0,0,0,0,,,0,0,
10339120,2022-06-07,"Africa Cup of Nations, Qualification, Group B",Eswatini,A,3,1,aboubacar-sawadogo,866124,Aboubacar Sawadogo,GK,0,0,0,0,,0,0,0,0,0,0,0,0,0,0,0,0,0,0,0,0,0,0,0,0,0,0,0,0,0,0,0,0,0,0,0,0,0,0,0,0,0,0,,,0,0,
10339120,2022-06-07,"Africa Cup of Nations, Qualification, Group B",Eswatini,A,3,1,blati-toure,806244,Blati Touré,MF,1,1,0,90,7.5,1,0,1,1,0,0,0,0,0,0,1,5,1,1,0,0,0,1,4,2,46,40,0,0,0,0,0,7,0,0,0,0,0,1,0,3,1,58,0.0,94,3,1,level
10339120,2022-06-07,"Africa Cup of Nations, Qualification, Group B",Eswatini,A,3,1,cedric-badolo,989361,Cedric Badolo,MF,0,1,0,27,6.9,1,0,0,1,0,0,0,0,0,0,0,2,2,0,0,0,0,2,0,0,9,8,0,0,0,0,0,2,0,0,0,0,0,1,0,0,0,13,64,94,3,1,level
10339120,2022-06-07,"Africa Cup of Nations, Qualification, Group B",Eswatini,A,3,1,cheick-omar-ouedraogo,1382151,Cheick Omar Ouedraogo,DF,0,0,0,0,,0,0,0,0,0,0,0,0,0,0,0,0,0,0,0,0,0,0,0,0,0,0,0,0,0,0,0,0,0,0,0,0,0,0,0,0,0,0,,,0,0,
10339120,2022-06-07,"Africa Cup of Nations, Qualification, Group B",Eswatini,A,3,1,cyrille-bayala,785876,Cyrille Bayala,FW,1,1,0,63,6.7,1,0,0,0,2,0,0,1,2,1,3,3,2,0,0,0,1,0,1,0,21,13,0,0,0,0,0,4,0,0,0,0,0,2,0,0,0,35,0.0,64,0,0,level
10339120,2022-06-07,"Africa Cup of Nations, Qualification, Group B",Eswatini,A,3,1,dango-ouattara,1106451,Dango Ouattara,FW,1,1,0,90,8.9,1,0,1,0,0,3,0,2,3,1,5,7,4,1,2,0,0,5,2,2,29,20,0,0,0,0,0,5,0,0,0,0,0,2,2,1,1,49,0.0,94,3,1,level
10339120,2022-06-07,"Africa Cup of Nations, Qualification, Group B",Eswatini,A,3,1,edmond-tapsoba,883262,Edmond Tapsoba,DF,1,1,0,90,6.5,1,1,1,0,3,0,0,1,3,0,7,3,0,2,0,0,0,0,13,8,80,73,0,0,0,0,0,5,0,0,0,0,0,1,0,2,1,92,0.0,94,3,1,level
10339120,2022-06-07,"Africa Cup of Nations, Qualification, Group B",Eswatini,A,3,1,gustavo-sangare,1019038,Gustavo Sangaré,MF,1,1,0,81,7.1,1,0,0,1,0,5,2,2,0,0,2,2,1,0,0,0,1,3,4,1,39,33,0,0,0,0,0,1,0,0,0,0,0,1,0,1,1,51,0.0,82,2,1,level
10339120,2022-06-07,"Africa Cup of Nations, Qualification, Group B",Eswatini,A,3,1,hassane-bande,886227,Hassane Bandé,FW,1,1,0,63,6.5,1,2,0,0,0,0,0,0,1,0,3,0,0,0,0,0,0,0,2,1,18,11,0,0,0,0,0,3,0,0,0,0,0,1,0,0,0,24,0.0,64,0,0,level
10339120,2022-06-07,"Africa Cup of Nations, Qualification, Group B",Eswatini,A,3,1,issa-kabore,1006189,Issa Kaboré,DF,1,1,0,81,6.3,1,0,2,0,3,5,0,1,5,3,6,6,1,2,0,0,0,0,1,1,34,26,0,0,0,0,0,2,0,0,0,0,0,0,0,0,0,68,0.0,82,2,1,level
10339120,2022-06-07,"Africa Cup of Nations, Qualification, Group B",Eswatini,A,3,1,issoufou-dayo,364758,Issoufou Dayo,DF,1,1,1,90,6.2,1,0,2,0,2,0,0,0,2,0,4,3,1,2,0,0,0,0,7,2,69,57,0,0,0,0,0,7,0,0,0,0,0,0,0,0,0,75,0.0,94,3,1,level
10339120,2022-06-07,"Africa Cup of Nations, Qualification, Group B",Eswatini,A,3,1,joffrey-bazie,1103414,Joffrey Bazié,FW,0,0,0,0,,0,0,0,0,0,0,0,0,0,0,0,0,0,0,0,0,0,0,0,0,0,0,0,0,0,0,0,0,0,0,0,0,0,0,0,0,0,0,,,0,0,
10339120,2022-06-07,"Africa Cup of Nations, Qualification, Group B",Eswatini,A,3,1,kilian-nikiema,1149858,Kilian Nikiema,GK,1,1,0,90,6.9,1,0,0,0,2,0,0,0,0,0,0,0,0,0,0,0,0,0,7,4,24,21,0,0,0,0,1,10,3,1,0,0,0,0,0,0,0,35,0.0,94,3,1,level
10339120,2022-06-07,"Africa Cup of Nations, Qualification, Group B",Eswatini,A,3,1,mohamed-ouattara,899012,Mohamed Ouattara,FW,0,0,0,0,,0,0,0,0,0,0,0,0,0,0,0,0,0,0,0,0,0,0,0,0,0,0,0,0,0,0,0,0,0,0,0,0,0,0,0,0,0,0,,,0,0,
10339120,2022-06-07,"Africa Cup of Nations, Qualification, Group B",Eswatini,A,3,1,nourdine-balora,1089813,Nourdine Balora,GK,0,0,0,0,,0,0,0,0,0,0,0,0,0,0,0,0,0,0,0,0,0,0,0,0,0,0,0,0,0,0,0,0,0,0,0,0,0,0,0,0,0,0,,,0,0,
10339120,2022-06-07,"Africa Cup of Nations, Qualification, Group B",Eswatini,A,3,1,ousseni-bouda,983282,Ousseni Bouda,FW,0,1,0,27,6.4,1,1,0,0,0,0,0,0,2,1,2,1,0,0,0,0,0,0,2,0,12,10,0,0,0,0,0,3,0,0,0,0,0,0,0,0,0,14,64,94,3,1,level
10339120,2022-06-07,"Africa Cup of Nations, Qualification, Group B",Eswatini,A,3,1,soumaila-ouattara,1083202,Soumaïla Ouattara,DF,0,0,0,0,,0,0,0,0,0,0,0,0,0,0,0,0,0,0,0,0,0,0,0,0,0,0,0,0,0,0,0,0,0,0,0,0,0,0,0,0,0,0,,,0,0,
10339120,2022-06-07,"Africa Cup of Nations, Qualification, Group B",Eswatini,A,3,1,steeve-yago,174911,Steeve Yago,DF,0,1,0,9,6.5,1,0,0,0,1,0,0,0,0,0,0,0,0,0,0,0,0,0,1,0,11,8,0,0,0,0,0,0,0,0,0,0,0,0,0,0,0,13,82,94,1,0,leading
10339120,2022-06-07,"Africa Cup of Nations, Qualification, Group B",Eswatini,A,3,1,stephane-aziz-ki,865473,Stephane Aziz Ki,MF,0,1,0,9,7.5,1,0,0,0,0,0,0,0,0,0,0,0,0,0,1,0,0,0,0,0,7,5,0,0,0,0,0,1,0,0,0,0,0,1,1,0,0,11,82,94,1,0,leading
10718435,2022-09-27,Int. Friendly Games,Comoros,H,2,1,abdoul-guiebre,915839,Abdoul Guiebre,DF,1,0,0,0,,0,0,0,0,0,0,0,0,0,0,0,0,0,0,0,0,0,0,0,0,0,0,0,0,0,0,0,0,0,0,0,0,0,0,0,0,0,0,0.0,93,2,1,level
10718435,2022-09-27,Int. Friendly Games,Comoros,H,2,1,blati-toure,806244,Blati Touré,MF,1,0,0,0,,0,0,0,0,0,0,0,0,0,0,0,0,0,0,0,0,0,0,0,0,0,0,0,0,0,0,0,0,0,0,0,0,0,0,0,0,0,0,0.0,93,2,1,level
10718435,2022-09-27,Int. Friendly Games,Comoros,H,2,1,cedric-badolo,989361,Cedric Badolo,MF,1,0,0,0,,0,0,0,0,0,0,0,0,0,0,0,0,0,0,0,0,0,0,0,0,0,0,0,0,0,0,0,0,0,0,0,0,0,0,0,0,0,0,0.0,93,2,1,level
10718435,2022-09-27,Int. Friendly Games,Comoros,H,2,1,cyrille-bayala,785876,Cyrille Bayala,FW,1,0,0,0,,0,0,0,0,0,0,0,0,0,0,0,0,0,0,0,0,0,0,0,0,0,0,0,0,0,0,0,0,0,0,0,0,0,0,0,0,0,0,0.0,93,2,1,level
10718435,2022-09-27,Int. Friendly Games,Comoros,H,2,1,djibril-ouattara,971036,Djibril Ouattara,FW,1,0,0,0,,0,0,0,0,0,0,0,0,0,0,0,0,0,0,0,0,0,0,0,0,0,0,0,0,0,0,0,0,0,0,0,0,0,0,0,0,0,0,0.0,93,2,1,level
10718435,2022-09-27,Int. Friendly Games,Comoros,H,2,1,edmond-tapsoba,883262,Edmond Tapsoba,DF,1,0,0,0,,0,0,0,0,0,0,0,0,0,0,0,0,0,0,0,0,0,0,0,0,0,0,0,0,0,0,0,0,0,0,0,0,0,0,0,0,0,0,0.0,93,2,1,level
10718435,2022-09-27,Int. Friendly Games,Comoros,H,2,1,gustavo-sangare,1019038,Gustavo Sangaré,MF,1,0,0,0,,0,0,0,0,0,0,0,0,0,0,0,0,0,0,0,0,0,0,0,0,0,0,0,0,0,0,0,0,0,0,0,0,0,0,0,0,0,0,0.0,93,2,1,level
10718435,2022-09-27,Int. Friendly Games,Comoros,H,2,1,hillel-konate,580180,Hillel Konaté,GK,1,0,0,0,,0,0,0,0,0,0,0,0,0,0,0,0,0,0,0,0,0,0,0,0,0,0,0,0,0,0,0,0,0,0,0,0,0,0,0,0,0,0,0.0,93,2,1,level
10718435,2022-09-27,Int. Friendly Games,Comoros,H,2,1,ismahila-ouedraogo,1099259,Ismahila Ouédraogo,MF,1,0,0,0,,0,0,0,0,0,0,0,0,0,0,0,0,0,0,0,0,0,0,0,0,0,0,0,0,0,0,0,0,0,0,0,0,0,0,0,0,0,0,0.0,93,2,1,level
10718435,2022-09-27,Int. Friendly Games,Comoros,H,2,1,issa-kabore,1006189,Issa Kaboré,DF,1,0,0,0,,0,0,0,0,0,0,0,0,0,0,0,0,0,0,0,0,0,0,0,0,0,0,0,0,0,0,0,0,0,0,0,0,0,0,0,0,0,0,0.0,93,2,1,level
10718435,2022-09-27,Int. Friendly Games,Comoros,H,2,1,issoufou-dayo,364758,Issoufou Dayo,DF,1,0,0,0,,0,0,0,0,0,0,0,0,0,0,0,0,0,0,0,0,0,0,0,0,0,0,0,0,0,0,0,0,0,0,0,0,0,0,0,0,0,0,0.0,93,2,1,level
10891794,2022-11-19,Int. Friendly Games,Côte d'Ivoire,H,2,1,abdoul-bandaogo,1089464,Abdoul Bandaogo,MF,0,0,0,0,,0,0,0,0,0,0,0,0,0,0,0,0,0,0,0,0,0,0,0,0,0,0,0,0,0,0,0,0,0,0,0,0,0,0,0,0,0,0,,,0,0,
10891794,2022-11-19,Int. Friendly Games,Côte d'Ivoire,H,2,1,abdoul-tapsoba,1000129,Abdoul Tapsoba,FW,0,0,0,0,,0,0,0,0,0,0,0,0,0,0,0,0,0,0,0,0,0,0,0,0,0,0,0,0,0,0,0,0,0,0,0,0,0,0,0,0,0,0,94,94,0,0,leading
10891794,2022-11-19,Int. Friendly Games,Côte d'Ivoire,H,2,1,adamo-nagalo,1108094,Adamo Nagalo,DF,1,0,0,0,,0,0,0,0,0,0,0,0,0,0,0,0,0,0,0,0,0,0,0,0,0,0,0,0,0,0,0,0,0,0,0,0,0,0,0,0,0,0,0.0,94,2,1,level
10891794,2022-11-19,Int. Friendly Games,Côte d'Ivoire,H,2,1,bertrand-traore,218160,Bertrand Traoré,FW,1,0,1,0,,0,0,0,0,0,0,0,0,0,0,0,0,0,0,0,0,0,0,0,0,0,0,0,0,0,0,0,0,0,0,0,0,0,0,0,0,0,0,0.0,94,2,1,level
10891794,2022-11-19,Int. Friendly Games,Côte d'Ivoire,H,2,1,blati-toure,806244,Blati Touré,MF,1,0,0,0,,0,0,0,0,0,0,0,0,0,0,0,0,0,0,0,0,0,0,0,0,0,0,0,0,0,0,0,0,0,0,0,0,0,0,0,0,0,0,0.0,94,2,1,level
10891794,2022-11-19,Int. Friendly Games,Côte d'Ivoire,H,2,1,cedric-badolo,989361,Cedric Badolo,MF,1,0,0,0,,0,0,0,0,0,0,0,0,0,0,0,0,0,0,0,0,0,0,0,0,0,0,0,0,0,0,0,0,0,0,0,0,0,0,0,0,0,0,0.0,88,2,1,level
10891794,2022-11-19,Int. Friendly Games,Côte d'Ivoire,H,2,1,cheick-omar-ouedraogo,1382151,Cheick Omar Ouedraogo,DF,1,0,0,0,,0,0,0,0,0,0,0,0,0,0,0,0,0,0,0,0,0,0,0,0,0,0,0,0,0,0,0,0,0,0,0,0,0,0,0,0,0,0,0.0,94,2,1,level
10891794,2022-11-19,Int. Friendly Games,Côte d'Ivoire,H,2,1,cyrille-bayala,785876,Cyrille Bayala,FW,0,0,0,0,,0,0,0,0,0,0,0,0,0,0,0,0,0,0,0,0,0,0,0,0,0,0,0,0,0,0,0,0,0,0,0,0,0,0,0,0,0,0,88,94,0,0,leading
10891794,2022-11-19,Int. Friendly Games,Côte d'Ivoire,H,2,1,dango-ouattara,1106451,Dango Ouattara,FW,1,0,0,0,,0,0,0,0,0,0,0,0,0,0,0,0,0,0,0,0,0,0,0,0,0,0,0,0,0,0,0,0,0,0,0,0,0,0,0,0,0,0,0.0,94,2,1,level
10891794,2022-11-19,Int. Friendly Games,Côte d'Ivoire,H,2,1,dao-cyrille,2008836,Dao Cyrille,DF,0,0,0,0,,0,0,0,0,0,0,0,0,0,0,0,0,0,0,0,0,0,0,0,0,0,0,0,0,0,0,0,0,0,0,0,0,0,0,0,0,0,0,,,0,0,
10891794,2022-11-19,Int. Friendly Games,Côte d'Ivoire,H,2,1,djibril-ouattara,971036,Djibril Ouattara,FW,0,0,0,0,,0,0,0,0,0,0,0,0,0,0,0,0,0,0,0,0,0,0,0,0,0,0,0,0,0,0,0,0,0,0,0,0,0,0,0,0,0,0,,,0,0,
10891794,2022-11-19,Int. Friendly Games,Côte d'Ivoire,H,2,1,edmond-tapsoba,883262,Edmond Tapsoba,DF,1,0,0,0,,0,0,0,0,0,0,0,0,0,0,0,0,0,0,0,0,0,0,0,0,0,0,0,0,0,0,0,0,0,0,0,0,0,0,0,0,0,0,0.0,94,2,1,level
10891794,2022-11-19,Int. Friendly Games,Côte d'Ivoire,H,2,1,gustavo-sangare,1019038,Gustavo Sangaré,MF,1,0,0,0,,0,0,0,0,0,0,0,0,0,0,0,0,0,0,0,0,0,0,0,0,0,0,0,0,0,0,0,0,0,0,0,0,0,0,0,0,0,0,0.0,73,2,1,level
10891794,2022-11-19,Int. Friendly Games,Côte d'Ivoire,H,2,1,hassane-bande,886227,Hassane Bandé,FW,0,0,0,0,,0,0,0,0,0,0,0,0,0,0,0,0,0,0,0,0,0,0,0,0,0,0,0,0,0,0,0,0,0,0,0,0,0,0,0,0,0,0,,,0,0,
10891794,2022-11-19,Int. Friendly Games,Côte d'Ivoire,H,2,1,herve-koffi,867299,Hervé Koffi,GK,1,0,0,0,,0,0,0,0,0,0,0,0,0,0,0,0,0,0,0,0,0,0,0,0,0,0,0,0,0,0,0,0,0,0,0,0,0,0,0,0,0,0,0.0,94,2,1,level
10891794,2022-11-19,Int. Friendly Games,Côte d'Ivoire,H,2,1,hillel-konate,580180,Hillel Konaté,GK,0,0,0,0,,0,0,0,0,0,0,0,0,0,0,0,0,0,0,0,0,0,0,0,0,0,0,0,0,0,0,0,0,0,0,0,0,0,0,0,0,0,0,,,0,0,
10891794,2022-11-19,Int. Friendly Games,Côte d'Ivoire,H,2,1,ismahila-ouedraogo,1099259,Ismahila Ouédraogo,MF,0,0,0,0,,0,0,0,0,0,0,0,0,0,0,0,0,0,0,0,0,0,0,0,0,0,0,0,0,0,0,0,0,0,0,0,0,0,0,0,0,0,0,,,0,0,
10891794,2022-11-19,Int. Friendly Games,Côte d'Ivoire,H,2,1,issa-kabore,1006189,Issa Kaboré,DF,1,0,0,0,,0,0,0,0,0,0,0,0,0,0,0,0,0,0,0,0,0,0,0,0,0,0,0,0,0,0,0,0,0,0,0,0,0,0,0,0,0,0,0.0,94,2,1,level
10891794,2022-11-19,Int. Friendly Games,Côte d'Ivoire,H,2,1,kilian-nikiema,1149858,Kilian Nikiema,GK,0,0,0,0,,0,0,0,0,0,0,0,0,0,0,0,0,0,0,0,0,0,0,0,0,0,0,0,0,0,0,0,0,0,0,0,0,0,0,0,0,0,0,,,0,0,
10891794,2022-11-19,Int. Friendly Games,Côte d'Ivoire,H,2,1,nasser-djiga,1127169,Nasser Djiga,DF,0,0,0,0,,0,0,0,0,0,0,0,0,0,0,0,0,0,0,0,0,0,0,0,0,0,0,0,0,0,0,0,0,0,0,0,0,0,0,0,0,0,0,,,0,0,
10891794,2022-11-19,Int. Friendly Games,Côte d'Ivoire,H,2,1,stephane-aziz-ki,865473,Stephane Aziz Ki,MF,0,0,0,0,,0,0,0,0,0,0,0,0,0,0,0,0,0,0,0,0,0,0,0,0,0,0,0,0,0,0,0,0,0,0,0,0,0,0,0,0,0,0,,,0,0,
10891794,2022-11-19,Int. Friendly Games,Côte d'Ivoire,H,2,1,trova-boni,919990,Trova Boni,DF,1,0,0,0,,0,0,0,0,0,0,0,0,0,0,0,0,0,0,0,0,0,0,0,0,0,0,0,0,0,0,0,0,0,0,0,0,0,0,0,0,0,0,0.0,94,2,1,level
10891794,2022-11-19,Int. Friendly Games,Côte d'Ivoire,H,2,1,valentin-nouma,1435940,Valentin Nouma,DF,0,0,0,0,,0,0,0,0,0,0,0,0,0,0,0,0,0,0,0,0,0,0,0,0,0,0,0,0,0,0,0,0,0,0,0,0,0,0,0,0,0,0,,,0,0,
11092139,2023-03-24,"Africa Cup of Nations, Qualification, Group B",Togo,H,1,0,abdoul-guiebre,915839,Abdoul Guiebre,DF,1,1,0,90,6.4,1,1,0,0,1,1,0,2,1,0,5,4,4,0,0,0,0,0,3,1,33,26,0,0,0,0,0,6,0,0,0,0,0,1,0,0,0,55,0.0,96,1,0,level
11092139,2023-03-24,"Africa Cup of Nations, Qualification, Group B",Togo,H,1,0,abdoul-tapsoba,1000129,Abdoul Tapsoba,FW,0,1,0,33,7,1,1,0,0,0,0,0,0,1,1,2,1,0,1,1,0,0,0,1,0,7,3,0,0,0,0,0,2,0,0,0,0,0,3,1,0,0,13,58,96,1,0,level
11092139,2023-03-24,"Africa Cup of Nations, Qualification, Group B",Togo,H,1,0,adama-guira,139357,Adama Guira,MF,1,1,0,90,7.6,1,1,0,0,0,0,0,1,0,0,7,8,3,4,0,0,2,0,8,7,38,36,0,0,0,0,0,6,0,0,0,0,0,1,1,5,3,55,0.0,96,1,0,level
11092139,2023-03-24,"Africa Cup of Nations, Qualification, Group B",Togo,H,1,0,adamo-nagalo,1108094,Adamo Nagalo,DF,0,0,0,0,,0,0,0,0,0,0,0,0,0,0,0,0,0,0,0,0,0,0,0,0,0,0,0,0,0,0,0,0,0,0,0,0,0,0,0,0,0,0,,,0,0,
11092139,2023-03-24,"Africa Cup of Nations, Qualification, Group B",Togo,H,1,0,bertrand-traore,218160,Bertrand Traoré,FW,1,1,1,71,6.8,1,0,0,0,2,3,1,5,1,1,6,3,2,0,0,0,0,1,7,5,42,33,0,0,0,0,0,4,0,0,0,0,0,1,0,0,0,60,0.0,72,0,0,level
11092139,2023-03-24,"Africa Cup of Nations, Qualification, Group B",Togo,H,1,0,blati-toure,806244,Blati Touré,MF,1,1,0,90,7,1,0,0,0,0,0,0,0,0,0,3,1,0,1,0,0,1,1,9,8,52,45,0,0,0,0,0,7,0,0,0,0,0,1,0,1,1,57,0.0,96,1,0,level
11092139,2023-03-24,"Africa Cup of Nations, Qualification, Group B",Togo,H,1,0,cedric-badolo,989361,Cedric Badolo,MF,0,0,0,0,,0,0,0,0,0,0,0,0,0,0,0,0,0,0,0,0,0,0,0,0,0,0,0,0,0,0,0,0,0,0,0,0,0,0,0,0,0,0,,,0,0,
11092139,2023-03-24,"Africa Cup of Nations, Qualification, Group B",Togo,H,1,0,cyrille-bayala,785876,Cyrille Bayala,FW,0,0,0,0,,0,0,0,0,0,0,0,0,0,0,0,0,0,0,0,0,0,0,0,0,0,0,0,0,0,0,0,0,0,0,0,0,0,0,0,0,0,0,,,0,0,
11092139,2023-03-24,"Africa Cup of Nations, Qualification, Group B",Togo,H,1,0,dango-ouattara,1106451,Dango Ouattara,FW,1,1,0,90,6.5,1,4,0,0,2,3,0,1,4,1,8,1,0,0,0,0,0,0,2,0,20,13,0,0,0,0,0,1,0,0,0,0,0,2,1,0,0,38,0.0,96,1,0,level
11092139,2023-03-24,"Africa Cup of Nations, Qualification, Group B",Togo,H,1,0,edmond-tapsoba,883262,Edmond Tapsoba,DF,1,1,0,90,7.8,1,1,4,0,7,0,0,0,0,0,2,5,1,1,0,0,1,0,13,11,53,50,0,0,0,0,0,6,0,0,0,0,0,0,0,0,0,66,0.0,96,1,0,level
11092139,2023-03-24,"Africa Cup of Nations, Qualification, Group B",Togo,H,1,0,gustavo-sangare,1019038,Gustavo Sangaré,MF,1,1,0,89,7.1,1,0,1,0,0,0,0,0,0,0,2,3,1,1,0,0,0,2,7,4,58,47,0,0,0,0,0,3,0,0,0,0,0,1,0,1,1,65,0.0,91,1,0,level
11092139,2023-03-24,"Africa Cup of Nations, Qualification, Group B",Togo,H,1,0,herve-koffi,867299,Hervé Koffi,GK,1,1,0,90,7.5,1,0,0,0,0,0,0,0,0,0,0,1,0,0,0,1,0,0,13,6,31,24,0,0,0,0,0,12,2,1,0,0,0,0,0,1,1,42,0.0,96,1,0,level
11092139,2023-03-24,"Africa Cup of Nations, Qualification, Group B",Togo,H,1,0,hillel-konate,580180,Hillel Konaté,GK,0,0,0,0,,0,0,0,0,0,0,0,0,0,0,0,0,0,0,0,0,0,0,0,0,0,0,0,0,0,0,0,0,0,0,0,0,0,0,0,0,0,0,,,0,0,
11092139,2023-03-24,"Africa Cup of Nations, Qualification, Group B",Togo,H,1,0,issa-kabore,1006189,Issa Kaboré,DF,1,1,0,90,6.9,1,1,0,0,0,5,0,0,1,1,4,2,0,2,0,0,0,0,4,1,71,64,0,0,0,0,0,7,0,0,0,0,0,0,0,1,1,90,0.0,96,1,0,level
11092139,2023-03-24,"Africa Cup of Nations, Qualification, Group B",Togo,H,1,0,issoufou-dayo,364758,Issoufou Dayo,DF,1,1,0,90,7.5,1,1,4,0,7,0,0,0,0,0,2,7,2,1,0,0,1,0,6,5,57,53,0,0,0,0,0,4,0,0,0,0,0,1,0,1,1,70,0.0,96,1,0,level
11092139,2023-03-24,"Africa Cup of Nations, Qualification, Group B",Togo,H,1,0,kilian-nikiema,1149858,Kilian Nikiema,GK,0,0,0,0,,0,0,0,0,0,0,0,0,0,0,0,0,0,0,0,0,0,0,0,0,0,0,0,0,0,0,0,0,0,0,0,0,0,0,0,0,0,0,,,0,0,
11092139,2023-03-24,"Africa Cup of Nations, Qualification, Group B",Togo,H,1,0,lassina-traore,911719,Lassina Traoré,FW,1,1,0,57,6.4,1,1,0,0,1,0,0,2,1,0,6,2,2,2,0,0,0,0,0,0,8,7,0,0,0,0,0,0,0,0,0,0,0,0,0,0,0,16,0.0,58,0,0,level
11092139,2023-03-24,"Africa Cup of Nations, Qualification, Group B",Togo,H,1,0,mamady-bangre,994867,Mamady Bangré,FW,0,1,0,19,6.6,1,0,0,0,1,3,2,0,0,0,1,0,0,1,0,0,0,0,2,0,8,5,0,0,0,0,0,3,0,0,0,0,0,0,0,0,0,14,72,96,1,0,level
11092139,2023-03-24,"Africa Cup of Nations, Qualification, Group B",Togo,H,1,0,nassim-innocenti,996956,Nassim Innocenti,DF,0,0,0,0,,0,0,0,0,0,0,0,0,0,0,0,0,0,0,0,0,0,0,0,0,0,0,0,0,0,0,0,0,0,0,0,0,0,0,0,0,0,0,,,0,0,
11092139,2023-03-24,"Africa Cup of Nations, Qualification, Group B",Togo,H,1,0,steeve-yago,174911,Steeve Yago,DF,0,0,0,0,,0,0,0,0,0,0,0,0,0,0,0,0,0,0,0,0,0,0,0,0,0,0,0,0,0,0,0,0,0,0,0,0,0,0,0,0,0,0,,,0,0,
11092139,2023-03-24,"Africa Cup of Nations, Qualification, Group B",Togo,H,1,0,stephane-aziz-ki,865473,Stephane Aziz Ki,MF,0,0,0,0,,0,0,0,0,0,0,0,0,0,0,0,0,0,0,0,0,0,0,0,0,0,0,0,0,0,0,0,0,0,0,0,0,0,0,0,0,0,0,,,0,0,
11092139,2023-03-24,"Africa Cup of Nations, Qualification, Group B",Togo,H,1,0,trova-boni,919990,Trova Boni,DF,0,1,0,1,,1,0,1,0,1,0,0,0,0,0,0,1,0,0,0,0,0,0,1,1,4,4,0,0,0,0,0,1,0,0,0,0,0,0,0,0,0,6,91,96,0,0,leading
11092139,2023-03-24,"Africa Cup of Nations, Qualification, Group B",Togo,H,1,0,valentin-nouma,1435940,Valentin Nouma,DF,0,0,0,0,,0,0,0,0,0,0,0,0,0,0,0,0,0,0,0,0,0,0,0,0,0,0,0,0,0,0,0,0,0,0,0,0,0,0,0,0,0,0,,,0,0,
10339159,2023-03-28,"Africa Cup of Nations, Qualification, Group B",Togo,A,1,1,abdoul-tapsoba,1000129,Abdoul Tapsoba,FW,0,1,0,11,6,1,0,0,0,0,0,0,0,0,0,2,0,0,2,0,0,0,0,0,0,2,1,0,0,0,0,0,1,0,0,0,0,0,1,0,0,0,3,82,98,0,0,level
10339159,2023-03-28,"Africa Cup of Nations, Qualification, Group B",Togo,A,1,1,adama-guira,139357,Adama Guira,MF,1,1,0,90,6.7,1,1,1,0,0,0,0,0,0,0,4,5,2,3,0,0,1,0,7,2,36,27,0,0,0,0,0,5,0,0,0,0,0,0,0,2,1,42,0.0,98,1,1,level
10339159,2023-03-28,"Africa Cup of Nations, Qualification, Group B",Togo,A,1,1,adamo-nagalo,1108094,Adamo Nagalo,DF,1,1,0,90,6.6,1,2,0,0,4,0,0,0,1,1,4,1,0,2,0,0,1,0,3,3,38,34,0,0,0,0,0,5,0,0,0,0,0,0,0,0,0,46,0.0,98,1,1,level
10339159,2023-03-28,"Africa Cup of Nations, Qualification, Group B",Togo,A,1,1,bertrand-traore,218160,Bertrand Traoré,FW,1,1,1,90,6.7,1,0,0,0,0,2,1,1,0,0,4,5,4,4,0,0,0,1,0,0,17,16,0,0,0,0,0,2,0,0,0,0,0,2,1,1,1,32,0.0,98,1,1,level
10339159,2023-03-28,"Africa Cup of Nations, Qualification, Group B",Togo,A,1,1,blati-toure,806244,Blati Touré,MF,1,1,0,90,6.6,1,0,0,0,0,0,0,1,0,0,3,2,1,1,0,0,2,0,9,6,41,34,0,0,0,0,0,5,0,0,0,0,0,0,0,1,0,50,0.0,98,1,1,level
10339159,2023-03-28,"Africa Cup of Nations, Qualification, Group B",Togo,A,1,1,cedric-badolo,989361,Cedric Badolo,MF,1,1,0,90,6.1,1,1,0,0,0,0,0,2,2,0,7,4,4,1,0,0,1,0,3,1,23,19,0,0,0,0,0,8,0,0,0,0,0,0,0,0,0,42,0.0,98,1,1,level
10339159,2023-03-28,"Africa Cup of Nations, Qualification, Group B",Togo,A,1,1,cyrille-bayala,785876,Cyrille Bayala,FW,0,0,0,0,,0,0,0,0,0,0,0,0,0,0,0,0,0,0,0,0,0,0,0,0,0,0,0,0,0,0,0,0,0,0,0,0,0,0,0,0,0,0,,,0,0,
10339159,2023-03-28,"Africa Cup of Nations, Qualification, Group B",Togo,A,1,1,dango-ouattara,1106451,Dango Ouattara,FW,1,1,0,79,6.9,1,1,0,0,0,1,0,0,3,0,4,0,0,0,1,0,0,1,0,0,12,5,0,0,0,0,0,0,0,0,0,0,0,1,1,0,0,21,0.0,82,1,1,level
10339159,2023-03-28,"Africa Cup of Nations, Qualification, Group B",Togo,A,1,1,dramane-kambou,1479068,Dramane Kambou,MF,0,0,0,0,,0,0,0,0,0,0,0,0,0,0,0,0,0,0,0,0,0,0,0,0,0,0,0,0,0,0,0,0,0,0,0,0,0,0,0,0,0,0,,,0,0,
10339159,2023-03-28,"Africa Cup of Nations, Qualification, Group B",Togo,A,1,1,edmond-tapsoba,883262,Edmond Tapsoba,DF,1,1,0,90,6.7,1,1,3,0,2,0,0,0,0,0,2,3,0,1,0,0,0,0,22,13,66,53,0,0,0,0,0,8,0,0,0,0,0,0,0,0,0,69,0.0,98,1,1,level
10339159,2023-03-28,"Africa Cup of Nations, Qualification, Group B",Togo,A,1,1,gustavo-sangare,1019038,Gustavo Sangaré,MF,1,1,0,89,7.1,1,0,2,0,1,2,1,1,1,1,4,6,2,3,0,0,3,1,1,1,30,25,0,0,0,0,0,1,0,0,0,0,0,1,0,1,1,44,0.0,94,1,1,level
10339159,2023-03-28,"Africa Cup of Nations, Qualification, Group B",Togo,A,1,1,herve-koffi,867299,Hervé Koffi,GK,1,1,0,90,6.9,1,0,0,0,1,0,0,0,0,0,0,0,0,0,0,5,0,0,15,5,24,14,0,0,0,0,0,18,4,1,0,0,0,0,0,0,0,41,0.0,98,1,1,level
10339159,2023-03-28,"Africa Cup of Nations, Qualification, Group B",Togo,A,1,1,hillel-konate,580180,Hillel Konaté,GK,0,0,0,0,,0,0,0,0,0,0,0,0,0,0,0,0,0,0,0,0,0,0,0,0,0,0,0,0,0,0,0,0,0,0,0,0,0,0,0,0,0,0,,,0,0,
10339159,2023-03-28,"Africa Cup of Nations, Qualification, Group B",Togo,A,1,1,issa-kabore,1006189,Issa Kaboré,DF,1,1,0,90,7,1,0,0,0,0,4,1,0,5,2,5,6,1,3,0,0,2,2,3,1,35,31,0,0,0,0,0,6,0,0,0,0,0,1,0,3,1,56,0.0,98,1,1,level
10339159,2023-03-28,"Africa Cup of Nations, Qualification, Group B",Togo,A,1,1,kilian-nikiema,1149858,Kilian Nikiema,GK,0,0,0,0,,0,0,0,0,0,0,0,0,0,0,0,0,0,0,0,0,0,0,0,0,0,0,0,0,0,0,0,0,0,0,0,0,0,0,0,0,0,0,,,0,0,
10339159,2023-03-28,"Africa Cup of Nations, Qualification, Group B",Togo,A,1,1,lassina-traore,911719,Lassina Traoré,FW,0,0,0,0,,0,0,0,0,0,0,0,0,0,0,0,0,0,0,0,0,0,0,0,0,0,0,0,0,0,0,0,0,0,0,0,0,0,0,0,0,0,0,,,0,0,
10339159,2023-03-28,"Africa Cup of Nations, Qualification, Group B",Togo,A,1,1,mamady-bangre,994867,Mamady Bangré,FW,0,0,0,0,,0,0,0,0,0,0,0,0,0,0,0,0,0,0,0,0,0,0,0,0,0,0,0,0,0,0,0,0,0,0,0,0,0,0,0,0,0,0,,,0,0,
10339159,2023-03-28,"Africa Cup of Nations, Qualification, Group B",Togo,A,1,1,nassim-innocenti,996956,Nassim Innocenti,DF,0,0,0,0,,0,0,0,0,0,0,0,0,0,0,0,0,0,0,0,0,0,0,0,0,0,0,0,0,0,0,0,0,0,0,0,0,0,0,0,0,0,0,,,0,0,
10339159,2023-03-28,"Africa Cup of Nations, Qualification, Group B",Togo,A,1,1,steeve-yago,174911,Steeve Yago,DF,1,1,0,90,6.4,1,0,0,0,2,1,0,1,0,0,3,2,0,1,0,0,1,0,1,0,49,45,0,0,0,0,0,3,0,0,0,0,0,0,0,2,2,62,0.0,98,1,1,level
10339159,2023-03-28,"Africa Cup of Nations, Qualification, Group B",Togo,A,1,1,stephane-aziz-ki,865473,Stephane Aziz Ki,MF,0,0,0,0,,0,0,0,0,0,0,0,0,0,0,0,0,0,0,0,0,0,0,0,0,0,0,0,0,0,0,0,0,0,0,0,0,0,0,0,0,0,0,,,0,0,
10339159,2023-03-28,"Africa Cup of Nations, Qualification, Group B",Togo,A,1,1,trova-boni,919990,Trova Boni,DF,0,1,0,1,,1,0,0,0,0,0,0,0,0,0,0,0,0,0,0,0,0,0,0,0,2,0,0,0,0,0,0,1,0,0,0,0,0,0,0,0,0,2,94,98,0,0,level
10339159,2023-03-28,"Africa Cup of Nations, Qualification, Group B",Togo,A,1,1,valentin-nouma,1435940,Valentin Nouma,DF,0,0,0,0,,0,0,0,0,0,0,0,0,0,0,0,0,0,0,0,0,0,0,0,0,0,0,0,0,0,0,0,0,0,0,0,0,0,0,0,0,0,0,,,0,0,
10339183,2023-06-18,"Africa Cup of Nations, Qualification, Group B",Cabo Verde,A,1,3,abdoul-tapsoba,1000129,Abdoul Tapsoba,FW,1,1,0,45,6.1,1,0,0,0,0,0,0,0,1,0,3,0,0,2,0,0,0,0,1,0,9,5,0,0,0,0,0,2,0,0,0,0,0,0,0,0,0,14,0.0,49,1,1,level
10339183,2023-06-18,"Africa Cup of Nations, Qualification, Group B",Cabo Verde,A,1,3,adama-guira,139357,Adama Guira,MF,1,1,0,90,6.4,1,0,0,0,0,0,0,0,0,0,2,2,1,1,0,0,0,1,3,2,38,32,0,0,0,0,0,3,0,0,0,0,0,0,0,1,0,42,0.0,98,1,3,level
10339183,2023-06-18,"Africa Cup of Nations, Qualification, Group B",Cabo Verde,A,1,3,adamo-nagalo,1108094,Adamo Nagalo,DF,0,0,0,0,,0,0,0,0,0,0,0,0,0,0,0,0,0,0,0,0,0,0,0,0,0,0,0,0,0,0,0,0,0,0,0,0,0,0,0,0,0,0,,,0,0,
10339183,2023-06-18,"Africa Cup of Nations, Qualification, Group B",Cabo Verde,A,1,3,bertrand-traore,218160,Bertrand Traoré,FW,1,1,1,62,6.9,1,0,0,0,1,1,0,1,6,3,6,7,4,2,0,0,2,2,0,0,28,20,0,0,0,0,0,3,0,0,0,0,0,4,0,0,0,54,0.0,65,1,1,level
10339183,2023-06-18,"Africa Cup of Nations, Qualification, Group B",Cabo Verde,A,1,3,blati-toure,806244,Blati Touré,MF,1,1,0,90,6.9,1,1,0,0,1,1,1,0,1,1,8,7,2,6,0,0,1,0,3,3,60,49,0,0,0,0,0,10,0,0,0,0,0,1,0,4,0,78,0.0,98,1,3,level
10339183,2023-06-18,"Africa Cup of Nations, Qualification, Group B",Cabo Verde,A,1,3,cedric-badolo,989361,Cedric Badolo,MF,1,1,0,90,6.6,1,0,0,0,2,4,0,1,2,1,3,5,2,0,0,0,1,0,1,0,37,31,0,0,0,0,0,6,0,0,0,0,0,2,2,2,1,60,0.0,98,1,3,level
10339183,2023-06-18,"Africa Cup of Nations, Qualification, Group B",Cabo Verde,A,1,3,cheick-omar-ouedraogo,1382151,Cheick Omar Ouedraogo,DF,0,0,0,0,,0,0,0,0,0,0,0,0,0,0,0,0,0,0,0,0,0,0,0,0,0,0,0,0,0,0,0,0,0,0,0,0,0,0,0,0,0,0,,,0,0,
10339183,2023-06-18,"Africa Cup of Nations, Qualification, Group B",Cabo Verde,A,1,3,cyrille-bayala,785876,Cyrille Bayala,FW,0,1,0,45,6.5,1,1,0,0,0,0,0,1,1,1,3,2,1,1,0,0,0,0,0,0,13,8,0,0,0,0,0,1,0,0,0,0,0,0,0,0,0,19,49,98,0,2,level
10339183,2023-06-18,"Africa Cup of Nations, Qualification, Group B",Cabo Verde,A,1,3,dango-ouattara,1106451,Dango Ouattara,FW,1,1,0,90,7.3,1,1,1,0,0,2,1,0,5,4,4,6,1,1,0,0,0,1,0,0,21,14,0,0,0,0,0,0,0,0,0,0,0,3,1,0,0,37,0.0,98,1,3,level
10339183,2023-06-18,"Africa Cup of Nations, Qualification, Group B",Cabo Verde,A,1,3,djibril-ouattara,971036,Djibril Ouattara,FW,0,0,0,0,,0,0,0,0,0,0,0,0,0,0,0,0,0,0,0,0,0,0,0,0,0,0,0,0,0,0,0,0,0,0,0,0,0,0,0,0,0,0,,,0,0,
10339183,2023-06-18,"Africa Cup of Nations, Qualification, Group B",Cabo Verde,A,1,3,dramane-salou,924861,Dramane Salou,MF,0,0,0,0,,0,0,0,0,0,0,0,0,0,0,0,0,0,0,0,0,0,0,0,0,0,0,0,0,0,0,0,0,0,0,0,0,0,0,0,0,0,0,,,0,0,
10339183,2023-06-18,"Africa Cup of Nations, Qualification, Group B",Cabo Verde,A,1,3,edmond-tapsoba,883262,Edmond Tapsoba,DF,1,1,0,90,6.5,1,0,1,0,2,0,0,0,2,2,2,4,1,2,0,0,0,1,17,12,60,49,0,0,0,0,0,8,0,0,0,0,0,0,0,0,0,70,0.0,98,1,3,level
10339183,2023-06-18,"Africa Cup of Nations, Qualification, Group B",Cabo Verde,A,1,3,gustavo-sangare,1019038,Gustavo Sangaré,MF,0,1,0,17,6.3,1,0,0,0,0,0,0,0,0,0,1,0,0,0,0,0,0,0,0,0,9,9,0,0,0,0,0,1,0,0,0,0,0,1,0,0,0,11,76,98,0,1,trailing
10339183,2023-06-18,"Africa Cup of Nations, Qualification, Group B",Cabo Verde,A,1,3,ismael-seone,1501395,Ismaël Seone,FW,0,0,0,0,,0,0,0,0,0,0,0,0,0,0,0,0,0,0,0,0,0,0,0,0,0,0,0,0,0,0,0,0,0,0,0,0,0,0,0,0,0,0,,,0,0,
10339183,2023-06-18,"Africa Cup of Nations, Qualification, Group B",Cabo Verde,A,1,3,issoufou-dayo,364758,Issoufou Dayo,DF,1,1,0,90,7,1,0,3,0,2,0,0,0,1,1,3,8,1,1,1,0,1,0,9,4,39,28,0,0,0,0,0,3,0,0,0,0,0,1,1,3,1,49,0.0,98,1,3,level
10339183,2023-06-18,"Africa Cup of Nations, Qualification, Group B",Cabo Verde,A,1,3,kilian-nikiema,1149858,Kilian Nikiema,GK,1,1,0,90,6,1,0,0,0,0,0,0,0,0,0,0,0,0,0,0,3,0,1,3,1,15,13,0,0,0,0,0,7,1,0,0,0,0,0,0,0,0,23,0.0,98,1,3,level
10339183,2023-06-18,"Africa Cup of Nations, Qualification, Group B",Cabo Verde,A,1,3,mamady-bangre,994867,Mamady Bangré,FW,0,1,0,28,6.6,1,0,1,0,0,2,0,1,1,1,1,2,1,0,0,0,0,2,0,0,12,11,0,0,0,0,0,1,0,0,0,0,0,0,0,0,0,20,65,98,0,2,level
10339183,2023-06-18,"Africa Cup of Nations, Qualification, Group B",Cabo Verde,A,1,3,mohamed-zegue-traore,1102861,Mohamed Zegue Traore,GK,0,0,0,0,,0,0,0,0,0,0,0,0,0,0,0,0,0,0,0,0,0,0,0,0,0,0,0,0,0,0,0,0,0,0,0,0,0,0,0,0,0,0,,,0,0,
10339183,2023-06-18,"Africa Cup of Nations, Qualification, Group B",Cabo Verde,A,1,3,nasser-djiga,1127169,Nasser Djiga,DF,0,0,0,0,,0,0,0,0,0,0,0,0,0,0,0,0,0,0,0,0,0,0,0,0,0,0,0,0,0,0,0,0,0,0,0,0,0,0,0,0,0,0,,,0,0,
10339183,2023-06-18,"Africa Cup of Nations, Qualification, Group B",Cabo Verde,A,1,3,sacha-banse,1126690,Sacha Bansé,MF,0,0,0,0,,0,0,0,0,0,0,0,0,0,0,0,0,0,0,0,0,0,0,0,0,0,0,0,0,0,0,0,0,0,0,0,0,0,0,0,0,0,0,,,0,0,
10339183,2023-06-18,"Africa Cup of Nations, Qualification, Group B",Cabo Verde,A,1,3,steeve-yago,174911,Steeve Yago,DF,1,1,0,80,6.3,1,0,0,0,0,0,0,0,0,0,5,2,0,4,0,0,0,2,0,0,25,19,0,0,0,0,0,4,0,0,0,0,0,0,0,2,2,36,0.0,83,1,2,level
10339183,2023-06-18,"Africa Cup of Nations, Qualification, Group B",Cabo Verde,A,1,3,stephane-aziz-ki,865473,Stephane Aziz Ki,MF,1,1,0,73,6.5,1,1,0,0,0,2,0,0,0,0,3,3,2,2,0,0,1,1,0,0,20,18,0,0,0,0,0,4,0,0,0,0,0,4,1,1,1,35,0.0,76,1,2,level
10339183,2023-06-18,"Africa Cup of Nations, Qualification, Group B",Cabo Verde,A,1,3,valentin-nouma,1435940,Valentin Nouma,DF,0,1,0,10,6.3,1,1,0,0,0,2,0,0,0,0,1,0,0,0,0,0,0,0,1,0,7,4,0,0,0,0,0,2,0,0,0,0,0,0,0,0,0,12,83,98,0,1,trailing
10339208,2023-09-08,"Africa Cup of Nations, Qualification, Group B",Eswatini,H,0,0,abdoul-guiebre,915839,Abdoul Guiebre,DF,1,1,0,90,7.7,1,0,1,0,0,2,1,0,5,3,3,5,0,1,0,0,5,2,3,1,52,46,0,0,0,0,0,10,0,0,0,0,0,1,0,1,0,84,0.0,96,0,0,level
10339208,2023-09-08,"Africa Cup of Nations, Qualification, Group B",Eswatini,H,0,0,abdoul-tapsoba,1000129,Abdoul Tapsoba,FW,0,0,0,0,,0,0,0,0,0,0,0,0,0,0,0,0,0,0,0,0,0,0,0,0,0,0,0,0,0,0,0,0,0,0,0,0,0,0,0,0,0,0,,,0,0,
10339208,2023-09-08,"Africa Cup of Nations, Qualification, Group B",Eswatini,H,0,0,adama-guira,139357,Adama Guira,MF,1,1,0,90,7.5,1,0,1,0,0,0,0,0,2,2,2,8,2,1,0,0,1,2,12,6,93,82,0,0,0,0,0,9,0,0,0,0,0,1,0,3,2,107,0.0,96,0,0,level
10339208,2023-09-08,"Africa Cup of Nations, Qualification, Group B",Eswatini,H,0,0,adamo-nagalo,1108094,Adamo Nagalo,DF,1,1,0,90,7.9,1,0,1,0,4,0,0,0,0,0,1,2,0,1,0,0,3,1,13,8,107,96,0,0,0,0,0,13,0,0,0,0,0,0,0,1,1,118,0.0,96,0,0,level
10339208,2023-09-08,"Africa Cup of Nations, Qualification, Group B",Eswatini,H,0,0,blati-toure,806244,Blati Touré,MF,0,0,0,0,,0,0,0,0,0,0,0,0,0,0,0,0,0,0,0,0,0,0,0,0,0,0,0,0,0,0,0,0,0,0,0,0,0,0,0,0,0,0,,,0,0,
10339208,2023-09-08,"Africa Cup of Nations, Qualification, Group B",Eswatini,H,0,0,cedric-badolo,989361,Cedric Badolo,MF,1,1,0,55,6.4,1,1,0,0,0,1,0,2,0,0,5,1,0,0,0,0,0,0,0,0,25,21,0,0,0,0,0,4,0,0,0,0,0,2,1,1,1,33,0.0,57,0,0,level
10339208,2023-09-08,"Africa Cup of Nations, Qualification, Group B",Eswatini,H,0,0,cyrille-bayala,785876,Cyrille Bayala,FW,0,1,0,35,6.5,1,0,1,0,0,0,0,0,1,0,2,1,0,0,0,0,0,1,4,2,22,15,0,0,0,0,0,2,0,0,0,0,0,0,0,0,0,26,57,96,0,0,level
10339208,2023-09-08,"Africa Cup of Nations, Qualification, Group B",Eswatini,H,0,0,djibril-ouattara,971036,Djibril Ouattara,FW,0,0,0,0,,0,0,0,0,0,0,0,0,0,0,0,0,0,0,0,0,0,0,0,0,0,0,0,0,0,0,0,0,0,0,0,0,0,0,0,0,0,0,,,0,0,
10339208,2023-09-08,"Africa Cup of Nations, Qualification, Group B",Eswatini,H,0,0,dramane-salou,924861,Dramane Salou,MF,1,1,0,90,7.1,1,0,0,0,0,0,0,1,1,0,3,3,0,1,0,0,1,0,7,3,53,47,0,0,0,0,0,5,0,0,0,0,0,1,1,3,2,63,0.0,96,0,0,level
10339208,2023-09-08,"Africa Cup of Nations, Qualification, Group B",Eswatini,H,0,0,edmond-tapsoba,883262,Edmond Tapsoba,DF,0,0,0,0,,0,0,0,0,0,0,0,0,0,0,0,0,0,0,0,0,0,0,0,0,0,0,0,0,0,0,0,0,0,0,0,0,0,0,0,0,0,0,,,0,0,
10339208,2023-09-08,"Africa Cup of Nations, Qualification, Group B",Eswatini,H,0,0,gustavo-sangare,1019038,Gustavo Sangaré,MF,1,1,0,71,6.7,1,0,0,0,0,0,0,0,1,0,2,1,0,0,0,0,0,1,6,6,58,50,0,0,0,0,0,3,0,0,0,0,0,2,1,1,0,66,0.0,73,0,0,level
10339208,2023-09-08,"Africa Cup of Nations, Qualification, Group B",Eswatini,H,0,0,herve-koffi,867299,Hervé Koffi,GK,1,1,0,90,7.5,1,0,0,0,0,0,0,0,0,0,0,0,0,0,0,1,0,0,10,3,34,27,0,0,0,0,0,13,3,0,0,0,0,0,0,0,0,41,0.0,96,0,0,level
10339208,2023-09-08,"Africa Cup of Nations, Qualification, Group B",Eswatini,H,0,0,ismahila-ouedraogo,1099259,Ismahila Ouédraogo,MF,0,0,0,0,,0,0,0,0,0,0,0,0,0,0,0,0,0,0,0,0,0,0,0,0,0,0,0,0,0,0,0,0,0,0,0,0,0,0,0,0,0,0,,,0,0,
10339208,2023-09-08,"Africa Cup of Nations, Qualification, Group B",Eswatini,H,0,0,issa-kabore,1006189,Issa Kaboré,DF,1,1,0,90,7.2,1,1,1,0,0,7,2,0,8,3,7,7,2,0,0,0,0,4,5,4,56,46,0,0,0,0,0,6,0,0,0,0,0,1,0,1,0,93,0.0,96,0,0,level
10339208,2023-09-08,"Africa Cup of Nations, Qualification, Group B",Eswatini,H,0,0,issoufou-dayo,364758,Issoufou Dayo,DF,1,1,1,90,6.9,1,1,2,0,0,1,1,0,0,0,4,2,0,1,0,0,2,1,6,3,93,82,0,0,0,0,0,8,0,0,0,0,0,0,0,0,0,98,0.0,96,0,0,level
10339208,2023-09-08,"Africa Cup of Nations, Qualification, Group B",Eswatini,H,0,0,kilian-nikiema,1149858,Kilian Nikiema,GK,0,0,0,0,,0,0,0,0,0,0,0,0,0,0,0,0,0,0,0,0,0,0,0,0,0,0,0,0,0,0,0,0,0,0,0,0,0,0,0,0,0,0,,,0,0,
10339208,2023-09-08,"Africa Cup of Nations, Qualification, Group B",Eswatini,H,0,0,koula-sebastien-tou,1103383,Koula Sébastien Tou,GK,0,0,0,0,,0,0,0,0,0,0,0,0,0,0,0,0,0,0,0,0,0,0,0,0,0,0,0,0,0,0,0,0,0,0,0,0,0,0,0,0,0,0,,,0,0,
10339208,2023-09-08,"Africa Cup of Nations, Qualification, Group B",Eswatini,H,0,0,mamady-bangre,994867,Mamady Bangré,FW,1,1,0,71,7,1,0,0,0,0,4,1,1,2,1,2,3,0,0,0,0,0,1,2,0,31,25,0,0,0,0,0,4,0,0,0,0,0,2,0,2,2,50,0.0,73,0,0,level
10339208,2023-09-08,"Africa Cup of Nations, Qualification, Group B",Eswatini,H,0,0,mohamed-konate,850011,Mohamed Konaté,FW,1,1,0,90,6.6,1,6,4,0,0,0,0,1,1,0,10,4,0,3,0,0,0,2,0,0,23,17,0,0,0,0,0,2,0,0,0,0,0,5,0,0,0,35,0.0,96,0,0,level
10339208,2023-09-08,"Africa Cup of Nations, Qualification, Group B",Eswatini,H,0,0,nasser-djiga,1127169,Nasser Djiga,DF,0,0,0,0,,0,0,0,0,0,0,0,0,0,0,0,0,0,0,0,0,0,0,0,0,0,0,0,0,0,0,0,0,0,0,0,0,0,0,0,0,0,0,,,0,0,
10339208,2023-09-08,"Africa Cup of Nations, Qualification, Group B",Eswatini,H,0,0,ousseni-bouda,983282,Ousseni Bouda,FW,0,1,0,19,6.7,1,1,0,0,2,1,0,0,1,1,1,2,1,0,0,0,0,0,0,0,8,7,0,0,0,0,0,0,0,0,0,0,0,1,0,0,0,15,73,96,0,0,level
10339208,2023-09-08,"Africa Cup of Nations, Qualification, Group B",Eswatini,H,0,0,stephane-aziz-ki,865473,Stephane Aziz Ki,MF,0,1,0,19,7.2,1,0,0,0,0,2,1,0,1,0,1,1,1,0,0,0,0,1,2,2,14,12,0,0,0,0,0,0,0,0,0,0,0,2,1,0,0,20,73,96,0,0,level
10339208,2023-09-08,"Africa Cup of Nations, Qualification, Group B",Eswatini,H,0,0,valentin-nouma,1435940,Valentin Nouma,DF,0,0,0,0,,0,0,0,0,0,0,0,0,0,0,0,0,0,0,0,0,0,0,0,0,0,0,0,0,0,0,0,0,0,0,0,0,0,0,0,0,0,0,,,0,0,
11612976,2023-09-12,Int. Friendly Games,Morocco,A,0,1,abdoul-guiebre,915839,Abdoul Guiebre,DF,1,0,0,0,,0,0,0,0,0,0,0,0,0,0,0,0,0,0,0,0,0,0,0,0,0,0,0,0,0,0,0,0,0,0,0,0,0,0,0,0,0,0,0.0,95,0,1,level
11612976,2023-09-12,Int. Friendly Games,Morocco,A,0,1,abdoul-tapsoba,1000129,Abdoul Tapsoba,FW,1,0,0,0,,0,0,0,0,0,0,0,0,0,0,0,0,0,0,0,0,0,0,0,0,0,0,0,0,0,0,0,0,0,0,0,0,0,0,0,0,0,0,0.0,83,0,1,level
11612976,2023-09-12,Int. Friendly Games,Morocco,A,0,1,adama-guira,139357,Adama Guira,MF,1,0,0,0,,0,0,0,0,0,0,0,0,0,0,0,0,0,0,0,0,0,0,0,0,0,0,0,0,0,0,0,0,0,0,0,0,0,0,0,0,0,0,0.0,95,0,1,level
11612976,2023-09-12,Int. Friendly Games,Morocco,A,0,1,adamo-nagalo,1108094,Adamo Nagalo,DF,1,0,0,0,,0,0,0,0,0,0,0,0,0,0,0,0,0,0,0,0,0,0,0,0,0,0,0,0,0,0,0,0,0,0,0,0,0,0,0,0,0,0,0.0,95,0,1,level
11612976,2023-09-12,Int. Friendly Games,Morocco,A,0,1,blati-toure,806244,Blati Touré,MF,1,0,0,0,,0,0,0,0,0,0,0,0,0,0,0,0,0,0,0,0,0,0,0,0,0,0,0,0,0,0,0,0,0,0,0,0,0,0,0,0,0,0,0.0,68,0,1,level
11612976,2023-09-12,Int. Friendly Games,Morocco,A,0,1,cyrille-bayala,785876,Cyrille Bayala,FW,1,0,0,0,,0,0,0,0,0,0,0,0,0,0,0,0,0,0,0,0,0,0,0,0,0,0,0,0,0,0,0,0,0,0,0,0,0,0,0,0,0,0,0.0,95,0,1,level
11612976,2023-09-12,Int. Friendly Games,Morocco,A,0,1,djibril-ouattara,971036,Djibril Ouattara,FW,1,0,0,0,,0,0,0,0,0,0,0,0,0,0,0,0,0,0,0,0,0,0,0,0,0,0,0,0,0,0,0,0,0,0,0,0,0,0,0,0,0,0,0.0,68,0,1,level
11612976,2023-09-12,Int. Friendly Games,Morocco,A,0,1,dramane-salou,924861,Dramane Salou,MF,1,0,0,0,,0,0,0,0,0,0,0,0,0,0,0,0,0,0,0,0,0,0,0,0,0,0,0,0,0,0,0,0,0,0,0,0,0,0,0,0,0,0,0.0,95,0,1,level
11612976,2023-09-12,Int. Friendly Games,Morocco,A,0,1,edmond-tapsoba,883262,Edmond Tapsoba,DF,1,0,0,0,,0,0,0,0,0,0,0,0,0,0,0,0,0,0,0,0,0,0,0,0,0,0,0,0,0,0,0,0,0,0,0,0,0,0,0,0,0,0,0.0,95,0,1,level
11612976,2023-09-12,Int. Friendly Games,Morocco,A,0,1,gustavo-sangare,1019038,Gustavo Sangaré,MF,0,0,0,0,,0,0,0,0,0,0,0,0,0,0,0,0,0,0,0,0,0,0,0,0,0,0,0,0,0,0,0,0,0,0,0,0,0,0,0,0,0,0,68,95,0,0,trailing
11612976,2023-09-12,Int. Friendly Games,Morocco,A,0,1,herve-koffi,867299,Hervé Koffi,GK,1,0,0,0,,0,0,0,0,0,0,0,0,0,0,0,0,0,0,0,0,0,0,0,0,0,0,0,0,0,0,0,0,0,0,0,0,0,0,0,0,0,0,0.0,95,0,1,level
11612976,2023-09-12,Int. Friendly Games,Morocco,A,0,1,ismahila-ouedraogo,1099259,Ismahila Ouédraogo,MF,0,0,0,0,,0,0,0,0,0,0,0,0,0,0,0,0,0,0,0,0,0,0,0,0,0,0,0,0,0,0,0,0,0,0,0,0,0,0,0,0,0,0,,,0,0,
11612976,2023-09-12,Int. Friendly Games,Morocco,A,0,1,issoufou-dayo,364758,Issoufou Dayo,DF,1,0,0,0,,0,0,0,0,0,0,0,0,0,0,0,0,0,0,0,0,0,0,0,0,0,0,0,0,0,0,0,0,0,0,0,0,0,0,0,0,0,0,0.0,95,0,1,level
11612976,2023-09-12,Int. Friendly Games,Morocco,A,0,1,kilian-nikiema,1149858,Kilian Nikiema,GK,0,0,0,0,,0,0,0,0,0,0,0,0,0,0,0,0,0,0,0,0,0,0,0,0,0,0,0,0,0,0,0,0,0,0,0,0,0,0,0,0,0,0,,,0,0,
11612976,2023-09-12,Int. Friendly Games,Morocco,A,0,1,koula-sebastien-tou,1103383,Koula Sébastien Tou,GK,0,0,0,0,,0,0,0,0,0,0,0,0,0,0,0,0,0,0,0,0,0,0,0,0,0,0,0,0,0,0,0,0,0,0,0,0,0,0,0,0,0,0,,,0,0,
11612976,2023-09-12,Int. Friendly Games,Morocco,A,0,1,mamady-bangre,994867,Mamady Bangré,FW,0,0,0,0,,0,0,0,0,0,0,0,0,0,0,0,0,0,0,0,0,0,0,0,0,0,0,0,0,0,0,0,0,0,0,0,0,0,0,0,0,0,0,83,95,0,0,trailing
11612976,2023-09-12,Int. Friendly Games,Morocco,A,0,1,mohamed-konate,850011,Mohamed Konaté,FW,0,0,0,0,,0,0,0,0,0,0,0,0,0,0,0,0,0,0,0,0,0,0,0,0,0,0,0,0,0,0,0,0,0,0,0,0,0,0,0,0,0,0,68,95,0,0,trailing
11612976,2023-09-12,Int. Friendly Games,Morocco,A,0,1,nasser-djiga,1127169,Nasser Djiga,DF,0,0,0,0,,0,0,0,0,0,0,0,0,0,0,0,0,0,0,0,0,0,0,0,0,0,0,0,0,0,0,0,0,0,0,0,0,0,0,0,0,0,0,,,0,0,
11612976,2023-09-12,Int. Friendly Games,Morocco,A,0,1,ousseni-bouda,983282,Ousseni Bouda,FW,0,0,0,0,,0,0,0,0,0,0,0,0,0,0,0,0,0,0,0,0,0,0,0,0,0,0,0,0,0,0,0,0,0,0,0,0,0,0,0,0,0,0,,,0,0,
11612976,2023-09-12,Int. Friendly Games,Morocco,A,0,1,sacha-banse,1126690,Sacha Bansé,MF,0,0,0,0,,0,0,0,0,0,0,0,0,0,0,0,0,0,0,0,0,0,0,0,0,0,0,0,0,0,0,0,0,0,0,0,0,0,0,0,0,0,0,,,0,0,
11612976,2023-09-12,Int. Friendly Games,Morocco,A,0,1,stephane-aziz-ki,865473,Stephane Aziz Ki,MF,0,0,0,0,,0,0,0,0,0,0,0,0,0,0,0,0,0,0,0,0,0,0,0,0,0,0,0,0,0,0,0,0,0,0,0,0,0,0,0,0,0,0,,,0,0,
11612976,2023-09-12,Int. Friendly Games,Morocco,A,0,1,valentin-nouma,1435940,Valentin Nouma,DF,0,0,0,0,,0,0,0,0,0,0,0,0,0,0,0,0,0,0,0,0,0,0,0,0,0,0,0,0,0,0,0,0,0,0,0,0,0,0,0,0,0,0,,,0,0,
11735406,2023-10-17,Int. Friendly Games,Mauritania,A,2,1,abdoul-tapsoba,1000129,Abdoul Tapsoba,FW,1,0,0,0,,0,0,0,0,0,0,0,0,0,0,0,0,0,0,0,0,0,0,0,0,0,0,0,0,0,0,0,0,0,0,0,0,0,0,0,0,0,0,0.0,98,2,1,level
11735406,2023-10-17,Int. Friendly Games,Mauritania,A,2,1,adama-guira,139357,Adama Guira,MF,1,0,0,0,,0,0,0,0,0,0,0,0,0,0,0,0,0,0,0,0,0,0,0,0,0,0,0,0,0,0,0,0,0,0,0,0,0,0,0,0,0,0,0.0,98,2,1,level
11735406,2023-10-17,Int. Friendly Games,Mauritania,A,2,1,adamo-nagalo,1108094,Adamo Nagalo,DF,1,0,0,0,,0,0,0,0,0,0,0,0,0,0,0,0,0,0,0,0,0,0,0,0,0,0,0,0,0,0,0,0,0,0,0,0,0,0,0,0,0,0,0.0,98,2,1,level
11735406,2023-10-17,Int. Friendly Games,Mauritania,A,2,1,djibril-ouattara,971036,Djibril Ouattara,FW,1,0,0,0,,0,0,0,0,0,0,0,0,0,0,0,0,0,0,0,0,0,0,0,0,0,0,0,0,0,0,0,0,0,0,0,0,0,0,0,0,0,0,0.0,98,2,1,level
11735406,2023-10-17,Int. Friendly Games,Mauritania,A,2,1,hillel-konate,580180,Hillel Konaté,GK,1,0,0,0,,0,0,0,0,0,0,0,0,0,0,0,0,0,0,0,0,0,0,0,0,0,0,0,0,0,0,0,0,0,0,0,0,0,0,0,0,0,0,0.0,98,2,1,level
11735406,2023-10-17,Int. Friendly Games,Mauritania,A,2,1,ismahila-ouedraogo,1099259,Ismahila Ouédraogo,MF,1,0,0,0,,0,0,0,0,0,0,0,0,0,0,0,0,0,0,0,0,0,0,0,0,0,0,0,0,0,0,0,0,0,0,0,0,0,0,0,0,0,0,0.0,98,2,1,level
11735406,2023-10-17,Int. Friendly Games,Mauritania,A,2,1,issa-kabore,1006189,Issa Kaboré,DF,1,0,0,0,,0,0,0,0,0,0,0,0,0,0,0,0,0,0,0,0,0,0,0,0,0,0,0,0,0,0,0,0,0,0,0,0,0,0,0,0,0,0,0.0,98,2,1,level
11735406,2023-10-17,Int. Friendly Games,Mauritania,A,2,1,issoufou-dayo,364758,Issoufou Dayo,DF,1,0,0,0,,0,0,0,0,0,0,0,0,0,0,0,0,0,0,0,0,0,0,0,0,0,0,0,0,0,0,0,0,0,0,0,0,0,0,0,0,0,0,0.0,98,2,1,level
11735406,2023-10-17,Int. Friendly Games,Mauritania,A,2,1,mohamed-konate,850011,Mohamed Konaté,FW,1,0,0,0,,0,0,0,0,0,0,0,0,0,0,0,0,0,0,0,0,0,0,0,0,0,0,0,0,0,0,0,0,0,0,0,0,0,0,0,0,0,0,0.0,98,2,1,level
11735406,2023-10-17,Int. Friendly Games,Mauritania,A,2,1,stephane-aziz-ki,865473,Stephane Aziz Ki,MF,1,0,0,0,,0,0,0,0,0,0,0,0,0,0,0,0,0,0,0,0,0,0,0,0,0,0,0,0,0,0,0,0,0,0,0,0,0,0,0,0,0,0,0.0,98,2,1,level
11735406,2023-10-17,Int. Friendly Games,Mauritania,A,2,1,valentin-nouma,1435940,Valentin Nouma,DF,1,0,0,0,,0,0,0,0,0,0,0,0,0,0,0,0,0,0,0,0,0,0,0,0,0,0,0,0,0,0,0,0,0,0,0,0,0,0,0,0,0,0,0.0,98,2,1,level
11797997,2023-11-17,"FIFA World Cup, Qualification CAF, Group A",Guinea-Bissau,H,1,1,abdoul-guiebre,915839,Abdoul Guiebre,DF,1,1,0,90,,0,0,0,0,0,0,0,0,0,0,0,0,0,0,0,0,0,0,0,0,0,0,0,0,0,0,0,0,0,0,0,0,0,0,0,0,0,0,0.0,96,1,1,level
11797997,2023-11-17,"FIFA World Cup, Qualification CAF, Group A",Guinea-Bissau,H,1,1,abdoul-tapsoba,1000129,Abdoul Tapsoba,FW,0,0,0,0,,0,0,0,0,0,0,0,0,0,0,0,0,0,0,0,0,0,0,0,0,0,0,0,0,0,0,0,0,0,0,0,0,0,0,0,0,0,0,,,0,0,
11797997,2023-11-17,"FIFA World Cup, Qualification CAF, Group A",Guinea-Bissau,H,1,1,adamo-nagalo,1108094,Adamo Nagalo,DF,1,1,0,90,,0,0,0,0,0,0,0,0,0,0,0,0,0,0,0,0,0,0,0,0,0,0,0,0,0,0,0,0,0,0,0,0,0,0,0,0,0,0,0.0,96,1,1,level
11797997,2023-11-17,"FIFA World Cup, Qualification CAF, Group A",Guinea-Bissau,H,1,1,bertrand-traore,218160,Bertrand Traoré,FW,1,1,1,83,,0,0,0,0,0,0,0,0,0,0,0,0,0,0,1,0,0,0,0,0,0,0,0,0,0,0,0,0,0,0,0,0,0,0,0,0,0,0,0.0,89,1,1,level
11797997,2023-11-17,"FIFA World Cup, Qualification CAF, Group A",Guinea-Bissau,H,1,1,blati-toure,806244,Blati Touré,MF,1,1,0,90,,0,0,0,0,0,0,0,0,0,0,0,0,0,0,0,0,0,0,0,0,0,0,0,0,0,0,0,0,0,0,0,0,0,0,0,0,0,0,0.0,96,1,1,level
11797997,2023-11-17,"FIFA World Cup, Qualification CAF, Group A",Guinea-Bissau,H,1,1,cedric-badolo,989361,Cedric Badolo,MF,0,0,0,0,,0,0,0,0,0,0,0,0,0,0,0,0,0,0,0,0,0,0,0,0,0,0,0,0,0,0,0,0,0,0,0,0,0,0,0,0,0,0,,,0,0,
11797997,2023-11-17,"FIFA World Cup, Qualification CAF, Group A",Guinea-Bissau,H,1,1,dango-ouattara,1106451,Dango Ouattara,FW,1,1,0,90,,0,0,0,0,0,0,0,0,0,0,0,0,0,0,0,0,0,0,0,0,0,0,0,0,0,0,0,0,0,0,0,0,0,0,0,0,0,0,0.0,96,1,1,level
11797997,2023-11-17,"FIFA World Cup, Qualification CAF, Group A",Guinea-Bissau,H,1,1,dramane-salou,924861,Dramane Salou,MF,0,0,0,0,,0,0,0,0,0,0,0,0,0,0,0,0,0,0,0,0,0,0,0,0,0,0,0,0,0,0,0,0,0,0,0,0,0,0,0,0,0,0,,,0,0,
11797997,2023-11-17,"FIFA World Cup, Qualification CAF, Group A",Guinea-Bissau,H,1,1,gustavo-sangare,1019038,Gustavo Sangaré,MF,1,1,0,74,,0,0,0,0,0,0,0,0,0,0,0,0,0,0,0,0,0,0,0,0,0,0,0,0,0,0,0,0,0,0,0,0,0,0,0,0,0,0,0.0,80,1,1,level
11797997,2023-11-17,"FIFA World Cup, Qualification CAF, Group A",Guinea-Bissau,H,1,1,hassane-bande,886227,Hassane Bandé,FW,0,1,0,7,,0,0,0,0,0,0,0,0,0,0,0,0,0,0,0,0,0,0,0,0,0,0,0,0,0,0,0,0,0,0,0,0,0,0,0,0,0,0,89,96,0,0,level
11797997,2023-11-17,"FIFA World Cup, Qualification CAF, Group A",Guinea-Bissau,H,1,1,herve-koffi,867299,Hervé Koffi,GK,1,1,0,90,,0,0,0,0,0,0,0,0,0,0,0,0,0,0,0,0,0,0,0,0,0,0,0,0,0,0,0,0,0,0,0,0,0,0,0,0,0,0,0.0,96,1,1,level
11797997,2023-11-17,"FIFA World Cup, Qualification CAF, Group A",Guinea-Bissau,H,1,1,hillel-konate,580180,Hillel Konaté,GK,0,0,0,0,,0,0,0,0,0,0,0,0,0,0,0,0,0,0,0,0,0,0,0,0,0,0,0,0,0,0,0,0,0,0,0,0,0,0,0,0,0,0,,,0,0,
11797997,2023-11-17,"FIFA World Cup, Qualification CAF, Group A",Guinea-Bissau,H,1,1,ismahila-ouedraogo,1099259,Ismahila Ouédraogo,MF,1,1,0,90,,0,0,0,0,0,0,0,0,0,0,0,0,0,0,0,0,0,0,0,0,0,0,0,0,0,0,0,0,0,0,0,0,0,0,0,0,0,0,0.0,96,1,1,level
11797997,2023-11-17,"FIFA World Cup, Qualification CAF, Group A",Guinea-Bissau,H,1,1,issa-kabore,1006189,Issa Kaboré,DF,1,1,0,45,,0,0,0,0,0,0,0,0,0,0,0,0,0,0,0,0,0,0,0,0,0,0,0,0,0,0,0,0,0,0,0,0,0,0,0,0,0,0,0.0,51,0,1,level
11797997,2023-11-17,"FIFA World Cup, Qualification CAF, Group A",Guinea-Bissau,H,1,1,issoufou-dayo,364758,Issoufou Dayo,DF,1,1,0,90,,0,0,0,0,0,0,0,0,0,0,0,0,0,0,0,0,0,0,0,0,0,0,0,0,0,0,0,0,0,0,0,0,0,0,0,0,0,0,0.0,96,1,1,level
11797997,2023-11-17,"FIFA World Cup, Qualification CAF, Group A",Guinea-Bissau,H,1,1,kilian-nikiema,1149858,Kilian Nikiema,GK,0,0,0,0,,0,0,0,0,0,0,0,0,0,0,0,0,0,0,0,0,0,0,0,0,0,0,0,0,0,0,0,0,0,0,0,0,0,0,0,0,0,0,,,0,0,
11797997,2023-11-17,"FIFA World Cup, Qualification CAF, Group A",Guinea-Bissau,H,1,1,mohamed-konate,850011,Mohamed Konaté,FW,1,1,0,90,,0,0,0,0,0,0,0,0,0,0,0,0,0,0,0,0,0,0,0,0,0,0,0,0,0,0,0,0,0,0,0,0,0,0,0,0,0,0,0.0,96,1,1,level
11797997,2023-11-17,"FIFA World Cup, Qualification CAF, Group A",Guinea-Bissau,H,1,1,nasser-djiga,1127169,Nasser Djiga,DF,0,0,0,0,,0,0,0,0,0,0,0,0,0,0,0,0,0,0,0,0,0,0,0,0,0,0,0,0,0,0,0,0,0,0,0,0,0,0,0,0,0,0,,,0,0,
11797997,2023-11-17,"FIFA World Cup, Qualification CAF, Group A",Guinea-Bissau,H,1,1,sacha-banse,1126690,Sacha Bansé,MF,0,0,0,0,,0,0,0,0,0,0,0,0,0,0,0,0,0,0,0,0,0,0,0,0,0,0,0,0,0,0,0,0,0,0,0,0,0,0,0,0,0,0,,,0,0,
11797997,2023-11-17,"FIFA World Cup, Qualification CAF, Group A",Guinea-Bissau,H,1,1,steeve-yago,174911,Steeve Yago,DF,0,1,0,45,,0,0,0,0,0,0,0,0,0,0,0,0,0,0,0,0,0,0,0,0,0,0,0,0,0,0,0,0,0,0,0,0,0,0,0,0,0,0,51,96,1,0,trailing
11797997,2023-11-17,"FIFA World Cup, Qualification CAF, Group A",Guinea-Bissau,H,1,1,stephane-aziz-ki,865473,Stephane Aziz Ki,MF,0,1,0,16,,0,0,0,0,0,0,0,0,0,0,0,0,0,0,0,0,0,0,0,0,0,0,0,0,0,0,0,0,0,0,0,0,0,0,0,0,0,0,80,96,0,0,level
11797997,2023-11-17,"FIFA World Cup, Qualification CAF, Group A",Guinea-Bissau,H,1,1,trova-boni,919990,Trova Boni,DF,0,0,0,0,,0,0,0,0,0,0,0,0,0,0,0,0,0,0,0,0,0,0,0,0,0,0,0,0,0,0,0,0,0,0,0,0,0,0,0,0,0,0,,,0,0,
11797997,2023-11-17,"FIFA World Cup, Qualification CAF, Group A",Guinea-Bissau,H,1,1,valentin-nouma,1435940,Valentin Nouma,DF,0,0,0,0,,0,0,0,0,0,0,0,0,0,0,0,0,0,0,0,0,0,0,0,0,0,0,0,0,0,0,0,0,0,0,0,0,0,0,0,0,0,0,,,0,0,
11798005,2023-11-21,"FIFA World Cup, Qualification CAF, Group A",Ethiopia,A,3,0,abdoul-guiebre,915839,Abdoul Guiebre,DF,1,1,0,76,,0,0,0,0,0,0,0,0,0,0,0,0,0,0,0,0,0,0,0,0,0,0,0,0,0,0,0,0,0,0,0,0,0,0,0,0,0,0,0.0,76,1,0,level
11798005,2023-11-21,"FIFA World Cup, Qualification CAF, Group A",Ethiopia,A,3,0,abdoul-tapsoba,1000129,Abdoul Tapsoba,FW,0,1,0,1,,0,0,0,0,0,0,0,0,0,0,0,0,0,0,0,0,0,0,0,0,0,0,0,0,0,0,0,0,0,0,0,0,0,0,0,0,0,0,92,92,0,0,leading
11798005,2023-11-21,"FIFA World Cup, Qualification CAF, Group A",Ethiopia,A,3,0,adamo-nagalo,1108094,Adamo Nagalo,DF,0,1,0,14,,0,0,0,0,0,0,0,0,0,0,0,0,0,0,0,0,0,0,0,0,0,0,0,0,0,0,0,0,0,0,0,0,0,0,0,0,0,0,76,92,2,0,leading
11798005,2023-11-21,"FIFA World Cup, Qualification CAF, Group A",Ethiopia,A,3,0,bertrand-traore,218160,Bertrand Traoré,FW,0,1,0,44,,0,0,0,1,0,0,0,0,0,0,0,0,0,0,1,0,0,0,0,0,0,0,0,0,0,0,0,0,0,0,0,0,0,0,0,0,0,0,46,92,3,0,level
11798005,2023-11-21,"FIFA World Cup, Qualification CAF, Group A",Ethiopia,A,3,0,blati-toure,806244,Blati Touré,MF,1,1,0,90,,0,0,0,0,0,0,0,0,0,0,0,0,0,0,1,0,0,0,0,0,0,0,0,0,0,0,0,0,0,0,0,0,0,0,0,0,0,0,0.0,92,3,0,level
11798005,2023-11-21,"FIFA World Cup, Qualification CAF, Group A",Ethiopia,A,3,0,cedric-badolo,989361,Cedric Badolo,MF,1,1,0,90,,0,0,0,0,0,0,0,0,0,0,0,0,0,0,0,0,0,0,0,0,0,0,0,0,0,0,0,0,0,0,0,0,0,0,0,0,0,0,0.0,92,3,0,level
11798005,2023-11-21,"FIFA World Cup, Qualification CAF, Group A",Ethiopia,A,3,0,dango-ouattara,1106451,Dango Ouattara,FW,1,1,0,90,,0,0,0,0,0,0,0,0,0,0,0,0,0,0,1,0,0,0,0,0,0,0,0,0,0,0,0,0,0,0,0,0,0,0,0,0,0,0,0.0,92,3,0,level
11798005,2023-11-21,"FIFA World Cup, Qualification CAF, Group A",Ethiopia,A,3,0,dramane-salou,924861,Dramane Salou,MF,0,0,0,0,,0,0,0,0,0,0,0,0,0,0,0,0,0,0,0,0,0,0,0,0,0,0,0,0,0,0,0,0,0,0,0,0,0,0,0,0,0,0,,,0,0,
11798005,2023-11-21,"FIFA World Cup, Qualification CAF, Group A",Ethiopia,A,3,0,edmond-tapsoba,883262,Edmond Tapsoba,DF,1,1,0,90,,0,0,0,0,0,0,0,0,0,0,0,0,0,0,0,0,0,0,0,0,0,0,0,0,0,0,0,0,0,0,0,0,0,0,0,0,0,0,0.0,92,3,0,level
11798005,2023-11-21,"FIFA World Cup, Qualification CAF, Group A",Ethiopia,A,3,0,gustavo-sangare,1019038,Gustavo Sangaré,MF,0,1,0,17,,0,0,0,0,0,0,0,0,0,0,0,0,0,0,0,0,0,0,0,0,0,0,0,0,0,0,0,0,0,0,0,0,0,0,0,0,0,0,73,92,2,0,leading
11798005,2023-11-21,"FIFA World Cup, Qualification CAF, Group A",Ethiopia,A,3,0,hassane-bande,886227,Hassane Bandé,FW,1,1,0,46,,0,0,0,0,0,0,0,0,0,0,0,0,0,0,0,0,0,0,0,0,0,0,0,0,0,0,0,0,0,0,0,0,0,0,0,0,0,0,0.0,46,0,0,level
11798005,2023-11-21,"FIFA World Cup, Qualification CAF, Group A",Ethiopia,A,3,0,herve-koffi,867299,Hervé Koffi,GK,1,1,0,90,,0,0,0,0,0,0,0,0,0,0,0,0,0,0,0,0,0,0,0,0,0,0,0,0,0,0,0,0,0,0,0,0,0,0,0,0,0,0,0.0,92,3,0,level
11798005,2023-11-21,"FIFA World Cup, Qualification CAF, Group A",Ethiopia,A,3,0,hillel-konate,580180,Hillel Konaté,GK,0,0,0,0,,0,0,0,0,0,0,0,0,0,0,0,0,0,0,0,0,0,0,0,0,0,0,0,0,0,0,0,0,0,0,0,0,0,0,0,0,0,0,,,0,0,
11798005,2023-11-21,"FIFA World Cup, Qualification CAF, Group A",Ethiopia,A,3,0,ismahila-ouedraogo,1099259,Ismahila Ouédraogo,MF,1,1,0,90,,0,0,0,0,0,0,0,0,0,0,0,0,0,0,0,0,0,0,0,0,0,0,0,0,0,0,0,0,0,0,0,0,0,0,0,0,0,0,0.0,92,3,0,level
11798005,2023-11-21,"FIFA World Cup, Qualification CAF, Group A",Ethiopia,A,3,0,issoufou-dayo,364758,Issoufou Dayo,DF,1,1,1,76,,0,0,0,0,0,0,0,0,0,0,0,0,0,0,0,0,0,0,0,0,0,0,0,0,0,0,0,0,0,0,0,0,0,0,0,0,0,0,0.0,76,1,0,level
11798005,2023-11-21,"FIFA World Cup, Qualification CAF, Group A",Ethiopia,A,3,0,kilian-nikiema,1149858,Kilian Nikiema,GK,0,0,0,0,,0,0,0,0,0,0,0,0,0,0,0,0,0,0,0,0,0,0,0,0,0,0,0,0,0,0,0,0,0,0,0,0,0,0,0,0,0,0,,,0,0,
11798005,2023-11-21,"FIFA World Cup, Qualification CAF, Group A",Ethiopia,A,3,0,nasser-djiga,1127169,Nasser Djiga,DF,0,0,0,0,,0,0,0,0,0,0,0,0,0,0,0,0,0,0,0,0,0,0,0,0,0,0,0,0,0,0,0,0,0,0,0,0,0,0,0,0,0,0,,,0,0,
11798005,2023-11-21,"FIFA World Cup, Qualification CAF, Group A",Ethiopia,A,3,0,sacha-banse,1126690,Sacha Bansé,MF,0,0,0,0,,0,0,0,0,0,0,0,0,0,0,0,0,0,0,0,0,0,0,0,0,0,0,0,0,0,0,0,0,0,0,0,0,0,0,0,0,0,0,,,0,0,
11798005,2023-11-21,"FIFA World Cup, Qualification CAF, Group A",Ethiopia,A,3,0,steeve-yago,174911,Steeve Yago,DF,1,1,0,90,,0,0,0,0,0,0,0,0,0,0,0,0,0,0,0,0,0,0,0,0,0,0,0,0,0,0,0,0,0,0,0,0,0,0,0,0,0,0,0.0,92,3,0,level
11798005,2023-11-21,"FIFA World Cup, Qualification CAF, Group A",Ethiopia,A,3,0,stephane-aziz-ki,865473,Stephane Aziz Ki,MF,1,1,0,73,,0,0,0,0,0,0,0,0,0,0,0,0,0,0,0,0,0,0,0,0,0,0,0,0,0,0,0,0,0,0,0,0,0,0,0,0,0,0,0.0,73,1,0,level
11798005,2023-11-21,"FIFA World Cup, Qualification CAF, Group A",Ethiopia,A,3,0,trova-boni,919990,Trova Boni,DF,0,0,0,0,,0,0,0,0,0,0,0,0,0,0,0,0,0,0,0,0,0,0,0,0,0,0,0,0,0,0,0,0,0,0,0,0,0,0,0,0,0,0,,,0,0,
11798005,2023-11-21,"FIFA World Cup, Qualification CAF, Group A",Ethiopia,A,3,0,valentin-nouma,1435940,Valentin Nouma,DF,0,1,0,14,,0,0,0,0,0,0,0,0,0,0,0,0,0,0,0,0,0,0,0,0,0,0,0,0,0,0,0,0,0,0,0,0,0,0,0,0,0,0,76,92,2,0,leading
11940049,2024-01-05,Int. Friendly Games,Iran,A,1,2,abdoul-guiebre,915839,Abdoul Guiebre,DF,1,0,0,0,,0,0,0,0,0,0,0,0,0,0,0,0,0,0,0,0,0,0,0,0,0,0,0,0,0,0,0,0,0,0,0,0,0,0,0,0,0,0,0.0,95,1,2,level
11940049,2024-01-05,Int. Friendly Games,Iran,A,1,2,abdoul-tapsoba,1000129,Abdoul Tapsoba,FW,1,0,0,0,,0,0,0,0,0,0,0,0,0,0,0,0,0,0,0,0,0,0,0,0,0,0,0,0,0,0,0,0,0,0,0,0,0,0,0,0,0,0,0.0,95,1,2,level
11940049,2024-01-05,Int. Friendly Games,Iran,A,1,2,adama-guira,139357,Adama Guira,MF,1,0,0,0,,0,0,0,0,0,0,0,0,0,0,0,0,0,0,0,0,0,0,0,0,0,0,0,0,0,0,0,0,0,0,0,0,0,0,0,0,0,0,0.0,95,1,2,level
11940049,2024-01-05,Int. Friendly Games,Iran,A,1,2,adamo-nagalo,1108094,Adamo Nagalo,DF,1,0,0,0,,0,0,0,0,0,0,0,0,0,0,0,0,0,0,0,0,0,0,0,0,0,0,0,0,0,0,0,0,0,0,0,0,0,0,0,0,0,0,0.0,95,1,2,level
11940049,2024-01-05,Int. Friendly Games,Iran,A,1,2,blati-toure,806244,Blati Touré,MF,1,0,0,0,,0,0,0,0,0,0,0,0,0,0,0,0,0,0,0,0,0,0,0,0,0,0,0,0,0,0,0,0,0,0,0,0,0,0,0,0,0,0,0.0,95,1,2,level
11940049,2024-01-05,Int. Friendly Games,Iran,A,1,2,hillel-konate,580180,Hillel Konaté,GK,1,0,0,0,,0,0,0,0,0,0,0,0,0,0,0,0,0,0,0,0,0,0,0,0,0,0,0,0,0,0,0,0,0,0,0,0,0,0,0,0,0,0,0.0,95,1,2,level
11940049,2024-01-05,Int. Friendly Games,Iran,A,1,2,issoufou-dayo,364758,Issoufou Dayo,DF,1,0,0,0,,0,0,0,0,0,0,0,0,0,0,0,0,0,0,0,0,0,0,0,0,0,0,0,0,0,0,0,0,0,0,0,0,0,0,0,0,0,0,0.0,95,1,2,level
11940049,2024-01-05,Int. Friendly Games,Iran,A,1,2,mamady-bangre,994867,Mamady Bangré,FW,1,0,0,0,,0,0,0,0,0,0,0,0,0,0,0,0,0,0,0,0,0,0,0,0,0,0,0,0,0,0,0,0,0,0,0,0,0,0,0,0,0,0,0.0,95,1,2,level
11940049,2024-01-05,Int. Friendly Games,Iran,A,1,2,mohamed-konate,850011,Mohamed Konaté,FW,1,0,0,0,,0,0,0,0,0,0,0,0,0,0,0,0,0,0,0,0,0,0,0,0,0,0,0,0,0,0,0,0,0,0,0,0,0,0,0,0,0,0,0.0,95,1,2,level
11940049,2024-01-05,Int. Friendly Games,Iran,A,1,2,steeve-yago,174911,Steeve Yago,DF,1,0,0,0,,0,0,0,0,0,0,0,0,0,0,0,0,0,0,0,0,0,0,0,0,0,0,0,0,0,0,0,0,0,0,0,0,0,0,0,0,0,0,0.0,95,1,2,level
11940049,2024-01-05,Int. Friendly Games,Iran,A,1,2,stephane-aziz-ki,865473,Stephane Aziz Ki,MF,1,0,0,0,,0,0,0,0,0,0,0,0,0,0,0,0,0,0,0,0,0,0,0,0,0,0,0,0,0,0,0,0,0,0,0,0,0,0,0,0,0,0,0.0,95,1,2,level
11961075,2024-01-10,Int. Friendly Games,DR Congo,A,2,1,adama-guira,139357,Adama Guira,MF,1,0,0,0,,0,0,0,0,0,0,0,0,0,0,0,0,0,0,0,0,0,0,0,0,0,0,0,0,0,0,0,0,0,0,0,0,0,0,0,0,0,0,0.0,95,2,1,level
11961075,2024-01-10,Int. Friendly Games,DR Congo,A,2,1,adamo-nagalo,1108094,Adamo Nagalo,DF,1,0,0,0,,0,0,0,0,0,0,0,0,0,0,0,0,0,0,0,0,0,0,0,0,0,0,0,0,0,0,0,0,0,0,0,0,0,0,0,0,0,0,0.0,95,2,1,level
11961075,2024-01-10,Int. Friendly Games,DR Congo,A,2,1,blati-toure,806244,Blati Touré,MF,1,0,0,0,,0,0,0,0,0,0,0,0,0,0,0,0,0,0,0,0,0,0,0,0,0,0,0,0,0,0,0,0,0,0,0,0,0,0,0,0,0,0,0.0,95,2,1,level
11961075,2024-01-10,Int. Friendly Games,DR Congo,A,2,1,cedric-badolo,989361,Cedric Badolo,MF,1,0,0,0,,0,0,0,0,0,0,0,0,0,0,0,0,0,0,0,0,0,0,0,0,0,0,0,0,0,0,0,0,0,0,0,0,0,0,0,0,0,0,0.0,95,2,1,level
11961075,2024-01-10,Int. Friendly Games,DR Congo,A,2,1,edmond-tapsoba,883262,Edmond Tapsoba,DF,1,0,0,0,,0,0,0,0,0,0,0,0,0,0,0,0,0,0,0,0,0,0,0,0,0,0,0,0,0,0,0,0,0,0,0,0,0,0,0,0,0,0,0.0,95,2,1,level
11961075,2024-01-10,Int. Friendly Games,DR Congo,A,2,1,gustavo-sangare,1019038,Gustavo Sangaré,MF,1,0,0,0,,0,0,0,0,0,0,0,0,0,0,0,0,0,0,0,0,0,0,0,0,0,0,0,0,0,0,0,0,0,0,0,0,0,0,0,0,0,0,0.0,95,2,1,level
11961075,2024-01-10,Int. Friendly Games,DR Congo,A,2,1,hillel-konate,580180,Hillel Konaté,GK,1,0,0,0,,0,0,0,0,0,0,0,0,0,0,0,0,0,0,0,0,0,0,0,0,0,0,0,0,0,0,0,0,0,0,0,0,0,0,0,0,0,0,0.0,95,2,1,level
11961075,2024-01-10,Int. Friendly Games,DR Congo,A,2,1,issoufou-dayo,364758,Issoufou Dayo,DF,1,0,0,0,,0,0,0,0,0,0,0,0,0,0,0,0,0,0,0,0,0,0,0,0,0,0,0,0,0,0,0,0,0,0,0,0,0,0,0,0,0,0,0.0,95,2,1,level
11961075,2024-01-10,Int. Friendly Games,DR Congo,A,2,1,mamady-bangre,994867,Mamady Bangré,FW,1,0,0,0,,0,0,0,0,0,0,0,0,0,0,0,0,0,0,0,0,0,0,0,0,0,0,0,0,0,0,0,0,0,0,0,0,0,0,0,0,0,0,0.0,95,2,1,level
11961075,2024-01-10,Int. Friendly Games,DR Congo,A,2,1,mohamed-konate,850011,Mohamed Konaté,FW,1,0,0,0,,0,0,0,0,0,0,0,0,0,0,0,0,0,0,0,0,0,0,0,0,0,0,0,0,0,0,0,0,0,0,0,0,0,0,0,0,0,0,0.0,95,2,1,level
11961075,2024-01-10,Int. Friendly Games,DR Congo,A,2,1,sacha-banse,1126690,Sacha Bansé,MF,1,0,0,0,,0,0,0,0,0,0,0,0,0,0,0,0,0,0,0,0,0,0,0,0,0,0,0,0,0,0,0,0,0,0,0,0,0,0,0,0,0,0,0.0,95,2,1,level
11761878,2024-01-16,"Africa Cup of Nations, Group D",Mauritania,H,1,0,abdoul-guiebre,915839,Abdoul Guiebre,DF,0,0,0,0,,0,0,0,0,0,0,0,0,0,0,0,0,0,0,0,0,0,0,0,0,0,0,0,0,0,0,0,0,0,0,0,0,0,0,0,0,0,0,,,0,0,
11761878,2024-01-16,"Africa Cup of Nations, Group D",Mauritania,H,1,0,abdoul-tapsoba,1000129,Abdoul Tapsoba,FW,0,1,0,45,6.6,1,0,2,0,1,1,0,1,1,0,4,3,0,2,0,0,0,1,1,1,10,7,0,0,0,0,0,0,0,0,0,0,0,0,0,1,1,20,50,100,1,0,level
11761878,2024-01-16,"Africa Cup of Nations, Group D",Mauritania,H,1,0,adama-guira,139357,Adama Guira,MF,1,1,0,90,6.7,1,2,0,0,0,0,0,0,0,0,7,2,1,3,0,0,1,0,3,2,54,48,0,0,0,0,0,5,0,0,0,0,0,1,0,1,0,58,0.0,100,1,0,level
11761878,2024-01-16,"Africa Cup of Nations, Group D",Mauritania,H,1,0,adamo-nagalo,1108094,Adamo Nagalo,DF,0,0,0,0,,0,0,0,0,0,0,0,0,0,0,0,0,0,0,0,0,0,0,0,0,0,0,0,0,0,0,0,0,0,0,0,0,0,0,0,0,0,0,,,0,0,
11761878,2024-01-16,"Africa Cup of Nations, Group D",Mauritania,H,1,0,bertrand-traore,218160,Bertrand Traoré,FW,0,1,0,17,7.5,1,0,0,0,0,2,0,0,0,0,0,0,0,0,1,0,0,0,0,0,6,5,0,0,0,0,0,0,0,0,0,0,0,3,3,0,0,12,77,100,1,0,level
11761878,2024-01-16,"Africa Cup of Nations, Group D",Mauritania,H,1,0,blati-toure,806244,Blati Touré,MF,1,1,0,90,6.1,1,2,0,0,1,1,0,2,1,0,11,4,0,3,0,0,0,1,6,2,56,47,0,0,0,0,0,6,0,0,0,0,0,0,0,4,0,76,0.0,100,1,0,level
11761878,2024-01-16,"Africa Cup of Nations, Group D",Mauritania,H,1,0,cedric-badolo,989361,Cedric Badolo,MF,1,1,0,73,6.5,1,0,0,0,0,4,0,1,1,0,2,0,0,0,0,0,1,0,0,0,16,12,0,0,0,0,0,1,0,0,0,0,0,0,0,0,0,30,0.0,77,0,0,level
11761878,2024-01-16,"Africa Cup of Nations, Group D",Mauritania,H,1,0,djibril-ouattara,971036,Djibril Ouattara,FW,0,1,0,14,6.6,1,0,0,0,0,1,0,0,0,0,0,1,1,0,0,0,0,0,0,0,1,1,0,0,0,0,0,0,0,0,0,0,0,0,0,0,0,3,89,100,1,0,level
11761878,2024-01-16,"Africa Cup of Nations, Group D",Mauritania,H,1,0,dramane-salou,924861,Dramane Salou,MF,0,0,0,0,,0,0,0,0,0,0,0,0,0,0,0,0,0,0,0,0,0,0,0,0,0,0,0,0,0,0,0,0,0,0,0,0,0,0,0,0,0,0,,,0,0,
11761878,2024-01-16,"Africa Cup of Nations, Group D",Mauritania,H,1,0,edmond-tapsoba,883262,Edmond Tapsoba,DF,1,1,0,90,7.3,1,1,3,0,3,0,0,0,1,1,2,5,1,0,0,0,0,1,9,6,53,46,0,0,0,0,0,7,0,0,0,0,0,0,0,0,0,63,0.0,100,1,0,level
11761878,2024-01-16,"Africa Cup of Nations, Group D",Mauritania,H,1,0,gustavo-sangare,1019038,Gustavo Sangaré,MF,0,0,0,0,,0,0,0,0,0,0,0,0,0,0,0,0,0,0,0,0,0,0,0,0,0,0,0,0,0,0,0,0,0,0,0,0,0,0,0,0,0,0,,,0,0,
11761878,2024-01-16,"Africa Cup of Nations, Group D",Mauritania,H,1,0,hassane-bande,886227,Hassane Bandé,FW,0,1,0,13,6.6,1,0,0,0,0,0,0,0,0,0,0,1,1,0,0,0,0,0,0,0,1,1,0,0,0,0,0,0,0,0,0,0,0,0,0,0,0,2,90,100,1,0,level
11761878,2024-01-16,"Africa Cup of Nations, Group D",Mauritania,H,1,0,herve-koffi,867299,Hervé Koffi,GK,1,1,0,90,7.7,1,0,1,0,0,0,0,0,0,0,0,1,1,0,0,0,0,0,6,3,18,15,0,0,0,0,0,13,4,0,0,0,0,0,0,0,0,30,0.0,100,1,0,level
11761878,2024-01-16,"Africa Cup of Nations, Group D",Mauritania,H,1,0,hillel-konate,580180,Hillel Konaté,GK,0,0,0,0,,0,0,0,0,0,0,0,0,0,0,0,0,0,0,0,0,0,0,0,0,0,0,0,0,0,0,0,0,0,0,0,0,0,0,0,0,0,0,,,0,0,
11761878,2024-01-16,"Africa Cup of Nations, Group D",Mauritania,H,1,0,ismahila-ouedraogo,1099259,Ismahila Ouédraogo,MF,0,0,0,0,,0,0,0,0,0,0,0,0,0,0,0,0,0,0,0,0,0,0,0,0,0,0,0,0,0,0,0,0,0,0,0,0,0,0,0,0,0,0,,,0,0,
11761878,2024-01-16,"Africa Cup of Nations, Group D",Mauritania,H,1,0,issa-kabore,1006189,Issa Kaboré,DF,1,1,0,90,7.5,1,1,0,0,0,3,0,2,1,0,9,7,3,1,0,0,1,0,1,0,38,31,0,0,0,1,0,6,0,0,0,0,0,0,0,4,2,64,0.0,100,1,0,level
11761878,2024-01-16,"Africa Cup of Nations, Group D",Mauritania,H,1,0,issoufou-dayo,364758,Issoufou Dayo,DF,1,1,1,90,7.2,1,1,6,0,3,0,0,0,0,0,1,6,0,0,0,0,1,1,9,4,58,50,0,0,0,0,0,4,0,0,0,0,0,0,0,0,0,63,0.0,100,1,0,level
11761878,2024-01-16,"Africa Cup of Nations, Group D",Mauritania,H,1,0,kilian-nikiema,1149858,Kilian Nikiema,GK,0,0,0,0,,0,0,0,0,0,0,0,0,0,0,0,0,0,0,0,0,0,0,0,0,0,0,0,0,0,0,0,0,0,0,0,0,0,0,0,0,0,0,,,0,0,
11761878,2024-01-16,"Africa Cup of Nations, Group D",Mauritania,H,1,0,mamady-bangre,994867,Mamady Bangré,FW,1,1,0,45,6.2,1,0,0,0,0,0,0,2,4,0,6,3,0,0,0,0,0,0,0,0,15,11,0,0,0,0,0,3,0,0,0,0,0,0,0,3,0,32,0.0,50,0,0,level
11761878,2024-01-16,"Africa Cup of Nations, Group D",Mauritania,H,1,0,mohamed-konate,850011,Mohamed Konaté,FW,1,1,0,85,6.8,1,0,3,0,2,0,0,0,0,0,4,3,0,6,0,0,0,1,0,0,5,3,0,0,0,0,0,1,0,0,0,0,0,1,1,0,0,15,0.0,89,0,0,level
11761878,2024-01-16,"Africa Cup of Nations, Group D",Mauritania,H,1,0,nasser-djiga,1127169,Nasser Djiga,DF,0,0,0,0,,0,0,0,0,0,0,0,0,0,0,0,0,0,0,0,0,0,0,0,0,0,0,0,0,0,0,0,0,0,0,0,0,0,0,0,0,0,0,,,0,0,
11761878,2024-01-16,"Africa Cup of Nations, Group D",Mauritania,H,1,0,steeve-yago,174911,Steeve Yago,DF,1,1,0,90,7.3,1,0,3,0,1,0,0,1,1,1,5,7,1,4,0,0,2,1,3,2,45,34,0,0,0,0,0,8,0,0,0,0,0,0,0,2,2,67,0.0,100,1,0,level
11761878,2024-01-16,"Africa Cup of Nations, Group D",Mauritania,H,1,0,stephane-aziz-ki,865473,Stephane Aziz Ki,MF,1,1,0,86,6.8,1,2,0,0,0,5,1,6,2,2,12,5,3,2,0,0,1,1,4,2,27,21,0,0,0,0,0,4,0,0,0,0,0,6,1,0,0,58,0.0,90,0,0,level
11761889,2024-01-20,"Africa Cup of Nations, Group D",Algeria,A,2,2,abdoul-guiebre,915839,Abdoul Guiebre,DF,0,0,0,0,,0,0,0,0,0,0,0,0,0,0,0,0,0,0,0,0,0,0,0,0,0,0,0,0,0,0,0,0,0,0,0,0,0,0,0,0,0,0,,,0,0,
11761889,2024-01-20,"Africa Cup of Nations, Group D",Algeria,A,2,2,abdoul-tapsoba,1000129,Abdoul Tapsoba,FW,1,1,0,84,6.9,1,3,3,1,0,2,0,1,2,0,8,5,0,2,0,0,0,1,3,1,9,4,0,0,0,0,0,0,0,0,0,0,0,1,1,2,2,22,0.0,88,2,1,level
11761889,2024-01-20,"Africa Cup of Nations, Group D",Algeria,A,2,2,adama-guira,139357,Adama Guira,MF,1,1,0,38,6.8,1,2,0,0,0,0,0,0,0,0,2,2,1,0,0,0,0,1,1,1,8,6,0,0,0,0,0,0,0,0,0,0,0,0,0,1,1,11,0.0,39,0,0,level
11761889,2024-01-20,"Africa Cup of Nations, Group D",Algeria,A,2,2,adamo-nagalo,1108094,Adamo Nagalo,DF,1,1,0,84,6.6,1,0,0,0,1,0,0,1,0,0,2,5,1,1,0,0,0,0,2,2,21,14,0,0,0,0,0,4,0,0,0,0,0,0,0,4,3,30,0.0,88,2,1,level
11761889,2024-01-20,"Africa Cup of Nations, Group D",Algeria,A,2,2,bertrand-traore,218160,Bertrand Traoré,FW,0,1,0,26,6.8,1,3,0,0,0,0,0,0,1,0,5,1,1,1,1,0,0,0,0,0,7,6,0,0,0,0,0,0,0,0,0,0,0,2,1,0,0,14,68,103,1,1,level
11761889,2024-01-20,"Africa Cup of Nations, Group D",Algeria,A,2,2,blati-toure,806244,Blati Touré,MF,1,1,0,90,6.8,1,0,0,0,1,0,0,2,2,2,5,5,1,2,0,0,1,0,4,2,28,23,0,0,0,0,0,1,0,0,0,0,0,1,0,2,1,41,0.0,103,2,2,level
11761889,2024-01-20,"Africa Cup of Nations, Group D",Algeria,A,2,2,cedric-badolo,989361,Cedric Badolo,MF,0,1,0,16,6.5,1,1,0,0,0,0,0,0,0,0,2,0,0,1,0,0,0,1,1,1,3,2,0,0,0,0,0,0,0,0,0,0,0,0,0,0,0,4,88,103,0,1,leading
11761889,2024-01-20,"Africa Cup of Nations, Group D",Algeria,A,2,2,djibril-ouattara,971036,Djibril Ouattara,FW,0,0,0,0,,0,0,0,0,0,0,0,0,0,0,0,0,0,0,0,0,0,0,0,0,0,0,0,0,0,0,0,0,0,0,0,0,0,0,0,0,0,0,,,0,0,
11761889,2024-01-20,"Africa Cup of Nations, Group D",Algeria,A,2,2,dramane-salou,924861,Dramane Salou,MF,0,1,0,16,6.4,1,0,0,0,0,0,0,0,0,0,1,1,1,0,0,0,0,0,0,0,3,3,0,0,0,0,0,1,0,0,0,0,0,0,0,0,0,4,88,103,0,1,leading
11761889,2024-01-20,"Africa Cup of Nations, Group D",Algeria,A,2,2,edmond-tapsoba,883262,Edmond Tapsoba,DF,1,1,0,90,6.5,1,2,1,0,3,0,0,0,1,0,3,3,2,0,0,0,1,0,6,3,35,31,0,0,0,0,0,1,0,0,0,0,0,0,0,0,0,45,0.0,103,2,2,level
11761889,2024-01-20,"Africa Cup of Nations, Group D",Algeria,A,2,2,gustavo-sangare,1019038,Gustavo Sangaré,MF,1,1,0,84,6.3,1,1,0,0,0,2,0,1,0,0,4,0,0,2,0,0,0,0,1,1,21,19,0,0,0,0,0,3,0,0,0,0,0,0,0,0,0,25,0.0,88,2,1,level
11761889,2024-01-20,"Africa Cup of Nations, Group D",Algeria,A,2,2,hassane-bande,886227,Hassane Bandé,FW,0,0,0,0,,0,0,0,0,0,0,0,0,0,0,0,0,0,0,0,0,0,0,0,0,0,0,0,0,0,0,0,0,0,0,0,0,0,0,0,0,0,0,,,0,0,
11761889,2024-01-20,"Africa Cup of Nations, Group D",Algeria,A,2,2,herve-koffi,867299,Hervé Koffi,GK,1,1,0,90,6.7,1,0,0,0,1,0,0,0,0,0,0,0,0,0,0,2,0,0,22,7,32,16,0,0,0,0,0,11,2,2,0,0,0,0,0,0,0,44,0.0,103,2,2,level
11761889,2024-01-20,"Africa Cup of Nations, Group D",Algeria,A,2,2,hillel-konate,580180,Hillel Konaté,GK,0,0,0,0,,0,0,0,0,0,0,0,0,0,0,0,0,0,0,0,0,0,0,0,0,0,0,0,0,0,0,0,0,0,0,0,0,0,0,0,0,0,0,,,0,0,
11761889,2024-01-20,"Africa Cup of Nations, Group D",Algeria,A,2,2,ismahila-ouedraogo,1099259,Ismahila Ouédraogo,MF,0,1,0,52,6.5,1,0,1,0,0,0,0,0,0,0,0,1,0,0,0,0,0,0,0,0,10,8,0,0,0,0,0,1,0,0,0,0,0,0,0,0,0,12,39,103,2,2,level
11761889,2024-01-20,"Africa Cup of Nations, Group D",Algeria,A,2,2,issa-kabore,1006189,Issa Kaboré,DF,1,1,0,90,7.2,1,1,0,0,0,4,0,2,4,1,9,6,3,2,0,0,1,2,1,1,16,13,0,0,0,1,0,4,0,0,0,0,0,0,0,2,1,45,0.0,103,2,2,level
11761889,2024-01-20,"Africa Cup of Nations, Group D",Algeria,A,2,2,issoufou-dayo,364758,Issoufou Dayo,DF,1,1,1,90,6.6,1,0,0,0,7,0,0,0,0,0,1,0,0,1,0,0,2,0,7,2,22,17,0,0,0,0,0,2,0,0,0,0,0,0,0,0,0,32,0.0,103,2,2,level
11761889,2024-01-20,"Africa Cup of Nations, Group D",Algeria,A,2,2,kilian-nikiema,1149858,Kilian Nikiema,GK,0,0,0,0,,0,0,0,0,0,0,0,0,0,0,0,0,0,0,0,0,0,0,0,0,0,0,0,0,0,0,0,0,0,0,0,0,0,0,0,0,0,0,,,0,0,
11761889,2024-01-20,"Africa Cup of Nations, Group D",Algeria,A,2,2,mamady-bangre,994867,Mamady Bangré,FW,0,0,0,0,,0,0,0,0,0,0,0,0,0,0,0,0,0,0,0,0,0,0,0,0,0,0,0,0,0,0,0,0,0,0,0,0,0,0,0,0,0,0,,,0,0,
11761889,2024-01-20,"Africa Cup of Nations, Group D",Algeria,A,2,2,mohamed-konate,850011,Mohamed Konaté,FW,1,1,0,64,6.5,1,1,0,0,0,0,0,2,0,0,7,1,1,4,1,0,0,0,1,0,6,3,0,0,0,0,0,0,0,0,0,0,0,2,1,0,0,13,0.0,68,1,1,level
11761889,2024-01-20,"Africa Cup of Nations, Group D",Algeria,A,2,2,nasser-djiga,1127169,Nasser Djiga,DF,0,1,0,16,6.2,1,0,0,0,2,0,0,0,0,0,1,0,0,1,0,0,0,0,0,0,2,1,0,0,0,0,0,1,0,0,0,0,0,0,0,0,0,5,88,103,0,1,leading
11761889,2024-01-20,"Africa Cup of Nations, Group D",Algeria,A,2,2,steeve-yago,174911,Steeve Yago,DF,1,1,0,90,6.5,1,3,0,0,0,0,0,1,0,0,5,4,1,1,0,0,0,1,0,0,14,11,0,0,0,0,0,5,0,0,0,0,0,0,0,3,2,26,0.0,103,2,2,level
11761889,2024-01-20,"Africa Cup of Nations, Group D",Algeria,A,2,2,stephane-aziz-ki,865473,Stephane Aziz Ki,MF,0,0,0,0,,0,0,0,0,0,0,0,0,0,0,0,0,0,0,0,0,0,0,0,0,0,0,0,0,0,0,0,0,0,0,0,0,0,0,0,0,0,0,,,0,0,
11761902,2024-01-23,"Africa Cup of Nations, Group D",Angola,A,0,2,abdoul-guiebre,915839,Abdoul Guiebre,DF,1,1,0,76,7,1,0,0,0,2,1,0,1,5,4,3,8,1,1,0,0,1,0,3,2,25,17,0,0,0,0,0,8,0,0,0,0,0,2,0,3,1,53,0.0,81,0,1,level
11761902,2024-01-23,"Africa Cup of Nations, Group D",Angola,A,0,2,abdoul-tapsoba,1000129,Abdoul Tapsoba,FW,0,1,0,14,6.4,1,1,0,0,0,0,0,0,0,0,1,0,0,1,0,0,0,0,1,0,2,1,0,0,0,0,0,0,0,0,0,0,0,0,0,0,0,2,81,103,0,1,trailing
11761902,2024-01-23,"Africa Cup of Nations, Group D",Angola,A,0,2,adamo-nagalo,1108094,Adamo Nagalo,DF,0,0,0,0,,0,0,0,0,0,0,0,0,0,0,0,0,0,0,0,0,0,0,0,0,0,0,0,0,0,0,0,0,0,0,0,0,0,0,0,0,0,0,,,0,0,
11761902,2024-01-23,"Africa Cup of Nations, Group D",Angola,A,0,2,bertrand-traore,218160,Bertrand Traoré,FW,1,1,1,76,6.9,1,0,0,0,0,3,0,0,2,0,2,2,1,0,0,0,0,0,1,1,35,32,0,0,0,0,0,3,0,0,0,0,0,4,1,1,1,51,0.0,81,0,1,level
11761902,2024-01-23,"Africa Cup of Nations, Group D",Angola,A,0,2,cedric-badolo,989361,Cedric Badolo,MF,1,1,0,45,6.6,1,0,0,0,0,2,0,0,1,0,2,0,0,1,0,0,0,1,0,0,15,15,0,0,0,0,0,0,0,0,0,0,0,1,0,0,0,23,0.0,51,0,1,level
11761902,2024-01-23,"Africa Cup of Nations, Group D",Angola,A,0,2,dango-ouattara,1106451,Dango Ouattara,FW,1,1,0,90,6.9,1,1,1,0,0,8,1,0,3,1,4,4,1,1,0,0,0,3,1,0,20,12,0,0,0,0,0,5,0,0,0,0,0,4,1,1,1,48,0.0,103,0,2,level
11761902,2024-01-23,"Africa Cup of Nations, Group D",Angola,A,0,2,djibril-ouattara,971036,Djibril Ouattara,FW,0,1,0,45,6.8,1,4,1,0,0,0,0,0,2,1,5,2,0,0,0,0,0,0,0,0,11,9,0,0,0,0,0,0,0,0,0,0,0,1,0,0,0,17,51,103,0,1,trailing
11761902,2024-01-23,"Africa Cup of Nations, Group D",Angola,A,0,2,dramane-salou,924861,Dramane Salou,MF,0,0,0,0,,0,0,0,0,0,0,0,0,0,0,0,0,0,0,0,0,0,0,0,0,0,0,0,0,0,0,0,0,0,0,0,0,0,0,0,0,0,0,,,0,0,
11761902,2024-01-23,"Africa Cup of Nations, Group D",Angola,A,0,2,edmond-tapsoba,883262,Edmond Tapsoba,DF,1,1,0,90,6.8,1,4,5,0,4,1,0,0,0,0,5,6,0,1,0,0,0,0,9,6,58,50,0,0,0,0,0,8,0,0,0,0,0,3,0,1,1,70,0.0,103,0,2,level
11761902,2024-01-23,"Africa Cup of Nations, Group D",Angola,A,0,2,gustavo-sangare,1019038,Gustavo Sangaré,MF,1,1,0,90,7.8,1,0,2,0,0,1,0,0,3,2,5,12,2,2,0,0,1,3,5,4,60,49,0,0,0,0,0,7,0,0,0,0,0,1,0,6,2,81,0.0,103,0,2,level
11761902,2024-01-23,"Africa Cup of Nations, Group D",Angola,A,0,2,hassane-bande,886227,Hassane Bandé,FW,0,1,0,10,6.5,1,0,0,0,0,0,0,0,0,0,0,0,0,0,0,0,0,0,0,0,2,1,0,0,0,0,0,0,0,0,0,0,0,0,0,0,0,3,94,103,0,1,trailing
11761902,2024-01-23,"Africa Cup of Nations, Group D",Angola,A,0,2,herve-koffi,867299,Hervé Koffi,GK,1,1,0,90,6.6,1,0,0,0,0,0,0,0,0,0,0,0,0,0,0,0,0,0,10,4,18,12,0,0,0,0,0,4,3,1,0,0,0,0,0,0,0,22,0.0,103,0,2,level
11761902,2024-01-23,"Africa Cup of Nations, Group D",Angola,A,0,2,hillel-konate,580180,Hillel Konaté,GK,0,0,0,0,,0,0,0,0,0,0,0,0,0,0,0,0,0,0,0,0,0,0,0,0,0,0,0,0,0,0,0,0,0,0,0,0,0,0,0,0,0,0,,,0,0,
11761902,2024-01-23,"Africa Cup of Nations, Group D",Angola,A,0,2,ismahila-ouedraogo,1099259,Ismahila Ouédraogo,MF,1,1,0,89,7.3,1,0,2,0,0,0,0,0,0,0,3,12,6,1,0,0,2,0,5,3,37,33,0,0,0,0,0,7,0,0,0,0,0,0,0,4,4,54,0.0,94,0,1,level
11761902,2024-01-23,"Africa Cup of Nations, Group D",Angola,A,0,2,issa-kabore,1006189,Issa Kaboré,DF,1,1,0,90,7,1,2,0,0,0,5,2,0,0,0,2,4,0,1,0,0,0,3,1,1,28,26,0,0,0,0,0,4,0,0,0,0,0,1,0,4,3,54,0.0,103,0,2,level
11761902,2024-01-23,"Africa Cup of Nations, Group D",Angola,A,0,2,issoufou-dayo,364758,Issoufou Dayo,DF,1,1,0,90,6.6,1,3,3,0,1,0,0,0,0,0,3,3,0,0,0,0,1,0,6,5,45,38,0,0,0,0,0,1,0,0,0,0,0,1,0,0,0,51,0.0,103,0,2,level
11761902,2024-01-23,"Africa Cup of Nations, Group D",Angola,A,0,2,kilian-nikiema,1149858,Kilian Nikiema,GK,0,0,0,0,,0,0,0,0,0,0,0,0,0,0,0,0,0,0,0,0,0,0,0,0,0,0,0,0,0,0,0,0,0,0,0,0,0,0,0,0,0,0,,,0,0,
11761902,2024-01-23,"Africa Cup of Nations, Group D",Angola,A,0,2,mamady-bangre,994867,Mamady Bangré,FW,0,0,0,0,,0,0,0,0,0,0,0,0,0,0,0,0,0,0,0,0,0,0,0,0,0,0,0,0,0,0,0,0,0,0,0,0,0,0,0,0,0,0,,,0,0,
11761902,2024-01-23,"Africa Cup of Nations, Group D",Angola,A,0,2,nasser-djiga,1127169,Nasser Djiga,DF,0,0,0,0,,0,0,0,0,0,0,0,0,0,0,0,0,0,0,0,0,0,0,0,0,0,0,0,0,0,0,0,0,0,0,0,0,0,0,0,0,0,0,,,0,0,
11761902,2024-01-23,"Africa Cup of Nations, Group D",Angola,A,0,2,sacha-banse,1126690,Sacha Bansé,MF,0,1,0,10,6.5,1,0,1,0,0,0,0,0,0,0,0,1,0,0,0,0,0,0,0,0,4,4,0,0,0,0,0,1,0,0,0,0,0,0,0,0,0,4,94,103,0,1,trailing
11761902,2024-01-23,"Africa Cup of Nations, Group D",Angola,A,0,2,steeve-yago,174911,Steeve Yago,DF,0,1,0,14,6.3,1,0,0,0,0,0,0,0,0,0,0,0,0,0,0,0,0,0,0,0,4,4,0,0,0,0,0,2,0,0,0,0,0,0,0,0,0,5,81,103,0,1,trailing
11761902,2024-01-23,"Africa Cup of Nations, Group D",Angola,A,0,2,stephane-aziz-ki,865473,Stephane Aziz Ki,MF,1,1,0,89,7.4,1,0,0,0,0,2,0,1,2,1,3,4,3,1,0,0,0,4,5,0,37,24,0,0,0,0,0,3,0,0,0,0,0,2,1,0,0,61,0.0,94,0,1,level
11761902,2024-01-23,"Africa Cup of Nations, Group D",Angola,A,0,2,valentin-nouma,1435940,Valentin Nouma,DF,0,0,0,0,,0,0,0,0,0,0,0,0,0,0,0,0,0,0,0,0,0,0,0,0,0,0,0,0,0,0,0,0,0,0,0,0,0,0,0,0,0,0,,,0,0,
11940715,2024-01-30,"Africa Cup of Nations, Knockout stage",Mali,A,1,2,abdoul-guiebre,915839,Abdoul Guiebre,DF,0,0,0,0,,0,0,0,0,0,0,0,0,0,0,0,0,0,0,0,0,0,0,0,0,0,0,0,0,0,0,0,0,0,0,0,0,0,0,0,0,0,0,,,0,0,
11940715,2024-01-30,"Africa Cup of Nations, Knockout stage",Mali,A,1,2,abdoul-tapsoba,1000129,Abdoul Tapsoba,FW,1,1,0,45,6.4,1,1,0,0,1,1,0,0,1,0,3,2,1,1,0,0,0,0,1,1,5,4,0,0,0,0,0,2,0,0,0,0,0,0,0,1,0,14,0.0,50,0,1,level
11940715,2024-01-30,"Africa Cup of Nations, Knockout stage",Mali,A,1,2,adamo-nagalo,1108094,Adamo Nagalo,DF,0,1,0,45,6.6,1,2,0,0,1,0,0,0,0,0,3,3,1,1,0,0,0,0,4,1,25,20,0,0,0,0,0,1,0,0,0,0,0,0,0,2,1,35,50,102,1,1,trailing
11940715,2024-01-30,"Africa Cup of Nations, Knockout stage",Mali,A,1,2,bertrand-traore,218160,Bertrand Traoré,FW,1,1,1,77,7.6,1,2,0,0,0,3,2,1,0,0,4,5,5,1,1,0,0,2,2,1,18,13,0,0,0,0,0,2,0,0,0,0,0,2,2,0,0,37,0.0,81,1,2,level
11940715,2024-01-30,"Africa Cup of Nations, Knockout stage",Mali,A,1,2,blati-toure,806244,Blati Touré,MF,1,1,0,90,6.6,1,0,0,0,0,0,0,0,1,0,2,3,3,1,0,0,2,0,1,1,32,28,0,0,0,0,0,5,0,0,0,0,0,0,0,0,0,46,0.0,102,1,2,level
11940715,2024-01-30,"Africa Cup of Nations, Knockout stage",Mali,A,1,2,cedric-badolo,989361,Cedric Badolo,MF,0,1,0,45,6.4,1,0,1,0,0,1,1,1,0,0,3,1,0,1,0,0,0,1,1,0,12,8,0,0,0,0,0,6,0,0,0,0,0,0,0,0,0,19,50,102,1,1,trailing
11940715,2024-01-30,"Africa Cup of Nations, Knockout stage",Mali,A,1,2,dango-ouattara,1106451,Dango Ouattara,FW,0,1,0,13,7,1,1,0,0,1,0,0,0,0,0,1,3,2,0,0,0,0,0,0,0,7,4,0,0,0,0,0,0,0,0,0,0,0,0,0,1,1,12,81,102,0,0,trailing
11940715,2024-01-30,"Africa Cup of Nations, Knockout stage",Mali,A,1,2,djibril-ouattara,971036,Djibril Ouattara,FW,0,0,0,0,,0,0,0,0,0,0,0,0,0,0,0,0,0,0,0,0,0,0,0,0,0,0,0,0,0,0,0,0,0,0,0,0,0,0,0,0,0,0,,,0,0,
11940715,2024-01-30,"Africa Cup of Nations, Knockout stage",Mali,A,1,2,dramane-salou,924861,Dramane Salou,MF,0,0,0,0,,0,0,0,0,0,0,0,0,0,0,0,0,0,0,0,0,0,0,0,0,0,0,0,0,0,0,0,0,0,0,0,0,0,0,0,0,0,0,,,0,0,
11940715,2024-01-30,"Africa Cup of Nations, Knockout stage",Mali,A,1,2,edmond-tapsoba,883262,Edmond Tapsoba,DF,1,1,0,90,6.1,1,1,2,0,1,0,0,1,0,0,5,3,0,3,0,0,0,0,16,6,52,38,0,0,0,0,0,5,0,0,0,0,0,1,1,1,1,64,0.0,102,1,2,level
11940715,2024-01-30,"Africa Cup of Nations, Knockout stage",Mali,A,1,2,gustavo-sangare,1019038,Gustavo Sangaré,MF,1,1,0,87,7,1,1,0,0,0,0,0,1,2,2,4,8,4,2,0,0,1,1,0,0,18,17,0,0,0,0,0,2,0,0,0,0,0,0,0,2,2,32,0.0,91,1,2,level
11940715,2024-01-30,"Africa Cup of Nations, Knockout stage",Mali,A,1,2,herve-koffi,867299,Hervé Koffi,GK,1,1,0,90,6.5,1,0,0,0,0,0,0,0,0,0,0,0,0,0,0,0,0,0,20,7,37,24,0,0,0,0,0,7,3,2,0,0,0,0,0,0,0,42,0.0,102,1,2,level
11940715,2024-01-30,"Africa Cup of Nations, Knockout stage",Mali,A,1,2,hillel-konate,580180,Hillel Konaté,GK,0,0,0,0,,0,0,0,0,0,0,0,0,0,0,0,0,0,0,0,0,0,0,0,0,0,0,0,0,0,0,0,0,0,0,0,0,0,0,0,0,0,0,,,0,0,
11940715,2024-01-30,"Africa Cup of Nations, Knockout stage",Mali,A,1,2,ismahila-ouedraogo,1099259,Ismahila Ouédraogo,MF,1,1,0,68,6,1,1,1,0,0,0,0,0,1,0,7,2,0,3,0,0,0,0,1,1,15,12,0,0,0,0,0,0,0,0,0,0,0,0,0,1,0,21,0.0,72,1,2,level
11940715,2024-01-30,"Africa Cup of Nations, Knockout stage",Mali,A,1,2,issa-kabore,1006189,Issa Kaboré,DF,1,1,0,90,6.6,1,1,1,0,1,7,2,1,4,2,6,5,2,0,0,0,0,2,1,1,27,23,0,0,0,0,0,2,0,0,0,0,0,0,0,1,1,61,0.0,102,1,2,level
11940715,2024-01-30,"Africa Cup of Nations, Knockout stage",Mali,A,1,2,issoufou-dayo,364758,Issoufou Dayo,DF,1,1,0,90,6.3,1,2,2,0,2,0,0,0,0,0,4,2,0,2,0,0,2,0,10,3,39,30,0,0,0,0,0,4,0,0,0,0,0,1,0,0,0,46,0.0,102,1,2,level
11940715,2024-01-30,"Africa Cup of Nations, Knockout stage",Mali,A,1,2,kilian-nikiema,1149858,Kilian Nikiema,GK,0,0,0,0,,0,0,0,0,0,0,0,0,0,0,0,0,0,0,0,0,0,0,0,0,0,0,0,0,0,0,0,0,0,0,0,0,0,0,0,0,0,0,,,0,0,
11940715,2024-01-30,"Africa Cup of Nations, Knockout stage",Mali,A,1,2,mamady-bangre,994867,Mamady Bangré,FW,0,0,0,0,,0,0,0,0,0,0,0,0,0,0,0,0,0,0,0,0,0,0,0,0,0,0,0,0,0,0,0,0,0,0,0,0,0,0,0,0,0,0,,,0,0,
11940715,2024-01-30,"Africa Cup of Nations, Knockout stage",Mali,A,1,2,mohamed-konate,850011,Mohamed Konaté,FW,1,1,0,90,6.6,1,7,6,0,1,1,0,2,0,0,11,6,0,2,0,0,1,0,0,0,10,6,0,0,0,0,0,0,0,0,0,0,0,4,1,0,0,27,0.0,102,1,2,level
11940715,2024-01-30,"Africa Cup of Nations, Knockout stage",Mali,A,1,2,nasser-djiga,1127169,Nasser Djiga,DF,0,0,0,0,,0,0,0,0,0,0,0,0,0,0,0,0,0,0,0,0,0,0,0,0,0,0,0,0,0,0,0,0,0,0,0,0,0,0,0,0,0,0,,,0,0,
11940715,2024-01-30,"Africa Cup of Nations, Knockout stage",Mali,A,1,2,sacha-banse,1126690,Sacha Bansé,MF,0,1,0,22,6.8,1,0,1,0,0,0,0,0,1,1,1,3,0,0,0,0,1,0,1,0,10,7,0,0,0,0,0,2,0,0,0,0,0,0,0,1,1,18,72,102,0,0,trailing
11940715,2024-01-30,"Africa Cup of Nations, Knockout stage",Mali,A,1,2,steeve-yago,174911,Steeve Yago,DF,1,1,0,45,6.4,1,0,0,0,0,0,0,0,0,0,0,0,0,0,0,0,1,0,1,0,16,10,0,0,0,0,0,1,0,0,0,0,0,0,0,0,0,24,0.0,50,0,1,level
11940715,2024-01-30,"Africa Cup of Nations, Knockout stage",Mali,A,1,2,stephane-aziz-ki,865473,Stephane Aziz Ki,MF,0,1,0,13,6.5,1,0,0,0,0,1,1,1,0,0,2,0,0,1,0,0,0,0,2,1,4,3,0,0,0,0,0,1,0,0,0,0,0,0,0,0,0,9,91,102,0,0,trailing
12183516,2024-06-06,"FIFA World Cup, Qualification CAF, Group A",Egypt,A,1,2,adamo-nagalo,1108094,Adamo Nagalo,DF,0,0,0,0,,0,0,0,0,0,0,0,0,0,0,0,0,0,0,0,0,0,0,0,0,0,0,0,0,0,0,0,0,0,0,0,0,0,0,0,0,0,0,,,0,0,
12183516,2024-06-06,"FIFA World Cup, Qualification CAF, Group A",Egypt,A,1,2,blati-toure,806244,Blati Touré,MF,1,1,0,46,,0,0,0,0,0,0,0,0,0,0,0,0,0,0,0,0,0,0,0,0,0,0,0,0,0,0,0,0,0,0,0,0,0,0,0,0,0,0,0.0,46,0,2,level
12183516,2024-06-06,"FIFA World Cup, Qualification CAF, Group A",Egypt,A,1,2,cedric-badolo,989361,Cedric Badolo,MF,0,1,0,44,,0,0,0,0,0,0,0,0,0,0,0,0,0,0,0,0,0,0,0,0,0,0,0,0,0,0,0,0,0,0,0,0,0,0,0,0,0,0,46,92,1,0,trailing
12183516,2024-06-06,"FIFA World Cup, Qualification CAF, Group A",Egypt,A,1,2,dango-ouattara,1106451,Dango Ouattara,FW,1,1,0,90,,0,0,0,0,0,0,0,0,0,0,0,0,0,0,0,0,0,0,0,0,0,0,0,0,0,0,0,0,0,0,0,0,0,0,0,0,0,0,0.0,92,1,2,level
12183516,2024-06-06,"FIFA World Cup, Qualification CAF, Group A",Egypt,A,1,2,edmond-tapsoba,883262,Edmond Tapsoba,DF,1,1,0,90,,0,0,0,0,0,0,0,0,0,0,0,0,0,0,0,0,0,0,0,0,0,0,0,0,0,0,0,0,0,0,0,0,0,0,0,0,0,0,0.0,92,1,2,level
12183516,2024-06-06,"FIFA World Cup, Qualification CAF, Group A",Egypt,A,1,2,farid-ouedraogo,1006190,Farid Ouédraogo,GK,0,0,0,0,,0,0,0,0,0,0,0,0,0,0,0,0,0,0,0,0,0,0,0,0,0,0,0,0,0,0,0,0,0,0,0,0,0,0,0,0,0,0,,,0,0,
12183516,2024-06-06,"FIFA World Cup, Qualification CAF, Group A",Egypt,A,1,2,gustavo-sangare,1019038,Gustavo Sangaré,MF,1,1,0,46,,0,0,0,0,0,0,0,0,0,0,0,0,0,0,0,0,0,0,0,0,0,0,0,0,0,0,0,0,0,0,0,0,0,0,0,0,0,0,0.0,46,0,2,level
12183516,2024-06-06,"FIFA World Cup, Qualification CAF, Group A",Egypt,A,1,2,hassane-bande,886227,Hassane Bandé,FW,0,1,0,44,,0,0,0,0,0,0,0,0,0,0,0,0,0,0,0,0,0,0,0,0,0,0,0,0,0,0,0,0,0,0,0,0,0,0,0,0,0,0,46,92,1,0,trailing
12183516,2024-06-06,"FIFA World Cup, Qualification CAF, Group A",Egypt,A,1,2,hassim-traore,156151,Hassim Traore,FW,0,0,0,0,,0,0,0,0,0,0,0,0,0,0,0,0,0,0,0,0,0,0,0,0,0,0,0,0,0,0,0,0,0,0,0,0,0,0,0,0,0,0,,,0,0,
12183516,2024-06-06,"FIFA World Cup, Qualification CAF, Group A",Egypt,A,1,2,ismahila-ouedraogo,1099259,Ismahila Ouédraogo,MF,0,0,0,0,,0,0,0,0,0,0,0,0,0,0,0,0,0,0,0,0,0,0,0,0,0,0,0,0,0,0,0,0,0,0,0,0,0,0,0,0,0,0,,,0,0,
12183516,2024-06-06,"FIFA World Cup, Qualification CAF, Group A",Egypt,A,1,2,kilian-nikiema,1149858,Kilian Nikiema,GK,1,1,0,90,,0,0,0,0,0,0,0,0,0,0,0,0,0,0,0,0,0,0,0,0,0,0,0,0,0,0,0,0,0,0,0,0,0,0,0,0,0,0,0.0,92,1,2,level
12183516,2024-06-06,"FIFA World Cup, Qualification CAF, Group A",Egypt,A,1,2,lassina-traore,911719,Lassina Traoré,FW,1,1,0,84,,0,0,0,0,0,0,0,0,0,0,0,0,0,0,1,0,0,0,0,0,0,0,0,0,0,0,0,0,0,0,0,0,0,0,0,0,0,0,0.0,84,1,2,level
12183516,2024-06-06,"FIFA World Cup, Qualification CAF, Group A",Egypt,A,1,2,mohamed-konate,850011,Mohamed Konaté,FW,0,1,0,6,,0,0,0,0,0,0,0,0,0,0,0,0,0,0,0,0,0,0,0,0,0,0,0,0,0,0,0,0,0,0,0,0,0,0,0,0,0,0,84,92,0,0,trailing
12183516,2024-06-06,"FIFA World Cup, Qualification CAF, Group A",Egypt,A,1,2,mohamed-ouedraogo,1506773,Mohamed Ouédraogo,DF,1,1,0,90,,0,0,0,0,0,0,0,0,0,0,0,0,0,0,0,0,0,0,0,0,0,0,0,0,0,0,0,0,0,0,0,0,0,0,0,0,0,0,0.0,92,1,2,level
12183516,2024-06-06,"FIFA World Cup, Qualification CAF, Group A",Egypt,A,1,2,nasser-djiga,1127169,Nasser Djiga,DF,1,1,0,90,,0,0,0,0,0,0,0,0,0,0,0,0,0,0,0,0,0,0,0,0,0,0,0,0,0,0,0,0,0,0,0,0,0,0,0,0,0,0,0.0,92,1,2,level
12183516,2024-06-06,"FIFA World Cup, Qualification CAF, Group A",Egypt,A,1,2,ousseni-bouda,983282,Ousseni Bouda,FW,1,1,0,46,,0,0,0,0,0,0,0,0,0,0,0,0,0,0,0,0,0,0,0,0,0,0,0,0,0,0,0,0,0,0,0,0,0,0,0,0,0,0,0.0,46,0,2,level
12183516,2024-06-06,"FIFA World Cup, Qualification CAF, Group A",Egypt,A,1,2,regis-ndo,1084705,Regis Ndo,FW,0,0,0,0,,0,0,0,0,0,0,0,0,0,0,0,0,0,0,0,0,0,0,0,0,0,0,0,0,0,0,0,0,0,0,0,0,0,0,0,0,0,0,,,0,0,
12183516,2024-06-06,"FIFA World Cup, Qualification CAF, Group A",Egypt,A,1,2,sacha-banse,1126690,Sacha Bansé,MF,1,1,0,90,,0,0,0,0,0,0,0,0,0,0,0,0,0,0,0,0,0,0,0,0,0,0,0,0,0,0,0,0,0,0,0,0,0,0,0,0,0,0,0.0,92,1,2,level
12183516,2024-06-06,"FIFA World Cup, Qualification CAF, Group A",Egypt,A,1,2,saidou-simpore,785883,Saïdou Simporé,DF,0,1,0,44,,0,0,0,0,0,0,0,0,0,0,0,0,0,0,0,0,0,0,0,0,0,0,0,0,0,0,0,0,0,0,0,0,0,0,0,0,0,0,46,92,1,0,trailing
12183516,2024-06-06,"FIFA World Cup, Qualification CAF, Group A",Egypt,A,1,2,steeve-yago,174911,Steeve Yago,DF,1,1,1,90,,0,0,0,0,0,0,0,0,0,0,0,0,0,0,0,0,0,0,0,0,0,0,0,0,0,0,0,0,0,0,0,0,0,0,0,0,0,0,0.0,92,1,2,level
12183516,2024-06-06,"FIFA World Cup, Qualification CAF, Group A",Egypt,A,1,2,stephane-aziz-ki,865473,Stephane Aziz Ki,MF,0,0,0,0,,0,0,0,0,0,0,0,0,0,0,0,0,0,0,0,0,0,0,0,0,0,0,0,0,0,0,0,0,0,0,0,0,0,0,0,0,0,0,,,0,0,
12183516,2024-06-06,"FIFA World Cup, Qualification CAF, Group A",Egypt,A,1,2,valentin-nouma,1435940,Valentin Nouma,DF,0,0,0,0,,0,0,0,0,0,0,0,0,0,0,0,0,0,0,0,0,0,0,0,0,0,0,0,0,0,0,0,0,0,0,0,0,0,0,0,0,0,0,,,0,0,
12183524,2024-06-10,"FIFA World Cup, Qualification CAF, Group A",Sierra Leone,H,2,2,adamo-nagalo,1108094,Adamo Nagalo,DF,1,1,0,90,,0,0,0,0,0,0,0,0,0,0,0,0,0,0,0,0,0,0,0,0,0,0,0,0,0,0,0,0,0,0,0,0,0,0,0,0,0,0,0.0,92,2,2,level
12183524,2024-06-10,"FIFA World Cup, Qualification CAF, Group A",Sierra Leone,H,2,2,blati-toure,806244,Blati Touré,MF,0,1,0,1,,0,0,0,0,0,0,0,0,0,0,0,0,0,0,0,0,0,0,0,0,0,0,0,0,0,0,0,0,0,0,0,0,0,0,0,0,0,0,91,92,0,0,level
12183524,2024-06-10,"FIFA World Cup, Qualification CAF, Group A",Sierra Leone,H,2,2,cedric-badolo,989361,Cedric Badolo,MF,1,1,0,89,,0,0,0,0,0,0,0,0,0,0,0,0,0,0,0,0,0,0,0,0,0,0,0,0,0,0,0,0,0,0,0,0,0,0,0,0,0,0,0.0,91,2,2,level
12183524,2024-06-10,"FIFA World Cup, Qualification CAF, Group A",Sierra Leone,H,2,2,dango-ouattara,1106451,Dango Ouattara,FW,1,1,0,89,,0,0,0,0,0,0,0,0,0,0,0,0,0,0,1,0,0,0,0,0,0,0,0,0,0,0,0,0,0,0,0,0,0,0,0,0,0,0,0.0,91,2,2,level
12183524,2024-06-10,"FIFA World Cup, Qualification CAF, Group A",Sierra Leone,H,2,2,edmond-tapsoba,883262,Edmond Tapsoba,DF,1,1,0,90,,0,0,0,0,0,0,0,0,0,0,0,0,0,0,0,0,0,0,0,0,0,0,0,0,0,0,0,0,0,0,0,0,0,0,0,0,0,0,0.0,92,2,2,level
12183524,2024-06-10,"FIFA World Cup, Qualification CAF, Group A",Sierra Leone,H,2,2,farid-ouedraogo,1006190,Farid Ouédraogo,GK,0,0,0,0,,0,0,0,0,0,0,0,0,0,0,0,0,0,0,0,0,0,0,0,0,0,0,0,0,0,0,0,0,0,0,0,0,0,0,0,0,0,0,,,0,0,
12183524,2024-06-10,"FIFA World Cup, Qualification CAF, Group A",Sierra Leone,H,2,2,gustavo-sangare,1019038,Gustavo Sangaré,MF,0,0,0,0,,0,0,0,0,0,0,0,0,0,0,0,0,0,0,0,0,0,0,0,0,0,0,0,0,0,0,0,0,0,0,0,0,0,0,0,0,0,0,,,0,0,
12183524,2024-06-10,"FIFA World Cup, Qualification CAF, Group A",Sierra Leone,H,2,2,hassane-bande,886227,Hassane Bandé,FW,1,1,0,80,,0,0,0,0,0,0,0,0,0,0,0,0,0,0,0,0,0,0,0,0,0,0,0,0,0,0,0,0,0,0,0,0,0,0,0,0,0,0,0.0,82,2,1,level
12183524,2024-06-10,"FIFA World Cup, Qualification CAF, Group A",Sierra Leone,H,2,2,hassim-traore,156151,Hassim Traore,FW,0,1,0,10,,0,0,0,0,0,0,0,0,0,0,0,0,0,0,0,0,0,0,0,0,0,0,0,0,0,0,0,0,0,0,0,0,0,0,0,0,0,0,82,92,0,1,leading
12183524,2024-06-10,"FIFA World Cup, Qualification CAF, Group A",Sierra Leone,H,2,2,ismahila-ouedraogo,1099259,Ismahila Ouédraogo,MF,0,0,0,0,,0,0,0,0,0,0,0,0,0,0,0,0,0,0,0,0,0,0,0,0,0,0,0,0,0,0,0,0,0,0,0,0,0,0,0,0,0,0,,,0,0,
12183524,2024-06-10,"FIFA World Cup, Qualification CAF, Group A",Sierra Leone,H,2,2,kilian-nikiema,1149858,Kilian Nikiema,GK,1,1,0,90,,0,0,0,0,0,0,0,0,0,0,0,0,0,0,0,0,0,0,0,0,0,0,0,0,0,0,0,0,0,0,0,0,0,0,0,0,0,0,0.0,92,2,2,level
12183524,2024-06-10,"FIFA World Cup, Qualification CAF, Group A",Sierra Leone,H,2,2,lassina-traore,911719,Lassina Traoré,FW,1,1,0,69,,0,0,0,0,0,0,0,0,0,0,0,0,0,0,1,0,0,0,0,0,0,0,0,0,0,0,0,0,0,0,0,0,0,0,0,0,0,0,0.0,71,2,1,level
12183524,2024-06-10,"FIFA World Cup, Qualification CAF, Group A",Sierra Leone,H,2,2,mohamed-konate,850011,Mohamed Konaté,FW,0,1,0,21,,0,0,0,0,0,0,0,0,0,0,0,0,0,0,0,0,0,0,0,0,0,0,0,0,0,0,0,0,0,0,0,0,0,0,0,0,0,0,71,92,0,1,leading
12183524,2024-06-10,"FIFA World Cup, Qualification CAF, Group A",Sierra Leone,H,2,2,mohamed-ouedraogo,1506773,Mohamed Ouédraogo,DF,1,1,0,90,,0,0,0,0,0,0,0,0,0,0,0,0,0,0,0,0,0,0,0,0,0,0,0,0,0,0,0,0,0,0,0,0,0,0,0,0,0,0,0.0,92,2,2,level
12183524,2024-06-10,"FIFA World Cup, Qualification CAF, Group A",Sierra Leone,H,2,2,nampe-salifou-coulibaly,1883966,Nampe Salifou Coulibaly,GK,0,0,0,0,,0,0,0,0,0,0,0,0,0,0,0,0,0,0,0,0,0,0,0,0,0,0,0,0,0,0,0,0,0,0,0,0,0,0,0,0,0,0,,,0,0,
12183524,2024-06-10,"FIFA World Cup, Qualification CAF, Group A",Sierra Leone,H,2,2,nasser-djiga,1127169,Nasser Djiga,DF,0,0,0,0,,0,0,0,0,0,0,0,0,0,0,0,0,0,0,0,0,0,0,0,0,0,0,0,0,0,0,0,0,0,0,0,0,0,0,0,0,0,0,,,0,0,
12183524,2024-06-10,"FIFA World Cup, Qualification CAF, Group A",Sierra Leone,H,2,2,ousseni-bouda,983282,Ousseni Bouda,FW,0,1,0,1,,0,0,0,0,0,0,0,0,0,0,0,0,0,0,0,0,0,0,0,0,0,0,0,0,0,0,0,0,0,0,0,0,0,0,0,0,0,0,91,92,0,0,level
12183524,2024-06-10,"FIFA World Cup, Qualification CAF, Group A",Sierra Leone,H,2,2,regis-ndo,1084705,Regis Ndo,FW,0,0,0,0,,0,0,0,0,0,0,0,0,0,0,0,0,0,0,0,0,0,0,0,0,0,0,0,0,0,0,0,0,0,0,0,0,0,0,0,0,0,0,,,0,0,
12183524,2024-06-10,"FIFA World Cup, Qualification CAF, Group A",Sierra Leone,H,2,2,sacha-banse,1126690,Sacha Bansé,MF,1,1,0,90,,0,0,0,0,0,0,0,0,0,0,0,0,0,0,0,0,0,0,0,0,0,0,0,0,0,0,0,0,0,0,0,0,0,0,0,0,0,0,0.0,92,2,2,level
12183524,2024-06-10,"FIFA World Cup, Qualification CAF, Group A",Sierra Leone,H,2,2,saidou-simpore,785883,Saïdou Simporé,DF,0,1,0,21,,0,0,0,0,0,0,0,0,0,0,0,0,0,0,0,0,0,0,0,0,0,0,0,0,0,0,0,0,0,0,0,0,0,0,0,0,0,0,71,92,0,1,leading
12183524,2024-06-10,"FIFA World Cup, Qualification CAF, Group A",Sierra Leone,H,2,2,steeve-yago,174911,Steeve Yago,DF,1,1,1,90,,0,0,0,0,0,0,0,0,0,0,0,0,0,0,0,0,0,0,0,0,0,0,0,0,0,0,0,0,0,0,0,0,0,0,0,0,0,0,0.0,92,2,2,level
12183524,2024-06-10,"FIFA World Cup, Qualification CAF, Group A",Sierra Leone,H,2,2,stephane-aziz-ki,865473,Stephane Aziz Ki,MF,1,1,0,69,,0,0,0,1,0,0,0,0,0,0,0,0,0,0,0,0,0,0,0,0,0,0,0,0,0,0,0,0,0,0,0,0,0,0,0,0,0,0,0.0,71,2,1,level
12183524,2024-06-10,"FIFA World Cup, Qualification CAF, Group A",Sierra Leone,H,2,2,valentin-nouma,1435940,Valentin Nouma,DF,0,0,0,0,,0,0,0,0,0,0,0,0,0,0,0,0,0,0,0,0,0,0,0,0,0,0,0,0,0,0,0,0,0,0,0,0,0,0,0,0,0,0,,,0,0,
12526616,2024-09-06,"Africa Cup of Nations, Qualification, Group L",Senegal,A,1,1,abdoul-kader-ouattara,1652684,Abdoul Kader Ouattara,FW,0,1,0,8,6.7,1,0,0,0,0,0,0,0,0,0,0,3,3,0,0,0,0,0,2,0,5,2,0,0,0,0,0,2,0,0,0,0,0,0,0,0,0,8,86,99,1,0,trailing
12526616,2024-09-06,"Africa Cup of Nations, Qualification, Group L",Senegal,A,1,1,blati-toure,806244,Blati Touré,MF,0,0,0,0,,0,0,0,0,0,0,0,0,0,0,0,0,0,0,0,0,0,0,0,0,0,0,0,0,0,0,0,0,0,0,0,0,0,0,0,0,0,0,,,0,0,
12526616,2024-09-06,"Africa Cup of Nations, Qualification, Group L",Senegal,A,1,1,cedric-badolo,989361,Cedric Badolo,MF,1,1,0,82,6.1,1,0,1,0,0,6,2,2,1,0,6,2,0,2,0,0,0,2,7,4,36,29,0,0,0,0,0,2,0,0,0,0,0,1,0,1,0,52,0.0,86,0,1,level
12526616,2024-09-06,"Africa Cup of Nations, Qualification, Group L",Senegal,A,1,1,dango-ouattara,1106451,Dango Ouattara,FW,1,1,0,45,6.6,1,1,0,0,0,3,1,0,0,0,3,2,2,0,0,0,0,1,1,1,8,5,0,0,0,0,0,1,0,0,0,0,0,0,0,0,0,14,0.0,45,0,1,level
12526616,2024-09-06,"Africa Cup of Nations, Qualification, Group L",Senegal,A,1,1,dramane-salou,924861,Dramane Salou,MF,0,0,0,0,,0,0,0,0,0,0,0,0,0,0,0,0,0,0,0,0,0,0,0,0,0,0,0,0,0,0,0,0,0,0,0,0,0,0,0,0,0,0,,,0,0,
12526616,2024-09-06,"Africa Cup of Nations, Qualification, Group L",Senegal,A,1,1,edmond-tapsoba,883262,Edmond Tapsoba,DF,1,1,0,90,7.6,1,0,4,0,4,0,0,2,0,0,4,8,0,2,0,0,1,0,18,10,61,49,0,0,0,0,0,8,0,0,0,0,0,1,1,4,3,78,0.0,99,1,1,level
12526616,2024-09-06,"Africa Cup of Nations, Qualification, Group L",Senegal,A,1,1,farid-ouedraogo,1006190,Farid Ouédraogo,GK,0,0,0,0,,0,0,0,0,0,0,0,0,0,0,0,0,0,0,0,0,0,0,0,0,0,0,0,0,0,0,0,0,0,0,0,0,0,0,0,0,0,0,,,0,0,
12526616,2024-09-06,"Africa Cup of Nations, Qualification, Group L",Senegal,A,1,1,hassane-bande,886227,Hassane Bandé,FW,1,1,0,69,6.9,1,0,0,0,0,0,0,2,0,0,3,5,4,0,0,0,0,2,1,1,19,17,0,0,0,0,0,3,0,0,0,0,0,1,0,1,1,28,0.0,73,0,1,level
12526616,2024-09-06,"Africa Cup of Nations, Qualification, Group L",Senegal,A,1,1,herve-koffi,867299,Hervé Koffi,GK,1,1,1,90,6.5,1,0,0,0,0,0,0,0,0,0,0,0,0,0,0,0,0,0,17,9,31,23,0,0,0,0,0,4,1,0,0,0,0,0,0,0,0,32,0.0,99,1,1,level
12526616,2024-09-06,"Africa Cup of Nations, Qualification, Group L",Senegal,A,1,1,issa-kabore,1006189,Issa Kaboré,DF,1,1,0,90,6.5,1,0,0,0,0,2,0,0,1,0,1,1,0,0,0,0,0,0,2,1,27,23,0,0,0,0,0,8,0,0,0,0,0,0,0,1,1,39,0.0,99,1,1,level
12526616,2024-09-06,"Africa Cup of Nations, Qualification, Group L",Senegal,A,1,1,kilian-nikiema,1149858,Kilian Nikiema,GK,0,0,0,0,,0,0,0,0,0,0,0,0,0,0,0,0,0,0,0,0,0,0,0,0,0,0,0,0,0,0,0,0,0,0,0,0,0,0,0,0,0,0,,,0,0,
12526616,2024-09-06,"Africa Cup of Nations, Qualification, Group L",Senegal,A,1,1,lassina-traore,911719,Lassina Traoré,FW,0,1,0,21,6.7,1,0,1,0,0,0,0,1,0,0,2,1,0,1,0,0,0,0,0,0,4,3,0,0,0,0,0,1,0,0,0,0,0,1,1,0,0,6,73,99,1,0,trailing
12526616,2024-09-06,"Africa Cup of Nations, Qualification, Group L",Senegal,A,1,1,mohamed-ali-yabre,1499155,Mohamed Ali Yabré,DF,0,0,0,0,,0,0,0,0,0,0,0,0,0,0,0,0,0,0,0,0,0,0,0,0,0,0,0,0,0,0,0,0,0,0,0,0,0,0,0,0,0,0,,,0,0,
12526616,2024-09-06,"Africa Cup of Nations, Qualification, Group L",Senegal,A,1,1,mohamed-konate,850011,Mohamed Konaté,FW,1,1,0,82,7,1,3,2,0,0,0,0,2,0,0,5,4,1,0,0,0,1,1,0,0,5,2,0,0,0,0,0,1,0,0,0,0,0,3,1,1,1,16,0.0,86,0,1,level
12526616,2024-09-06,"Africa Cup of Nations, Qualification, Group L",Senegal,A,1,1,mohamed-ouedraogo,1506773,Mohamed Ouédraogo,DF,0,0,0,0,,0,0,0,0,0,0,0,0,0,0,0,0,0,0,0,0,0,0,0,0,0,0,0,0,0,0,0,0,0,0,0,0,0,0,0,0,0,0,,,0,0,
12526616,2024-09-06,"Africa Cup of Nations, Qualification, Group L",Senegal,A,1,1,nasser-djiga,1127169,Nasser Djiga,DF,1,1,0,90,6.8,1,1,0,0,2,0,0,0,0,0,3,2,1,1,0,0,1,0,3,2,41,38,0,0,0,0,0,8,0,0,0,0,0,0,0,1,1,50,0.0,99,1,1,level
12526616,2024-09-06,"Africa Cup of Nations, Qualification, Group L",Senegal,A,1,1,ousmane-camara,1542806,Ousmane Camara,FW,0,1,0,45,7.1,1,0,0,0,1,1,0,1,1,1,1,4,2,1,0,0,1,0,1,1,14,12,0,0,0,0,0,3,0,0,0,0,0,1,0,1,1,24,45,99,1,0,trailing
12526616,2024-09-06,"Africa Cup of Nations, Qualification, Group L",Senegal,A,1,1,ousseni-bouda,983282,Ousseni Bouda,FW,0,1,0,8,7.5,1,1,0,0,0,0,0,0,0,0,1,0,0,0,1,0,0,0,0,0,6,4,0,0,0,0,0,0,0,0,0,0,0,1,1,0,0,7,86,99,1,0,trailing
12526616,2024-09-06,"Africa Cup of Nations, Qualification, Group L",Senegal,A,1,1,sacha-banse,1126690,Sacha Bansé,MF,1,1,0,90,7.3,1,0,1,0,0,0,0,0,1,1,0,9,1,0,0,0,0,0,0,0,15,14,0,0,0,0,0,5,0,0,0,0,0,2,0,6,5,28,0.0,99,1,1,level
12526616,2024-09-06,"Africa Cup of Nations, Qualification, Group L",Senegal,A,1,1,saidou-simpore,785883,Saïdou Simporé,DF,0,1,0,21,6.7,1,0,0,0,0,0,0,1,0,0,3,4,2,2,0,0,0,0,2,1,14,12,0,0,0,0,0,2,0,0,0,0,0,0,0,2,1,19,73,99,1,0,trailing
12526616,2024-09-06,"Africa Cup of Nations, Qualification, Group L",Senegal,A,1,1,steeve-yago,174911,Steeve Yago,DF,1,1,0,90,7.4,1,1,1,0,1,0,0,1,0,0,4,10,3,2,0,0,0,1,4,1,50,40,0,0,0,0,0,7,0,0,0,0,0,0,0,6,5,70,0.0,99,1,1,level
12526616,2024-09-06,"Africa Cup of Nations, Qualification, Group L",Senegal,A,1,1,stephane-aziz-ki,865473,Stephane Aziz Ki,MF,0,0,0,0,,0,0,0,0,0,0,0,0,0,0,0,0,0,0,0,0,0,0,0,0,0,0,0,0,0,0,0,0,0,0,0,0,0,0,0,0,0,0,,,0,0,
12526616,2024-09-06,"Africa Cup of Nations, Qualification, Group L",Senegal,A,1,1,trova-boni,919990,Trova Boni,DF,1,1,0,69,6.4,1,1,0,0,0,0,0,5,1,1,10,2,1,2,0,0,4,1,2,0,21,18,0,0,0,0,0,3,0,0,0,0,0,0,0,0,0,37,0.0,73,0,1,level
12526614,2024-09-10,"Africa Cup of Nations, Qualification, Group L",Malawi,H,3,1,abdoul-kader-ouattara,1652684,Abdoul Kader Ouattara,FW,1,1,0,77,6.5,1,3,0,0,1,0,0,1,2,1,5,2,0,0,0,0,0,1,1,0,12,11,0,0,0,0,0,0,0,0,0,0,0,3,0,1,1,25,0.0,80,3,0,level
12526614,2024-09-10,"Africa Cup of Nations, Qualification, Group L",Malawi,H,3,1,blati-toure,806244,Blati Touré,MF,0,0,0,0,,0,0,0,0,0,0,0,0,0,0,0,0,0,0,0,0,0,0,0,0,0,0,0,0,0,0,0,0,0,0,0,0,0,0,0,0,0,0,,,0,0,
12526614,2024-09-10,"Africa Cup of Nations, Qualification, Group L",Malawi,H,3,1,cedric-badolo,989361,Cedric Badolo,MF,1,1,0,77,7.3,1,0,0,1,0,2,0,0,0,0,1,3,2,0,0,0,0,1,5,5,41,37,0,0,0,0,0,3,0,0,0,0,0,0,0,1,0,51,0.0,80,3,0,level
12526614,2024-09-10,"Africa Cup of Nations, Qualification, Group L",Malawi,H,3,1,dramane-salou,924861,Dramane Salou,MF,0,1,0,10,6.5,1,0,1,0,0,0,0,0,0,0,1,1,0,1,0,0,0,0,2,2,9,9,0,0,0,0,0,0,0,0,0,0,0,1,1,0,0,10,88,98,0,0,leading
12526614,2024-09-10,"Africa Cup of Nations, Qualification, Group L",Malawi,H,3,1,edmond-tapsoba,883262,Edmond Tapsoba,DF,1,1,0,90,6.9,1,0,0,0,1,1,0,2,0,0,4,1,1,2,0,0,1,2,18,10,85,73,0,0,0,0,0,7,0,0,0,0,0,0,0,0,0,95,0.0,98,3,1,level
12526614,2024-09-10,"Africa Cup of Nations, Qualification, Group L",Malawi,H,3,1,farid-ouedraogo,1006190,Farid Ouédraogo,GK,0,0,0,0,,0,0,0,0,0,0,0,0,0,0,0,0,0,0,0,0,0,0,0,0,0,0,0,0,0,0,0,0,0,0,0,0,0,0,0,0,0,0,,,0,0,
12526614,2024-09-10,"Africa Cup of Nations, Qualification, Group L",Malawi,H,3,1,gustavo-sangare,1019038,Gustavo Sangaré,MF,0,0,0,0,,0,0,0,0,0,0,0,0,0,0,0,0,0,0,0,0,0,0,0,0,0,0,0,0,0,0,0,0,0,0,0,0,0,0,0,0,0,0,,,0,0,
12526614,2024-09-10,"Africa Cup of Nations, Qualification, Group L",Malawi,H,3,1,hassane-bande,886227,Hassane Bandé,FW,1,1,0,77,7.4,1,3,0,0,0,1,0,1,3,1,6,1,0,0,1,0,0,2,1,0,26,22,0,0,0,0,0,1,0,0,0,0,0,2,2,0,0,39,0.0,80,3,0,level
12526614,2024-09-10,"Africa Cup of Nations, Qualification, Group L",Malawi,H,3,1,herve-koffi,867299,Hervé Koffi,GK,1,1,1,90,7.5,1,0,0,0,0,0,0,0,0,0,0,0,0,0,0,0,0,0,15,5,38,28,0,0,0,0,0,12,6,2,0,0,0,0,0,0,0,48,0.0,98,3,1,level
12526614,2024-09-10,"Africa Cup of Nations, Qualification, Group L",Malawi,H,3,1,issa-kabore,1006189,Issa Kaboré,DF,1,1,0,90,6.8,1,0,0,0,0,6,0,2,3,2,6,5,3,3,0,0,0,0,3,3,24,22,0,0,0,0,0,1,0,0,0,0,0,2,1,0,0,51,0.0,98,3,1,level
12526614,2024-09-10,"Africa Cup of Nations, Qualification, Group L",Malawi,H,3,1,kilian-nikiema,1149858,Kilian Nikiema,GK,0,0,0,0,,0,0,0,0,0,0,0,0,0,0,0,0,0,0,0,0,0,0,0,0,0,0,0,0,0,0,0,0,0,0,0,0,0,0,0,0,0,0,,,0,0,
12526614,2024-09-10,"Africa Cup of Nations, Qualification, Group L",Malawi,H,3,1,lassina-traore,911719,Lassina Traoré,FW,1,1,0,90,9.2,1,0,1,0,0,0,0,0,2,2,0,3,0,0,2,0,0,2,4,4,26,21,0,0,0,0,0,1,0,0,0,0,0,3,3,0,0,33,0.0,98,3,1,level
12526614,2024-09-10,"Africa Cup of Nations, Qualification, Group L",Malawi,H,3,1,mohamed-ali-yabre,1499155,Mohamed Ali Yabré,DF,0,0,0,0,,0,0,0,0,0,0,0,0,0,0,0,0,0,0,0,0,0,0,0,0,0,0,0,0,0,0,0,0,0,0,0,0,0,0,0,0,0,0,,,0,0,
12526614,2024-09-10,"Africa Cup of Nations, Qualification, Group L",Malawi,H,3,1,mohamed-konate,850011,Mohamed Konaté,FW,0,1,0,8,6.4,1,0,0,0,0,0,0,1,0,0,1,0,0,0,0,0,0,0,0,0,0,0,0,0,0,0,0,0,0,0,0,0,0,0,0,0,0,1,80,88,0,1,leading
12526614,2024-09-10,"Africa Cup of Nations, Qualification, Group L",Malawi,H,3,1,mohamed-ouedraogo,1506773,Mohamed Ouédraogo,DF,1,1,0,90,6.8,1,0,3,0,2,4,0,2,0,0,4,5,0,1,0,0,2,0,2,1,29,23,0,0,0,0,0,4,0,0,0,0,0,1,0,2,1,58,0.0,98,3,1,level
12526614,2024-09-10,"Africa Cup of Nations, Qualification, Group L",Malawi,H,3,1,nasser-djiga,1127169,Nasser Djiga,DF,1,1,0,90,6.8,1,0,3,0,1,0,0,1,0,0,2,5,1,1,0,0,1,0,8,6,60,55,0,0,0,0,0,3,0,0,0,0,0,0,0,1,1,66,0.0,98,3,1,level
12526614,2024-09-10,"Africa Cup of Nations, Qualification, Group L",Malawi,H,3,1,ousmane-camara,1542806,Ousmane Camara,FW,0,1,0,34,6.8,1,2,0,0,0,2,1,0,1,1,3,1,0,1,0,0,0,0,1,1,12,8,0,0,0,0,0,1,0,0,0,0,0,2,0,0,0,19,59,98,1,1,leading
12526614,2024-09-10,"Africa Cup of Nations, Qualification, Group L",Malawi,H,3,1,ousseni-bouda,983282,Ousseni Bouda,FW,0,1,0,13,7,1,1,0,0,0,1,0,1,1,1,2,1,0,0,0,0,1,1,0,0,8,8,0,0,0,0,0,1,0,0,0,0,0,0,0,0,0,13,80,98,0,1,leading
12526614,2024-09-10,"Africa Cup of Nations, Qualification, Group L",Malawi,H,3,1,sacha-banse,1126690,Sacha Bansé,MF,1,1,0,56,7,1,0,1,0,0,2,0,0,1,1,0,5,1,0,0,0,0,0,2,1,27,24,0,0,0,0,0,2,0,0,0,0,0,2,1,2,2,37,0.0,59,2,0,level
12526614,2024-09-10,"Africa Cup of Nations, Qualification, Group L",Malawi,H,3,1,saidou-simpore,785883,Saïdou Simporé,DF,1,1,0,90,7,1,0,3,1,3,1,1,1,0,0,4,4,0,3,0,0,1,1,5,2,51,41,0,0,0,0,0,6,0,0,0,0,0,0,0,1,0,60,0.0,98,3,1,level
12526614,2024-09-10,"Africa Cup of Nations, Qualification, Group L",Malawi,H,3,1,steeve-yago,174911,Steeve Yago,DF,0,0,0,0,,0,0,0,0,0,0,0,0,0,0,0,0,0,0,0,0,0,0,0,0,0,0,0,0,0,0,0,0,0,0,0,0,0,0,0,0,0,0,,,0,0,
12526614,2024-09-10,"Africa Cup of Nations, Qualification, Group L",Malawi,H,3,1,stephane-aziz-ki,865473,Stephane Aziz Ki,MF,0,0,0,0,,0,0,0,0,0,0,0,0,0,0,0,0,0,0,0,0,0,0,0,0,0,0,0,0,0,0,0,0,0,0,0,0,0,0,0,0,0,0,,,0,0,
12526614,2024-09-10,"Africa Cup of Nations, Qualification, Group L",Malawi,H,3,1,trova-boni,919990,Trova Boni,DF,0,1,0,13,6.3,1,0,0,0,0,0,0,0,0,0,1,0,0,1,0,0,0,0,0,0,7,6,0,0,0,0,0,0,0,0,0,0,0,0,0,0,0,8,80,98,0,1,leading
12526613,2024-10-10,"Africa Cup of Nations, Qualification, Group L",Burundi,H,4,1,adamo-nagalo,1108094,Adamo Nagalo,DF,0,0,0,0,,0,0,0,0,0,0,0,0,0,0,0,0,0,0,0,0,0,0,0,0,0,0,0,0,0,0,0,0,0,0,0,0,0,0,0,0,0,0,,,0,0,
12526613,2024-10-10,"Africa Cup of Nations, Qualification, Group L",Burundi,H,4,1,bertrand-traore,218160,Bertrand Traoré,FW,1,1,1,78,8.2,1,0,0,1,1,8,3,1,2,2,1,14,10,0,0,0,1,3,2,1,35,27,0,0,0,0,0,3,0,0,0,0,0,2,0,2,2,66,0.0,80,4,1,level
12526613,2024-10-10,"Africa Cup of Nations, Qualification, Group L",Burundi,H,4,1,blati-toure,806244,Blati Touré,MF,1,1,0,90,6.4,1,0,0,0,1,0,0,1,1,1,3,5,1,2,0,0,1,0,2,2,48,40,0,0,0,0,0,4,0,0,0,0,0,0,0,3,1,58,0.0,96,4,1,level
12526613,2024-10-10,"Africa Cup of Nations, Qualification, Group L",Burundi,H,4,1,cedric-badolo,989361,Cedric Badolo,MF,0,1,0,21,7,1,0,0,0,0,0,0,1,0,0,3,2,0,2,0,0,0,1,1,1,12,11,0,0,0,0,0,1,0,0,0,0,0,0,0,2,2,16,71,96,0,0,leading
12526613,2024-10-10,"Africa Cup of Nations, Qualification, Group L",Burundi,H,4,1,dango-ouattara,1106451,Dango Ouattara,FW,1,1,0,69,9.3,1,0,1,0,1,7,2,1,5,4,3,7,2,1,2,0,0,1,2,0,15,11,0,0,0,0,0,5,0,0,0,0,0,5,3,0,0,40,0.0,71,4,1,level
12526613,2024-10-10,"Africa Cup of Nations, Qualification, Group L",Burundi,H,4,1,edmond-tapsoba,883262,Edmond Tapsoba,DF,1,1,0,90,6.8,1,0,3,0,2,0,0,0,1,1,2,6,1,1,0,0,1,0,12,5,54,40,0,0,0,0,0,5,0,0,0,0,0,0,0,1,1,62,0.0,96,4,1,level
12526613,2024-10-10,"Africa Cup of Nations, Qualification, Group L",Burundi,H,4,1,farid-ouedraogo,1006190,Farid Ouédraogo,GK,1,1,0,90,6.9,1,0,0,0,1,0,0,0,0,0,0,0,0,0,0,1,0,0,14,5,25,16,0,0,0,0,1,3,3,0,0,0,0,0,0,0,0,30,0.0,96,4,1,level
12526613,2024-10-10,"Africa Cup of Nations, Qualification, Group L",Burundi,H,4,1,hassane-bande,886227,Hassane Bandé,FW,0,1,0,21,7,1,0,0,0,0,1,0,0,1,1,0,1,0,0,0,0,0,1,1,1,5,5,0,0,0,0,0,0,0,0,0,0,0,0,0,0,0,8,71,96,0,0,leading
12526613,2024-10-10,"Africa Cup of Nations, Qualification, Group L",Burundi,H,4,1,issa-kabore,1006189,Issa Kaboré,DF,1,1,0,90,8.2,1,1,0,2,1,4,1,1,1,1,2,2,1,0,0,0,1,4,3,3,54,50,0,0,0,0,0,9,0,0,0,0,0,0,0,0,0,84,0.0,96,4,1,level
12526613,2024-10-10,"Africa Cup of Nations, Qualification, Group L",Burundi,H,4,1,issoufou-dayo,364758,Issoufou Dayo,DF,1,1,0,90,7.5,1,0,2,0,0,0,0,0,0,0,2,4,1,2,1,0,2,0,7,1,54,44,0,0,0,0,0,4,0,0,0,0,0,1,1,1,1,62,0.0,96,4,1,level
12526613,2024-10-10,"Africa Cup of Nations, Qualification, Group L",Burundi,H,4,1,kilian-nikiema,1149858,Kilian Nikiema,GK,0,0,0,0,,0,0,0,0,0,0,0,0,0,0,0,0,0,0,0,0,0,0,0,0,0,0,0,0,0,0,0,0,0,0,0,0,0,0,0,0,0,0,,,0,0,
12526613,2024-10-10,"Africa Cup of Nations, Qualification, Group L",Burundi,H,4,1,lassina-traore,911719,Lassina Traoré,FW,1,1,0,77,6.4,1,1,3,0,0,0,0,3,0,0,5,4,1,1,0,0,0,1,0,0,12,10,0,0,0,0,0,1,0,0,0,0,0,2,0,0,0,19,0.0,79,4,1,level
12526613,2024-10-10,"Africa Cup of Nations, Qualification, Group L",Burundi,H,4,1,mohamed-konate,850011,Mohamed Konaté,FW,0,1,0,13,6.5,1,1,0,0,1,0,0,0,0,0,3,0,0,2,0,0,0,0,0,0,1,1,0,0,0,0,0,0,0,0,0,0,0,0,0,0,0,2,79,96,0,0,leading
12526613,2024-10-10,"Africa Cup of Nations, Qualification, Group L",Burundi,H,4,1,mohamed-ouedraogo,1506773,Mohamed Ouédraogo,DF,1,1,0,90,6.6,1,0,1,0,3,4,0,0,0,0,2,1,0,1,0,0,0,0,4,2,29,21,0,0,0,0,0,4,0,0,0,0,0,0,0,0,0,49,0.0,96,4,1,level
12526613,2024-10-10,"Africa Cup of Nations, Qualification, Group L",Burundi,H,4,1,nasser-djiga,1127169,Nasser Djiga,DF,0,0,0,0,,0,0,0,0,0,0,0,0,0,0,0,0,0,0,0,0,0,0,0,0,0,0,0,0,0,0,0,0,0,0,0,0,0,0,0,0,0,0,,,0,0,
12526613,2024-10-10,"Africa Cup of Nations, Qualification, Group L",Burundi,H,4,1,ousmane-camara,1542806,Ousmane Camara,FW,0,1,0,12,5.7,1,1,0,0,0,0,0,0,1,0,3,1,1,1,0,0,0,0,0,0,6,5,0,0,0,0,0,0,0,0,0,0,0,2,2,0,0,11,80,96,0,0,leading
12526613,2024-10-10,"Africa Cup of Nations, Qualification, Group L",Burundi,H,4,1,sacha-banse,1126690,Sacha Bansé,MF,1,1,0,69,7.6,1,0,0,0,0,0,0,0,2,1,2,5,0,1,1,0,0,0,0,0,28,24,0,0,0,0,0,4,0,0,0,0,0,1,1,4,4,39,0.0,71,4,1,level
12526613,2024-10-10,"Africa Cup of Nations, Qualification, Group L",Burundi,H,4,1,saidou-simpore,785883,Saïdou Simporé,DF,0,1,0,21,6.7,1,0,1,0,1,0,0,0,0,0,0,2,1,0,0,0,0,0,2,0,17,14,0,0,0,0,0,4,0,0,0,0,0,0,0,0,0,20,71,96,0,0,leading
12526613,2024-10-10,"Africa Cup of Nations, Qualification, Group L",Burundi,H,4,1,steeve-yago,174911,Steeve Yago,DF,0,0,0,0,,0,0,0,0,0,0,0,0,0,0,0,0,0,0,0,0,0,0,0,0,0,0,0,0,0,0,0,0,0,0,0,0,0,0,0,0,0,0,,,0,0,
12526613,2024-10-10,"Africa Cup of Nations, Qualification, Group L",Burundi,H,4,1,stephane-aziz-ki,865473,Stephane Aziz Ki,MF,1,1,0,69,6.3,1,1,0,0,0,1,0,1,1,0,5,0,0,2,0,0,0,1,2,1,29,26,0,0,0,0,0,1,0,0,0,0,0,1,0,0,0,36,0.0,71,4,1,level
12526613,2024-10-10,"Africa Cup of Nations, Qualification, Group L",Burundi,H,4,1,trova-boni,919990,Trova Boni,DF,0,0,0,0,,0,0,0,0,0,0,0,0,0,0,0,0,0,0,0,0,0,0,0,0,0,0,0,0,0,0,0,0,0,0,0,0,0,0,0,0,0,0,,,0,0,
12526608,2024-10-13,"Africa Cup of Nations, Qualification, Group L",Burundi,A,2,0,abdoul-kader-ouattara,1652684,Abdoul Kader Ouattara,FW,1,1,0,64,6.1,1,5,1,0,0,0,0,2,2,0,14,4,1,4,0,0,0,0,0,0,17,12,0,0,0,0,0,0,0,0,0,0,0,0,0,2,1,29,0.0,67,1,0,level
12526608,2024-10-13,"Africa Cup of Nations, Qualification, Group L",Burundi,A,2,0,adamo-nagalo,1108094,Adamo Nagalo,DF,0,0,0,0,,0,0,0,0,0,0,0,0,0,0,0,0,0,0,0,0,0,0,0,0,0,0,0,0,0,0,0,0,0,0,0,0,0,0,0,0,0,0,,,0,0,
12526608,2024-10-13,"Africa Cup of Nations, Qualification, Group L",Burundi,A,2,0,bertrand-traore,218160,Bertrand Traoré,FW,0,1,0,26,7.3,1,1,0,0,0,2,1,1,2,1,6,3,1,2,1,0,1,1,1,0,8,4,0,0,0,0,0,4,0,0,0,0,0,4,2,1,1,27,67,98,1,0,leading
12526608,2024-10-13,"Africa Cup of Nations, Qualification, Group L",Burundi,A,2,0,blati-toure,806244,Blati Touré,MF,1,1,0,90,7.3,1,1,0,0,0,0,0,2,1,0,6,6,2,0,0,0,0,4,3,1,54,42,0,0,0,0,0,8,0,0,0,0,0,0,0,4,1,69,0.0,98,2,0,level
12526608,2024-10-13,"Africa Cup of Nations, Qualification, Group L",Burundi,A,2,0,cedric-badolo,989361,Cedric Badolo,MF,1,1,0,83,7.4,1,1,0,1,1,8,4,1,0,0,5,1,1,2,0,0,1,5,2,1,29,20,0,0,0,0,0,6,0,0,0,0,0,2,0,0,0,50,0.0,86,1,0,level
12526608,2024-10-13,"Africa Cup of Nations, Qualification, Group L",Burundi,A,2,0,dango-ouattara,1106451,Dango Ouattara,FW,0,1,0,26,6.6,1,0,0,0,0,1,0,0,1,0,2,0,0,1,0,0,0,0,0,0,9,7,0,0,0,0,0,3,0,0,0,0,0,0,0,0,0,11,67,98,1,0,leading
12526608,2024-10-13,"Africa Cup of Nations, Qualification, Group L",Burundi,A,2,0,dramane-salou,924861,Dramane Salou,MF,0,1,0,13,6.5,1,0,0,0,0,0,0,0,0,0,1,0,0,0,0,0,0,0,0,0,2,2,0,0,0,0,0,2,0,0,0,0,0,0,0,0,0,2,86,98,1,0,leading
12526608,2024-10-13,"Africa Cup of Nations, Qualification, Group L",Burundi,A,2,0,edmond-tapsoba,883262,Edmond Tapsoba,DF,1,1,0,90,7.7,1,0,4,0,4,0,0,1,1,1,2,8,1,0,0,0,1,0,12,9,40,36,0,0,0,0,0,6,0,0,0,0,0,2,0,2,2,54,0.0,98,2,0,level
12526608,2024-10-13,"Africa Cup of Nations, Qualification, Group L",Burundi,A,2,0,farid-ouedraogo,1006190,Farid Ouédraogo,GK,1,1,0,90,7.5,1,0,0,0,1,0,0,0,0,0,0,0,0,0,0,0,0,0,9,2,15,8,0,0,0,0,1,7,3,1,0,0,0,0,0,0,0,22,0.0,98,2,0,level
12526608,2024-10-13,"Africa Cup of Nations, Qualification, Group L",Burundi,A,2,0,hassane-bande,886227,Hassane Bandé,FW,1,1,0,64,7,1,0,0,0,0,0,0,2,3,3,4,5,1,1,0,0,1,1,1,0,21,17,0,0,0,0,0,4,0,0,0,0,0,0,0,1,1,36,0.0,67,1,0,level
12526608,2024-10-13,"Africa Cup of Nations, Qualification, Group L",Burundi,A,2,0,issa-kabore,1006189,Issa Kaboré,DF,1,1,0,90,7.9,1,0,1,0,1,3,0,2,4,2,6,9,3,1,0,0,1,1,5,3,29,23,0,0,0,1,0,9,0,0,0,0,0,0,0,3,3,65,0.0,98,2,0,level
12526608,2024-10-13,"Africa Cup of Nations, Qualification, Group L",Burundi,A,2,0,issoufou-dayo,364758,Issoufou Dayo,DF,1,1,1,90,7,1,2,6,0,4,0,0,0,0,0,4,6,0,2,0,0,0,0,5,2,28,21,0,0,0,0,0,0,0,0,0,0,0,0,0,0,0,35,0.0,98,2,0,level
12526608,2024-10-13,"Africa Cup of Nations, Qualification, Group L",Burundi,A,2,0,kilian-nikiema,1149858,Kilian Nikiema,GK,0,0,0,0,,0,0,0,0,0,0,0,0,0,0,0,0,0,0,0,0,0,0,0,0,0,0,0,0,0,0,0,0,0,0,0,0,0,0,0,0,0,0,,,0,0,
12526608,2024-10-13,"Africa Cup of Nations, Qualification, Group L",Burundi,A,2,0,lassina-traore,911719,Lassina Traoré,FW,0,1,0,26,6.7,1,2,0,0,1,0,0,0,0,0,2,0,0,0,0,0,0,0,0,0,8,7,0,0,0,0,0,1,0,0,0,0,0,3,1,0,0,13,67,98,1,0,leading
12526608,2024-10-13,"Africa Cup of Nations, Qualification, Group L",Burundi,A,2,0,mohamed-konate,850011,Mohamed Konaté,FW,1,1,0,64,7.2,1,4,2,0,0,0,0,0,0,0,5,3,1,1,1,0,0,0,0,0,5,2,0,0,0,0,0,1,0,0,0,0,0,2,1,0,0,14,0.0,67,1,0,level
12526608,2024-10-13,"Africa Cup of Nations, Qualification, Group L",Burundi,A,2,0,mohamed-ouedraogo,1506773,Mohamed Ouédraogo,DF,0,0,0,0,,0,0,0,0,0,0,0,0,0,0,0,0,0,0,0,0,0,0,0,0,0,0,0,0,0,0,0,0,0,0,0,0,0,0,0,0,0,0,,,0,0,
12526608,2024-10-13,"Africa Cup of Nations, Qualification, Group L",Burundi,A,2,0,nasser-djiga,1127169,Nasser Djiga,DF,0,0,0,0,,0,0,0,0,0,0,0,0,0,0,0,0,0,0,0,0,0,0,0,0,0,0,0,0,0,0,0,0,0,0,0,0,0,0,0,0,0,0,,,0,0,
12526608,2024-10-13,"Africa Cup of Nations, Qualification, Group L",Burundi,A,2,0,ousmane-camara,1542806,Ousmane Camara,FW,0,0,0,0,,0,0,0,0,0,0,0,0,0,0,0,0,0,0,0,0,0,0,0,0,0,0,0,0,0,0,0,0,0,0,0,0,0,0,0,0,0,0,,,0,0,
12526608,2024-10-13,"Africa Cup of Nations, Qualification, Group L",Burundi,A,2,0,ousseni-bouda,983282,Ousseni Bouda,FW,0,0,0,0,,0,0,0,0,0,0,0,0,0,0,0,0,0,0,0,0,0,0,0,0,0,0,0,0,0,0,0,0,0,0,0,0,0,0,0,0,0,0,,,0,0,
12526608,2024-10-13,"Africa Cup of Nations, Qualification, Group L",Burundi,A,2,0,philippe-mare,1627778,Philippe Mare,GK,0,0,0,0,,0,0,0,0,0,0,0,0,0,0,0,0,0,0,0,0,0,0,0,0,0,0,0,0,0,0,0,0,0,0,0,0,0,0,0,0,0,0,,,0,0,
12526608,2024-10-13,"Africa Cup of Nations, Qualification, Group L",Burundi,A,2,0,saidou-simpore,785883,Saïdou Simporé,DF,1,1,0,90,7.3,1,4,5,0,1,0,0,0,0,0,6,10,0,1,0,0,1,0,4,1,39,27,0,0,0,0,0,3,0,0,0,0,0,1,0,5,3,52,0.0,98,2,0,level
12526608,2024-10-13,"Africa Cup of Nations, Qualification, Group L",Burundi,A,2,0,steeve-yago,174911,Steeve Yago,DF,1,1,0,90,7.4,1,0,2,0,3,0,0,1,0,0,2,7,0,0,0,0,1,0,3,2,22,12,0,0,0,0,0,3,0,0,0,0,0,0,0,5,4,38,0.0,98,2,0,level
12526608,2024-10-13,"Africa Cup of Nations, Qualification, Group L",Burundi,A,2,0,stephane-aziz-ki,865473,Stephane Aziz Ki,MF,0,0,0,0,,0,0,0,0,0,0,0,0,0,0,0,0,0,0,0,0,0,0,0,0,0,0,0,0,0,0,0,0,0,0,0,0,0,0,0,0,0,0,,,0,0,
12526607,2024-11-14,"Africa Cup of Nations, Qualification, Group L",Senegal,H,0,1,cedric-badolo,989361,Cedric Badolo,MF,1,1,0,64,6.4,1,2,1,0,0,3,3,1,1,0,5,4,1,1,0,0,1,0,0,0,18,13,0,0,0,0,0,4,0,0,0,0,0,2,0,2,0,34,0.0,66,0,0,level
12526607,2024-11-14,"Africa Cup of Nations, Qualification, Group L",Senegal,H,0,1,clement-pitroipa,1099250,Clement Pitroipa,MF,0,0,0,0,,0,0,0,0,0,0,0,0,0,0,0,0,0,0,0,0,0,0,0,0,0,0,0,0,0,0,0,0,0,0,0,0,0,0,0,0,0,0,,,0,0,
12526607,2024-11-14,"Africa Cup of Nations, Qualification, Group L",Senegal,H,0,1,dramane-salou,924861,Dramane Salou,MF,0,0,0,0,,0,0,0,0,0,0,0,0,0,0,0,0,0,0,0,0,0,0,0,0,0,0,0,0,0,0,0,0,0,0,0,0,0,0,0,0,0,0,,,0,0,
12526607,2024-11-14,"Africa Cup of Nations, Qualification, Group L",Senegal,H,0,1,edmond-tapsoba,883262,Edmond Tapsoba,DF,1,1,0,90,7.5,1,2,4,0,10,0,0,2,0,0,6,7,1,1,0,0,3,1,11,5,30,23,0,0,0,0,0,6,0,0,0,0,0,3,1,2,2,57,0.0,96,0,1,level
12526607,2024-11-14,"Africa Cup of Nations, Qualification, Group L",Senegal,H,0,1,farid-ouedraogo,1006190,Farid Ouédraogo,GK,1,1,0,90,7.3,1,0,1,0,1,0,0,0,0,0,0,1,1,0,0,0,0,0,20,5,32,17,0,0,0,0,0,7,5,3,0,0,0,0,0,0,0,41,0.0,96,0,1,level
12526607,2024-11-14,"Africa Cup of Nations, Qualification, Group L",Senegal,H,0,1,hamed-blakiss-ouattara,1103415,Hamed Blakiss Ouattara,FW,0,0,0,0,,0,0,0,0,0,0,0,0,0,0,0,0,0,0,0,0,0,0,0,0,0,0,0,0,0,0,0,0,0,0,0,0,0,0,0,0,0,0,,,0,0,
12526607,2024-11-14,"Africa Cup of Nations, Qualification, Group L",Senegal,H,0,1,hassane-bande,886227,Hassane Bandé,FW,1,1,0,90,7.2,1,1,1,0,0,2,1,0,5,3,4,6,2,1,0,0,0,2,1,0,13,8,0,0,0,0,0,8,0,0,0,0,0,2,1,0,0,32,0.0,96,0,1,level
12526607,2024-11-14,"Africa Cup of Nations, Qualification, Group L",Senegal,H,0,1,issa-kabore,1006189,Issa Kaboré,DF,1,1,0,90,7.2,1,1,1,0,3,3,0,0,3,1,6,7,0,2,0,0,2,1,4,1,21,12,0,0,0,0,0,4,0,0,0,0,0,0,0,5,4,42,0.0,96,0,1,level
12526607,2024-11-14,"Africa Cup of Nations, Qualification, Group L",Senegal,H,0,1,issoufou-dayo,364758,Issoufou Dayo,DF,1,1,1,90,6.8,1,1,1,0,5,0,0,0,0,0,1,1,0,0,0,0,0,0,12,3,28,17,0,0,0,0,0,4,0,0,0,0,0,1,0,0,0,38,0.0,96,0,1,level
12526607,2024-11-14,"Africa Cup of Nations, Qualification, Group L",Senegal,H,0,1,josue-tiendrebeogo,1897363,Josué Tiendrébéogo,MF,0,1,0,26,6.7,1,0,0,0,0,3,2,0,2,1,4,1,0,2,0,0,0,1,1,1,5,5,0,0,0,0,0,1,0,0,0,0,0,0,0,0,0,11,66,96,0,1,level
12526607,2024-11-14,"Africa Cup of Nations, Qualification, Group L",Senegal,H,0,1,kilian-nikiema,1149858,Kilian Nikiema,GK,0,0,0,0,,0,0,0,0,0,0,0,0,0,0,0,0,0,0,0,0,0,0,0,0,0,0,0,0,0,0,0,0,0,0,0,0,0,0,0,0,0,0,,,0,0,
12526607,2024-11-14,"Africa Cup of Nations, Qualification, Group L",Senegal,H,0,1,lassina-traore,911719,Lassina Traoré,FW,1,1,0,90,7.2,1,3,3,0,0,0,0,2,0,0,6,5,2,3,0,0,0,2,2,0,16,9,0,0,0,0,0,2,0,0,0,0,0,2,1,0,0,27,0.0,96,0,1,level
12526607,2024-11-14,"Africa Cup of Nations, Qualification, Group L",Senegal,H,0,1,mohamed-ouedraogo,1506773,Mohamed Ouédraogo,DF,0,0,0,0,,0,0,0,0,0,0,0,0,0,0,0,0,0,0,0,0,0,0,0,0,0,0,0,0,0,0,0,0,0,0,0,0,0,0,0,0,0,0,,,0,0,
12526607,2024-11-14,"Africa Cup of Nations, Qualification, Group L",Senegal,H,0,1,nasser-djiga,1127169,Nasser Djiga,DF,0,0,0,0,,0,0,0,0,0,0,0,0,0,0,0,0,0,0,0,0,0,0,0,0,0,0,0,0,0,0,0,0,0,0,0,0,0,0,0,0,0,0,,,0,0,
12526607,2024-11-14,"Africa Cup of Nations, Qualification, Group L",Senegal,H,0,1,ousmane-camara,1542806,Ousmane Camara,FW,0,1,0,26,6.7,1,2,1,0,1,0,0,1,2,1,4,3,1,0,0,0,0,1,2,2,5,4,0,0,0,0,0,2,0,0,0,0,0,0,0,0,0,10,66,96,0,1,level
12526607,2024-11-14,"Africa Cup of Nations, Qualification, Group L",Senegal,H,0,1,ousseni-bouda,983282,Ousseni Bouda,FW,1,1,0,64,6.5,1,2,0,0,1,1,0,0,0,0,4,2,2,1,0,0,0,0,0,0,15,15,0,0,0,0,0,5,0,0,0,0,0,2,1,0,0,28,0.0,66,0,0,level
12526607,2024-11-14,"Africa Cup of Nations, Qualification, Group L",Senegal,H,0,1,regis-ndo,1084705,Regis Ndo,FW,0,0,0,0,,0,0,0,0,0,0,0,0,0,0,0,0,0,0,0,0,0,0,0,0,0,0,0,0,0,0,0,0,0,0,0,0,0,0,0,0,0,0,,,0,0,
12526607,2024-11-14,"Africa Cup of Nations, Qualification, Group L",Senegal,H,0,1,ridouanou-maiga,1992144,Ridouanou Maiga,MF,0,0,0,0,,0,0,0,0,0,0,0,0,0,0,0,0,0,0,0,0,0,0,0,0,0,0,0,0,0,0,0,0,0,0,0,0,0,0,0,0,0,0,,,0,0,
12526607,2024-11-14,"Africa Cup of Nations, Qualification, Group L",Senegal,H,0,1,sacha-banse,1126690,Sacha Bansé,MF,1,1,0,90,7,1,2,0,0,2,0,0,0,0,0,3,3,0,0,0,0,1,0,2,0,14,12,0,0,0,0,0,4,0,0,0,0,0,0,0,3,3,30,0.0,96,0,1,level
12526607,2024-11-14,"Africa Cup of Nations, Qualification, Group L",Senegal,H,0,1,saidou-simpore,785883,Saïdou Simporé,DF,1,1,0,90,6.8,1,1,1,0,3,0,0,0,0,0,2,6,1,0,0,0,0,1,3,1,20,12,0,0,0,0,0,2,0,0,0,0,0,1,1,4,3,31,0.0,96,0,1,level
12526607,2024-11-14,"Africa Cup of Nations, Qualification, Group L",Senegal,H,0,1,steeve-yago,174911,Steeve Yago,DF,1,1,0,90,7,1,1,0,0,3,0,0,0,0,0,4,7,3,1,0,0,2,0,5,3,22,18,0,0,0,0,0,5,0,0,0,0,0,0,0,4,3,47,0.0,96,0,1,level
12526607,2024-11-14,"Africa Cup of Nations, Qualification, Group L",Senegal,H,0,1,trova-boni,919990,Trova Boni,DF,0,0,0,0,,0,0,0,0,0,0,0,0,0,0,0,0,0,0,0,0,0,0,0,0,0,0,0,0,0,0,0,0,0,0,0,0,0,0,0,0,0,0,,,0,0,
12526607,2024-11-14,"Africa Cup of Nations, Qualification, Group L",Senegal,H,0,1,valentin-nouma,1435940,Valentin Nouma,DF,0,0,0,0,,0,0,0,0,0,0,0,0,0,0,0,0,0,0,0,0,0,0,0,0,0,0,0,0,0,0,0,0,0,0,0,0,0,0,0,0,0,0,,,0,0,
12526738,2024-11-18,"Africa Cup of Nations, Qualification, Group L",Malawi,A,0,3,cedric-badolo,989361,Cedric Badolo,MF,0,1,0,45,7,1,0,1,0,0,7,3,0,0,0,1,4,2,0,0,0,0,1,6,5,25,23,0,0,0,0,0,1,0,0,0,0,0,1,0,1,0,38,47,95,0,2,trailing
12526738,2024-11-18,"Africa Cup of Nations, Qualification, Group L",Malawi,A,0,3,clement-pitroipa,1099250,Clement Pitroipa,MF,0,1,0,15,6.6,1,0,0,0,0,1,0,0,0,0,0,0,0,0,0,0,0,0,1,1,9,8,0,0,0,0,0,1,0,0,0,0,0,0,0,0,0,13,76,95,0,0,trailing
12526738,2024-11-18,"Africa Cup of Nations, Qualification, Group L",Malawi,A,0,3,dramane-salou,924861,Dramane Salou,MF,0,0,0,0,,0,0,0,0,0,0,0,0,0,0,0,0,0,0,0,0,0,0,0,0,0,0,0,0,0,0,0,0,0,0,0,0,0,0,0,0,0,0,,,0,0,
12526738,2024-11-18,"Africa Cup of Nations, Qualification, Group L",Malawi,A,0,3,farid-ouedraogo,1006190,Farid Ouédraogo,GK,1,1,0,90,6,1,0,0,0,3,0,0,0,0,0,0,0,0,0,0,0,0,0,8,2,28,22,0,0,0,0,1,9,0,0,0,0,0,0,0,0,0,36,0.0,95,0,3,level
12526738,2024-11-18,"Africa Cup of Nations, Qualification, Group L",Malawi,A,0,3,hamed-blakiss-ouattara,1103415,Hamed Blakiss Ouattara,FW,0,1,0,11,6.6,1,1,1,0,0,2,1,0,0,0,2,2,1,1,0,0,0,0,0,0,3,3,0,0,0,0,0,0,0,0,0,0,0,0,0,1,0,12,80,95,0,0,trailing
12526738,2024-11-18,"Africa Cup of Nations, Qualification, Group L",Malawi,A,0,3,hassane-bande,886227,Hassane Bandé,FW,1,1,0,90,6.7,1,0,1,0,1,2,0,1,3,2,3,4,1,1,0,0,0,2,0,0,28,27,0,0,0,0,0,2,0,0,0,0,0,0,0,0,0,40,0.0,95,0,3,level
12526738,2024-11-18,"Africa Cup of Nations, Qualification, Group L",Malawi,A,0,3,issoufou-dayo,364758,Issoufou Dayo,DF,1,1,1,90,6.3,1,3,2,0,1,0,0,0,0,0,3,2,0,1,0,0,0,0,8,3,53,44,0,0,0,0,0,3,0,0,0,0,0,1,1,0,0,58,0.0,95,0,3,level
12526738,2024-11-18,"Africa Cup of Nations, Qualification, Group L",Malawi,A,0,3,josue-tiendrebeogo,1897363,Josué Tiendrébéogo,MF,1,1,0,75,6.7,1,1,0,0,0,4,1,2,2,0,6,4,4,1,0,0,0,1,2,1,24,22,0,0,0,0,0,1,0,0,0,0,0,2,2,0,0,44,0.0,76,0,3,level
12526738,2024-11-18,"Africa Cup of Nations, Qualification, Group L",Malawi,A,0,3,kilian-nikiema,1149858,Kilian Nikiema,GK,0,0,0,0,,0,0,0,0,0,0,0,0,0,0,0,0,0,0,0,0,0,0,0,0,0,0,0,0,0,0,0,0,0,0,0,0,0,0,0,0,0,0,,,0,0,
12526738,2024-11-18,"Africa Cup of Nations, Qualification, Group L",Malawi,A,0,3,lassina-traore,911719,Lassina Traoré,FW,1,1,0,90,6.6,1,3,3,0,0,0,0,0,1,0,4,3,0,0,0,0,0,1,0,0,12,6,0,0,0,0,0,0,0,0,0,0,0,1,0,0,0,16,0.0,95,0,3,level
12526738,2024-11-18,"Africa Cup of Nations, Qualification, Group L",Malawi,A,0,3,mohamed-ouedraogo,1506773,Mohamed Ouédraogo,DF,0,1,0,15,6.6,1,0,1,0,0,3,1,0,0,0,1,1,0,1,0,0,0,0,0,0,9,7,0,0,0,0,0,4,0,0,0,0,0,0,0,0,0,14,76,95,0,0,trailing
12526738,2024-11-18,"Africa Cup of Nations, Qualification, Group L",Malawi,A,0,3,nasser-djiga,1127169,Nasser Djiga,DF,1,1,0,90,6.1,1,3,1,0,1,0,0,0,1,1,5,2,0,2,0,0,2,0,4,1,49,43,0,0,0,0,0,9,0,0,0,0,0,0,0,0,0,61,0.0,95,0,3,level
12526738,2024-11-18,"Africa Cup of Nations, Qualification, Group L",Malawi,A,0,3,ousmane-camara,1542806,Ousmane Camara,FW,1,1,0,45,6.7,1,0,0,0,0,1,0,0,3,1,2,3,1,0,0,0,0,1,2,0,12,9,0,0,0,0,0,2,0,0,0,0,0,1,1,1,1,23,0.0,47,0,1,level
12526738,2024-11-18,"Africa Cup of Nations, Qualification, Group L",Malawi,A,0,3,ousseni-bouda,983282,Ousseni Bouda,FW,0,1,0,45,6.8,1,0,0,0,0,5,0,1,4,2,3,3,0,0,0,0,0,0,1,0,15,11,0,0,0,0,0,1,0,0,0,0,0,1,1,1,1,30,47,95,0,2,trailing
12526738,2024-11-18,"Africa Cup of Nations, Qualification, Group L",Malawi,A,0,3,philippe-mare,1627778,Philippe Mare,GK,0,0,0,0,,0,0,0,0,0,0,0,0,0,0,0,0,0,0,0,0,0,0,0,0,0,0,0,0,0,0,0,0,0,0,0,0,0,0,0,0,0,0,,,0,0,
12526738,2024-11-18,"Africa Cup of Nations, Qualification, Group L",Malawi,A,0,3,regis-ndo,1084705,Regis Ndo,FW,0,0,0,0,,0,0,0,0,0,0,0,0,0,0,0,0,0,0,0,0,0,0,0,0,0,0,0,0,0,0,0,0,0,0,0,0,0,0,0,0,0,0,,,0,0,
12526738,2024-11-18,"Africa Cup of Nations, Qualification, Group L",Malawi,A,0,3,ridouanou-maiga,1992144,Ridouanou Maiga,MF,0,0,0,0,,0,0,0,0,0,0,0,0,0,0,0,0,0,0,0,0,0,0,0,0,0,0,0,0,0,0,0,0,0,0,0,0,0,0,0,0,0,0,,,0,0,
12526738,2024-11-18,"Africa Cup of Nations, Qualification, Group L",Malawi,A,0,3,sacha-banse,1126690,Sacha Bansé,MF,1,1,0,90,7.1,1,1,1,0,1,1,1,0,1,1,3,6,2,1,0,0,0,1,2,1,44,40,0,0,0,0,0,2,0,0,0,0,0,0,0,3,2,58,0.0,95,0,3,level
12526738,2024-11-18,"Africa Cup of Nations, Qualification, Group L",Malawi,A,0,3,saidou-simpore,785883,Saïdou Simporé,DF,0,0,0,0,,0,0,0,0,0,0,0,0,0,0,0,0,0,0,0,0,0,0,0,0,0,0,0,0,0,0,0,0,0,0,0,0,0,0,0,0,0,0,,,0,0,
12526738,2024-11-18,"Africa Cup of Nations, Qualification, Group L",Malawi,A,0,3,steeve-yago,174911,Steeve Yago,DF,1,1,0,79,6.4,1,0,0,0,1,1,0,0,0,0,1,2,1,1,0,0,0,0,4,0,28,22,0,0,0,0,0,3,0,0,0,0,0,1,0,1,1,44,0.0,80,0,3,level
12526738,2024-11-18,"Africa Cup of Nations, Qualification, Group L",Malawi,A,0,3,trova-boni,919990,Trova Boni,DF,1,1,0,45,6.2,1,0,0,0,1,0,0,0,2,0,5,0,0,3,0,0,0,0,1,1,22,17,0,0,0,0,0,2,0,0,0,0,0,0,0,0,0,27,0.0,47,0,1,level
12526738,2024-11-18,"Africa Cup of Nations, Qualification, Group L",Malawi,A,0,3,valentin-nouma,1435940,Valentin Nouma,DF,1,1,0,75,5.5,1,2,4,0,3,5,0,3,6,1,11,7,2,0,0,0,0,0,1,0,26,17,0,0,0,0,0,1,0,0,0,0,0,1,0,1,1,64,0.0,76,0,3,level
13315144,2025-01-09,Int. Friendly Games,Tanzania,A,2,0,abdoul-abass-guiro,2028657,Abdoul Abass Guiro,,1,0,0,0,,0,0,0,0,0,0,0,0,0,0,0,0,0,0,0,0,0,0,0,0,0,0,0,0,0,0,0,0,0,0,0,0,0,0,0,0,0,0,0.0,95,2,0,level
13315144,2025-01-09,Int. Friendly Games,Tanzania,A,2,0,abdoul-baguian,1099246,Abdoul Baguian,FW,1,0,0,0,,0,0,0,0,0,0,0,0,0,0,0,0,0,0,0,0,0,0,0,0,0,0,0,0,0,0,0,0,0,0,0,0,0,0,0,0,0,0,0.0,95,2,0,level
13315144,2025-01-09,Int. Friendly Games,Tanzania,A,2,0,abdoulaye-toure,2025851,Abdoulaye Toure,FW,1,0,0,0,,0,0,0,0,0,0,0,0,0,0,0,0,0,0,0,0,0,0,0,0,0,0,0,0,0,0,0,0,0,0,0,0,0,0,0,0,0,0,0.0,48,2,0,level
13315144,2025-01-09,Int. Friendly Games,Tanzania,A,2,0,aboubacar-sidiki-traore,785870,Aboubacar Sidiki Traore,MF,0,0,0,0,,0,0,0,0,0,0,0,0,0,0,0,0,0,0,0,0,0,0,0,0,0,0,0,0,0,0,0,0,0,0,0,0,0,0,0,0,0,0,,,0,0,
13315144,2025-01-09,Int. Friendly Games,Tanzania,A,2,0,adolphe-belem,888297,Adolphe Belem,FW,1,0,0,0,,0,0,0,0,0,0,0,0,0,0,0,0,0,0,0,0,0,0,0,0,0,0,0,0,0,0,0,0,0,0,0,0,0,0,0,0,0,0,0.0,83,2,0,level
13315144,2025-01-09,Int. Friendly Games,Tanzania,A,2,0,alla-franck-alain-kante,2026041,Alla Franck Alain Kanté,MF,0,0,0,0,,0,0,0,0,0,0,0,0,0,0,0,0,0,0,0,0,0,0,0,0,0,0,0,0,0,0,0,0,0,0,0,0,0,0,0,0,0,0,,,0,0,
13315144,2025-01-09,Int. Friendly Games,Tanzania,A,2,0,amadou-kone,2025855,Amadou Koné,,0,0,0,0,,0,0,0,0,0,0,0,0,0,0,0,0,0,0,0,0,0,0,0,0,0,0,0,0,0,0,0,0,0,0,0,0,0,0,0,0,0,0,,,0,0,
13315144,2025-01-09,Int. Friendly Games,Tanzania,A,2,0,cheick-guel,2025848,Cheick Guel,,0,0,0,0,,0,0,0,0,0,0,0,0,0,0,0,0,0,0,0,0,0,0,0,0,0,0,0,0,0,0,0,0,0,0,0,0,0,0,0,0,0,0,48,95,0,0,leading
13315144,2025-01-09,Int. Friendly Games,Tanzania,A,2,0,clement-pitroipa,1407646,Clement Pitroipa,MF,1,0,0,0,,0,0,0,0,0,0,0,0,0,0,0,0,0,0,0,0,0,0,0,0,0,0,0,0,0,0,0,0,0,0,0,0,0,0,0,0,0,0,0.0,95,2,0,level
13315144,2025-01-09,Int. Friendly Games,Tanzania,A,2,0,hamed-blakiss-ouattara,1103415,Hamed Blakiss Ouattara,FW,1,0,0,0,,0,0,0,0,0,0,0,0,0,0,0,0,0,0,0,0,0,0,0,0,0,0,0,0,0,0,0,0,0,0,0,0,0,0,0,0,0,0,0.0,83,2,0,level
13315144,2025-01-09,Int. Friendly Games,Tanzania,A,2,0,hanaby-hadalou-sagne,2025852,Hanaby Hadalou Sagne,DF,0,0,0,0,,0,0,0,0,0,0,0,0,0,0,0,0,0,0,0,0,0,0,0,0,0,0,0,0,0,0,0,0,0,0,0,0,0,0,0,0,0,0,,,0,0,
13315144,2025-01-09,Int. Friendly Games,Tanzania,A,2,0,honore-ye,2335171,Honoré Ye,FW,1,0,0,0,,0,0,0,0,0,0,0,0,0,0,0,0,0,0,0,0,0,0,0,0,0,0,0,0,0,0,0,0,0,0,0,0,0,0,0,0,0,0,0.0,48,2,0,level
13315144,2025-01-09,Int. Friendly Games,Tanzania,A,2,0,issouf-sosso,1099261,Issouf Sosso,DF,1,0,0,0,,0,0,0,0,0,0,0,0,0,0,0,0,0,0,0,0,0,0,0,0,0,0,0,0,0,0,0,0,0,0,0,0,0,0,0,0,0,0,0.0,95,2,0,level
13315144,2025-01-09,Int. Friendly Games,Tanzania,A,2,0,jack-diarra,1542760,Jack Diarra,FW,0,0,0,0,,0,0,0,0,0,0,0,0,0,0,0,0,0,0,0,0,0,0,0,0,0,0,0,0,0,0,0,0,0,0,0,0,0,0,0,0,0,0,48,95,0,0,leading
13315144,2025-01-09,Int. Friendly Games,Tanzania,A,2,0,kalifa-nikiema,1102864,Kalifa Nikiema,MF,0,0,0,0,,0,0,0,0,0,0,0,0,0,0,0,0,0,0,0,0,0,0,0,0,0,0,0,0,0,0,0,0,0,0,0,0,0,0,0,0,0,0,83,95,0,0,leading
13315144,2025-01-09,Int. Friendly Games,Tanzania,A,2,0,ladji-brahima-sanou,2028674,Ladji Brahima Sanou,GK,0,0,0,0,,0,0,0,0,0,0,0,0,0,0,0,0,0,0,0,0,0,0,0,0,0,0,0,0,0,0,0,0,0,0,0,0,0,0,0,0,0,0,,,0,0,
13315144,2025-01-09,Int. Friendly Games,Tanzania,A,2,0,mohamed-zegue-traore,1102861,Mohamed Zegue Traore,GK,0,0,0,0,,0,0,0,0,0,0,0,0,0,0,0,0,0,0,0,0,0,0,0,0,0,0,0,0,0,0,0,0,0,0,0,0,0,0,0,0,0,0,,,0,0,
13315144,2025-01-09,Int. Friendly Games,Tanzania,A,2,0,patrick-malo,867239,Patrick Malo,DF,0,0,0,0,,0,0,0,0,0,0,0,0,0,0,0,0,0,0,0,0,0,0,0,0,0,0,0,0,0,0,0,0,0,0,0,0,0,0,0,0,0,0,,,0,0,
13315144,2025-01-09,Int. Friendly Games,Tanzania,A,2,0,philippe-mare,1627778,Philippe Mare,GK,1,0,0,0,,0,0,0,0,0,0,0,0,0,0,0,0,0,0,0,0,0,0,0,0,0,0,0,0,0,0,0,0,0,0,0,0,0,0,0,0,0,0,0.0,95,2,0,level
13315144,2025-01-09,Int. Friendly Games,Tanzania,A,2,0,raouf-memel-dao,1103412,Raouf Memel Dao,MF,0,0,0,0,,0,0,0,0,0,0,0,0,0,0,0,0,0,0,0,0,0,0,0,0,0,0,0,0,0,0,0,0,0,0,0,0,0,0,0,0,0,0,83,95,0,0,leading
13315144,2025-01-09,Int. Friendly Games,Tanzania,A,2,0,ridouanou-maiga,1992144,Ridouanou Maiga,MF,1,0,0,0,,0,0,0,0,0,0,0,0,0,0,0,0,0,0,0,0,0,0,0,0,0,0,0,0,0,0,0,0,0,0,0,0,0,0,0,0,0,0,0.0,95,2,0,level
13315144,2025-01-09,Int. Friendly Games,Tanzania,A,2,0,romain-lougoutiogue,2025856,Romain Lougoutiogue,FW,0,0,0,0,,0,0,0,0,0,0,0,0,0,0,0,0,0,0,0,0,0,0,0,0,0,0,0,0,0,0,0,0,0,0,0,0,0,0,0,0,0,0,,,0,0,
13315144,2025-01-09,Int. Friendly Games,Tanzania,A,2,0,souleymane-massa-ouattara,1830851,Souleymane Massa Ouattara,DF,1,0,0,0,,0,0,0,0,0,0,0,0,0,0,0,0,0,0,0,0,0,0,0,0,0,0,0,0,0,0,0,0,0,0,0,0,0,0,0,0,0,0,0.0,95,2,0,level
12183513,2025-03-21,"FIFA World Cup, Qualification CAF, Group A",Djibouti,H,4,1,adamo-nagalo,1108094,Adamo Nagalo,DF,1,1,0,90,,0,0,0,0,0,0,0,0,0,0,0,0,0,0,0,0,0,0,0,0,0,0,0,0,0,0,0,0,0,0,0,0,0,0,0,0,0,0,0.0,95,4,1,level
12183513,2025-03-21,"FIFA World Cup, Qualification CAF, Group A",Djibouti,H,4,1,bertrand-traore,218160,Bertrand Traoré,FW,1,1,1,78,,0,0,0,0,0,0,0,0,0,0,0,0,0,0,1,0,0,0,0,0,0,0,0,0,0,0,0,0,0,0,0,0,0,0,0,0,0,0,0.0,80,4,0,level
12183513,2025-03-21,"FIFA World Cup, Qualification CAF, Group A",Djibouti,H,4,1,blati-toure,806244,Blati Touré,MF,0,0,0,0,,0,0,0,0,0,0,0,0,0,0,0,0,0,0,0,0,0,0,0,0,0,0,0,0,0,0,0,0,0,0,0,0,0,0,0,0,0,0,,,0,0,
12183513,2025-03-21,"FIFA World Cup, Qualification CAF, Group A",Djibouti,H,4,1,cedric-badolo,989361,Cedric Badolo,MF,0,0,0,0,,0,0,0,0,0,0,0,0,0,0,0,0,0,0,0,0,0,0,0,0,0,0,0,0,0,0,0,0,0,0,0,0,0,0,0,0,0,0,,,0,0,
12183513,2025-03-21,"FIFA World Cup, Qualification CAF, Group A",Djibouti,H,4,1,dango-ouattara,1106451,Dango Ouattara,FW,1,1,0,90,,0,0,0,1,0,0,0,0,0,0,0,0,0,0,0,0,0,0,0,0,0,0,0,0,0,0,0,0,0,0,0,0,0,0,0,0,0,0,0.0,95,4,1,level
12183513,2025-03-21,"FIFA World Cup, Qualification CAF, Group A",Djibouti,H,4,1,dramane-salou,924861,Dramane Salou,MF,0,1,0,12,,0,0,0,0,0,0,0,0,0,0,0,0,0,0,0,0,0,0,0,0,0,0,0,0,0,0,0,0,0,0,0,0,0,0,0,0,0,0,80,95,0,1,leading
12183513,2025-03-21,"FIFA World Cup, Qualification CAF, Group A",Djibouti,H,4,1,farid-ouedraogo,1006190,Farid Ouédraogo,GK,0,0,0,0,,0,0,0,0,0,0,0,0,0,0,0,0,0,0,0,0,0,0,0,0,0,0,0,0,0,0,0,0,0,0,0,0,0,0,0,0,0,0,,,0,0,
12183513,2025-03-21,"FIFA World Cup, Qualification CAF, Group A",Djibouti,H,4,1,hassane-bande,886227,Hassane Bandé,FW,0,1,0,12,,0,0,0,0,0,0,0,0,0,0,0,0,0,0,0,0,0,0,0,0,0,0,0,0,0,0,0,0,0,0,0,0,0,0,0,0,0,0,80,95,0,1,leading
12183513,2025-03-21,"FIFA World Cup, Qualification CAF, Group A",Djibouti,H,4,1,herve-koffi,867299,Hervé Koffi,GK,1,1,0,90,,0,0,0,0,0,0,0,0,0,0,0,0,0,0,0,0,0,0,0,0,0,0,0,0,0,0,0,0,0,0,0,0,0,0,0,0,0,0,0.0,95,4,1,level
12183513,2025-03-21,"FIFA World Cup, Qualification CAF, Group A",Djibouti,H,4,1,ismahila-ouedraogo,1099259,Ismahila Ouédraogo,MF,0,0,0,0,,0,0,0,0,0,0,0,0,0,0,0,0,0,0,0,0,0,0,0,0,0,0,0,0,0,0,0,0,0,0,0,0,0,0,0,0,0,0,,,0,0,
12183513,2025-03-21,"FIFA World Cup, Qualification CAF, Group A",Djibouti,H,4,1,issa-kabore,1006189,Issa Kaboré,DF,1,1,0,90,,0,0,0,0,0,0,0,0,0,0,0,0,0,0,0,0,0,0,0,0,0,0,0,0,0,0,0,0,0,0,0,0,0,0,0,0,0,0,0.0,95,4,1,level
12183513,2025-03-21,"FIFA World Cup, Qualification CAF, Group A",Djibouti,H,4,1,issoufou-dayo,364758,Issoufou Dayo,DF,1,1,0,78,,0,0,0,0,0,0,0,0,0,0,0,0,0,0,0,0,0,0,0,0,0,0,0,0,0,0,0,0,0,0,0,0,0,0,0,0,0,0,0.0,80,4,0,level
12183513,2025-03-21,"FIFA World Cup, Qualification CAF, Group A",Djibouti,H,4,1,josue-tiendrebeogo,1897363,Josué Tiendrébéogo,MF,1,1,0,78,,0,0,0,1,0,0,0,0,0,0,0,0,0,0,1,0,0,0,0,0,0,0,0,0,0,0,0,0,0,0,0,0,0,0,0,0,0,0,0.0,80,4,0,level
12183513,2025-03-21,"FIFA World Cup, Qualification CAF, Group A",Djibouti,H,4,1,kilian-nikiema,1149858,Kilian Nikiema,GK,0,0,0,0,,0,0,0,0,0,0,0,0,0,0,0,0,0,0,0,0,0,0,0,0,0,0,0,0,0,0,0,0,0,0,0,0,0,0,0,0,0,0,,,0,0,
12183513,2025-03-21,"FIFA World Cup, Qualification CAF, Group A",Djibouti,H,4,1,lassina-traore,911719,Lassina Traoré,FW,1,1,0,78,,0,0,0,1,0,0,0,0,0,0,0,0,0,0,1,0,0,0,0,0,0,0,0,0,0,0,0,0,0,0,0,0,0,0,0,0,0,0,0.0,80,4,0,level
12183513,2025-03-21,"FIFA World Cup, Qualification CAF, Group A",Djibouti,H,4,1,mohamed-ali-yabre,1499155,Mohamed Ali Yabré,DF,0,1,0,12,,0,0,0,0,0,0,0,0,0,0,0,0,0,0,0,0,0,0,0,0,0,0,0,0,0,0,0,0,0,0,0,0,0,0,0,0,0,0,80,95,0,1,leading
12183513,2025-03-21,"FIFA World Cup, Qualification CAF, Group A",Djibouti,H,4,1,mohamed-konate,850011,Mohamed Konaté,FW,0,1,0,12,,0,0,0,0,0,0,0,0,0,0,0,0,0,0,0,0,0,0,0,0,0,0,0,0,0,0,0,0,0,0,0,0,0,0,0,0,0,0,80,95,0,1,leading
12183513,2025-03-21,"FIFA World Cup, Qualification CAF, Group A",Djibouti,H,4,1,mohamed-zougrana,1183551,Mohamed Zougrana,MF,1,1,0,90,,0,0,0,0,0,0,0,0,0,0,0,0,0,0,1,0,0,0,0,0,0,0,0,0,0,0,0,0,0,0,0,0,0,0,0,0,0,0,0.0,95,4,1,level
12183513,2025-03-21,"FIFA World Cup, Qualification CAF, Group A",Djibouti,H,4,1,nasser-djiga,1127169,Nasser Djiga,DF,0,1,0,12,,0,0,0,0,0,0,0,0,0,0,0,0,0,0,0,0,0,0,0,0,0,0,0,0,0,0,0,0,0,0,0,0,0,0,0,0,0,0,80,95,0,1,leading
12183513,2025-03-21,"FIFA World Cup, Qualification CAF, Group A",Djibouti,H,4,1,raouf-memel-dao,1103412,Raouf Memel Dao,MF,0,0,0,0,,0,0,0,0,0,0,0,0,0,0,0,0,0,0,0,0,0,0,0,0,0,0,0,0,0,0,0,0,0,0,0,0,0,0,0,0,0,0,,,0,0,
12183513,2025-03-21,"FIFA World Cup, Qualification CAF, Group A",Djibouti,H,4,1,saidou-simpore,785883,Saïdou Simporé,DF,1,1,0,90,,0,0,0,0,0,0,0,0,0,0,0,0,0,0,0,0,0,0,0,0,0,0,0,0,0,0,0,0,0,0,0,0,0,0,0,0,0,0,0.0,95,4,1,level
12183513,2025-03-21,"FIFA World Cup, Qualification CAF, Group A",Djibouti,H,4,1,steeve-yago,174911,Steeve Yago,DF,1,1,0,78,,0,0,0,0,0,0,0,0,0,0,0,0,0,0,0,0,0,0,0,0,0,0,0,0,0,0,0,0,0,0,0,0,0,0,0,0,0,0,0.0,80,4,0,level
12183510,2025-03-24,"FIFA World Cup, Qualification CAF, Group A",Guinea-Bissau,A,2,1,adamo-nagalo,1108094,Adamo Nagalo,DF,1,1,0,90,,0,0,0,1,0,0,0,0,0,0,0,0,0,0,0,0,0,0,0,0,0,0,0,0,0,0,0,0,0,0,0,0,0,0,0,0,0,0,0.0,95,2,1,level
12183510,2025-03-24,"FIFA World Cup, Qualification CAF, Group A",Guinea-Bissau,A,2,1,bertrand-traore,218160,Bertrand Traoré,FW,0,1,0,30,,0,0,0,0,0,0,0,0,0,0,0,0,0,0,0,0,0,0,0,0,0,0,0,0,0,0,0,0,0,0,0,0,0,0,0,0,0,0,62,95,1,0,level
12183510,2025-03-24,"FIFA World Cup, Qualification CAF, Group A",Guinea-Bissau,A,2,1,blati-toure,806244,Blati Touré,MF,0,1,0,30,,0,0,0,0,0,0,0,0,0,0,0,0,0,0,0,0,0,0,0,0,0,0,0,0,0,0,0,0,0,0,0,0,0,0,0,0,0,0,62,95,1,0,level
12183510,2025-03-24,"FIFA World Cup, Qualification CAF, Group A",Guinea-Bissau,A,2,1,cedric-badolo,989361,Cedric Badolo,MF,0,1,0,11,,0,0,0,0,0,0,0,0,0,0,0,0,0,0,0,0,0,0,0,0,0,0,0,0,0,0,0,0,0,0,0,0,0,0,0,0,0,0,81,95,0,0,leading
12183510,2025-03-24,"FIFA World Cup, Qualification CAF, Group A",Guinea-Bissau,A,2,1,dango-ouattara,1106451,Dango Ouattara,FW,1,1,0,90,,0,0,0,1,0,0,0,0,0,0,0,0,0,0,0,0,0,0,0,0,0,0,0,0,0,0,0,0,0,0,0,0,0,0,0,0,0,0,0.0,95,2,1,level
12183510,2025-03-24,"FIFA World Cup, Qualification CAF, Group A",Guinea-Bissau,A,2,1,dramane-salou,924861,Dramane Salou,MF,0,0,0,0,,0,0,0,0,0,0,0,0,0,0,0,0,0,0,0,0,0,0,0,0,0,0,0,0,0,0,0,0,0,0,0,0,0,0,0,0,0,0,,,0,0,
12183510,2025-03-24,"FIFA World Cup, Qualification CAF, Group A",Guinea-Bissau,A,2,1,farid-ouedraogo,1006190,Farid Ouédraogo,GK,0,0,0,0,,0,0,0,0,0,0,0,0,0,0,0,0,0,0,0,0,0,0,0,0,0,0,0,0,0,0,0,0,0,0,0,0,0,0,0,0,0,0,,,0,0,
12183510,2025-03-24,"FIFA World Cup, Qualification CAF, Group A",Guinea-Bissau,A,2,1,hassane-bande,886227,Hassane Bandé,FW,1,1,0,60,,0,0,0,0,0,0,0,0,0,0,0,0,0,0,0,0,0,0,0,0,0,0,0,0,0,0,0,0,0,0,0,0,0,0,0,0,0,0,0.0,62,1,1,level
12183510,2025-03-24,"FIFA World Cup, Qualification CAF, Group A",Guinea-Bissau,A,2,1,herve-koffi,867299,Hervé Koffi,GK,1,1,0,90,,0,0,0,0,0,0,0,0,0,0,0,0,0,0,0,0,0,0,0,0,0,0,0,0,0,0,0,0,0,0,0,0,0,0,0,0,0,0,0.0,95,2,1,level
12183510,2025-03-24,"FIFA World Cup, Qualification CAF, Group A",Guinea-Bissau,A,2,1,issa-kabore,1006189,Issa Kaboré,DF,1,1,0,90,,0,0,0,0,0,0,0,0,0,0,0,0,0,0,0,0,0,0,0,0,0,0,0,0,0,0,0,0,0,0,0,0,0,0,0,0,0,0,0.0,95,2,1,level
12183510,2025-03-24,"FIFA World Cup, Qualification CAF, Group A",Guinea-Bissau,A,2,1,josue-tiendrebeogo,1897363,Josué Tiendrébéogo,MF,1,1,0,79,,0,0,0,0,0,0,0,0,0,0,0,0,0,0,0,0,0,0,0,0,0,0,0,0,0,0,0,0,0,0,0,0,0,0,0,0,0,0,0.0,81,2,1,level
12183510,2025-03-24,"FIFA World Cup, Qualification CAF, Group A",Guinea-Bissau,A,2,1,kilian-nikiema,1149858,Kilian Nikiema,GK,0,0,0,0,,0,0,0,0,0,0,0,0,0,0,0,0,0,0,0,0,0,0,0,0,0,0,0,0,0,0,0,0,0,0,0,0,0,0,0,0,0,0,,,0,0,
12183510,2025-03-24,"FIFA World Cup, Qualification CAF, Group A",Guinea-Bissau,A,2,1,lassina-traore,911719,Lassina Traoré,FW,1,1,0,79,,0,0,0,0,0,0,0,0,0,0,0,0,0,0,2,0,0,0,0,0,0,0,0,0,0,0,0,0,0,0,0,0,0,0,0,0,0,0,0.0,81,2,1,level
12183510,2025-03-24,"FIFA World Cup, Qualification CAF, Group A",Guinea-Bissau,A,2,1,mohamed-ali-yabre,1499155,Mohamed Ali Yabré,DF,0,0,0,0,,0,0,0,0,0,0,0,0,0,0,0,0,0,0,0,0,0,0,0,0,0,0,0,0,0,0,0,0,0,0,0,0,0,0,0,0,0,0,,,0,0,
12183510,2025-03-24,"FIFA World Cup, Qualification CAF, Group A",Guinea-Bissau,A,2,1,mohamed-konate,850011,Mohamed Konaté,FW,0,1,0,11,,0,0,0,0,0,0,0,0,0,0,0,0,0,0,0,0,0,0,0,0,0,0,0,0,0,0,0,0,0,0,0,0,0,0,0,0,0,0,81,95,0,0,leading
12183510,2025-03-24,"FIFA World Cup, Qualification CAF, Group A",Guinea-Bissau,A,2,1,mohamed-zougrana,1183551,Mohamed Zougrana,MF,1,1,0,60,,0,0,0,0,0,0,0,0,0,0,0,0,0,0,0,0,0,0,0,0,0,0,0,0,0,0,0,0,0,0,0,0,0,0,0,0,0,0,0.0,62,1,1,level
12183510,2025-03-24,"FIFA World Cup, Qualification CAF, Group A",Guinea-Bissau,A,2,1,nasser-djiga,1127169,Nasser Djiga,DF,1,1,0,90,,0,0,0,0,0,0,0,0,0,0,0,0,0,0,0,0,0,0,0,0,0,0,0,0,0,0,0,0,0,0,0,0,0,0,0,0,0,0,0.0,95,2,1,level
12183510,2025-03-24,"FIFA World Cup, Qualification CAF, Group A",Guinea-Bissau,A,2,1,raouf-memel-dao,1103412,Raouf Memel Dao,MF,0,0,0,0,,0,0,0,0,0,0,0,0,0,0,0,0,0,0,0,0,0,0,0,0,0,0,0,0,0,0,0,0,0,0,0,0,0,0,0,0,0,0,,,0,0,
12183510,2025-03-24,"FIFA World Cup, Qualification CAF, Group A",Guinea-Bissau,A,2,1,saidou-simpore,785883,Saïdou Simporé,DF,1,1,0,90,,0,0,0,0,0,0,0,0,0,0,0,0,0,0,0,0,0,0,0,0,0,0,0,0,0,0,0,0,0,0,0,0,0,0,0,0,0,0,0.0,95,2,1,level
12183510,2025-03-24,"FIFA World Cup, Qualification CAF, Group A",Guinea-Bissau,A,2,1,steeve-yago,174911,Steeve Yago,DF,1,1,0,90,,0,0,0,0,0,0,0,0,0,0,0,0,0,0,0,0,0,0,0,0,0,0,0,0,0,0,0,0,0,0,0,0,0,0,0,0,0,0,0.0,95,2,1,level
13961689,2025-06-02,Int. Friendly Games,Tunisia,A,0,2,abdoul-ayinde,2399613,Abdoul Ayinde,DF,0,0,0,0,,0,0,0,0,0,0,0,0,0,0,0,0,0,0,0,0,0,0,0,0,0,0,0,0,0,0,0,0,0,0,0,0,0,0,0,0,0,0,,,0,0,
13961689,2025-06-02,Int. Friendly Games,Tunisia,A,0,2,abdoul-yoda,1065760,Abdoul Yoda,MF,0,0,0,0,,0,0,0,0,0,0,0,0,0,0,0,0,0,0,0,0,0,0,0,0,0,0,0,0,0,0,0,0,0,0,0,0,0,0,0,0,0,0,,,0,0,
13961689,2025-06-02,Int. Friendly Games,Tunisia,A,0,2,adamo-nagalo,1108094,Adamo Nagalo,DF,1,1,0,90,,1,2,3,0,3,0,0,0,0,0,4,4,1,2,0,0,4,0,2,2,36,31,0,0,0,0,0,2,0,0,0,0,0,0,0,0,0,51,0.0,94,0,2,level
13961689,2025-06-02,Int. Friendly Games,Tunisia,A,0,2,arsene-kouassi,1855502,Arsène Kouassi,DF,1,1,0,90,,1,0,0,0,4,2,0,0,1,0,3,2,1,2,0,0,1,0,1,0,20,16,0,0,0,0,0,3,0,0,0,0,0,0,0,1,0,36,0.0,94,0,2,level
13961689,2025-06-02,Int. Friendly Games,Tunisia,A,0,2,bertrand-traore,218160,Bertrand Traoré,FW,0,1,0,21,,1,0,1,0,1,3,0,1,0,0,1,1,0,0,0,0,0,0,0,0,6,6,0,0,0,0,0,1,0,0,0,0,0,2,0,0,0,15,70,94,0,1,trailing
13961689,2025-06-02,Int. Friendly Games,Tunisia,A,0,2,cedric-badolo,989361,Cedric Badolo,MF,0,1,0,21,,1,0,0,0,0,0,0,0,0,0,1,0,0,0,0,0,0,0,2,2,6,6,0,0,0,0,0,0,0,0,0,0,0,0,0,0,0,7,70,94,0,1,trailing
13961689,2025-06-02,Int. Friendly Games,Tunisia,A,0,2,cyriaque-irie,1508537,Cyriaque Irié,FW,1,1,0,83,,1,2,1,0,0,0,0,1,6,5,7,8,2,3,0,0,2,0,1,1,19,12,0,0,0,0,0,7,0,0,0,0,0,2,0,0,0,43,0.0,84,0,1,level
13961689,2025-06-02,Int. Friendly Games,Tunisia,A,0,2,edmond-tapsoba,883262,Edmond Tapsoba,DF,1,1,0,90,,1,0,0,0,3,0,0,1,0,0,1,0,0,0,0,0,0,1,12,7,45,39,0,0,0,0,0,1,0,0,0,0,0,1,0,0,0,52,0.0,94,0,2,level
13961689,2025-06-02,Int. Friendly Games,Tunisia,A,0,2,farid-ouedraogo,1006190,Farid Ouédraogo,GK,0,0,0,0,,0,0,0,0,0,0,0,0,0,0,0,0,0,0,0,0,0,0,0,0,0,0,0,0,0,0,0,0,0,0,0,0,0,0,0,0,0,0,,,0,0,
13961689,2025-06-02,Int. Friendly Games,Tunisia,A,0,2,hassane-bande,886227,Hassane Bandé,FW,1,1,0,69,,1,0,0,0,0,1,0,1,1,1,3,5,3,2,0,0,1,0,1,0,16,14,0,0,0,0,0,2,0,0,0,0,0,1,0,1,0,27,0.0,70,0,1,level
13961689,2025-06-02,Int. Friendly Games,Tunisia,A,0,2,hassane-traore,2166721,Hassane Traoré,DF,0,0,0,0,,0,0,0,0,0,0,0,0,0,0,0,0,0,0,0,0,0,0,0,0,0,0,0,0,0,0,0,0,0,0,0,0,0,0,0,0,0,0,,,0,0,
13961689,2025-06-02,Int. Friendly Games,Tunisia,A,0,2,herve-koffi,867299,Hervé Koffi,GK,1,1,1,90,,1,0,0,0,0,0,0,0,1,0,1,0,0,0,0,2,0,0,6,3,21,18,0,0,0,0,0,7,1,0,0,0,0,0,0,0,0,29,0.0,94,0,2,level
13961689,2025-06-02,Int. Friendly Games,Tunisia,A,0,2,ismaelo-ganiou,1408080,Ismaëlo Ganiou,DF,0,0,0,0,,0,0,0,0,0,0,0,0,0,0,0,0,0,0,0,0,0,0,0,0,0,0,0,0,0,0,0,0,0,0,0,0,0,0,0,0,0,0,,,0,0,
13961689,2025-06-02,Int. Friendly Games,Tunisia,A,0,2,issa-kabore,1006189,Issa Kaboré,DF,1,1,0,90,,1,0,1,0,2,4,0,0,2,1,3,8,2,1,0,0,1,2,0,0,31,23,0,0,0,0,0,4,0,0,0,0,0,0,0,4,3,67,0.0,94,0,2,level
13961689,2025-06-02,Int. Friendly Games,Tunisia,A,0,2,jack-diarra,1542760,Jack Diarra,FW,0,1,0,7,,1,0,0,0,0,0,0,0,0,0,0,0,0,0,0,0,0,0,0,0,0,0,0,0,0,0,0,1,0,0,0,0,0,0,0,0,0,2,84,94,0,1,trailing
13961689,2025-06-02,Int. Friendly Games,Tunisia,A,0,2,josue-tiendrebeogo,1897363,Josué Tiendrébéogo,MF,1,1,0,69,,1,0,0,0,0,4,2,1,3,0,7,4,2,2,0,0,0,3,1,1,17,11,0,0,0,0,0,3,0,0,0,0,0,2,0,2,1,34,0.0,70,0,1,level
13961689,2025-06-02,Int. Friendly Games,Tunisia,A,0,2,kilian-nikiema,1149858,Kilian Nikiema,GK,0,0,0,0,,0,0,0,0,0,0,0,0,0,0,0,0,0,0,0,0,0,0,0,0,0,0,0,0,0,0,0,0,0,0,0,0,0,0,0,0,0,0,,,0,0,
13961689,2025-06-02,Int. Friendly Games,Tunisia,A,0,2,mohamed-konate,850011,Mohamed Konaté,FW,1,1,0,83,,1,1,1,0,1,0,0,0,2,0,5,2,1,1,0,0,1,1,0,0,8,6,0,0,0,0,0,2,0,0,0,0,0,2,0,0,0,21,0.0,84,0,1,level
13961689,2025-06-02,Int. Friendly Games,Tunisia,A,0,2,nasser-djiga,1127169,Nasser Djiga,DF,0,0,0,0,,0,0,0,0,0,0,0,0,0,0,0,0,0,0,0,0,0,0,0,0,0,0,0,0,0,0,0,0,0,0,0,0,0,0,0,0,0,0,,,0,0,
13961689,2025-06-02,Int. Friendly Games,Tunisia,A,0,2,pierre-landry-kabore,1102857,Pierre Landry Kaboré,FW,0,1,0,7,,1,0,1,0,0,0,0,0,0,0,1,1,0,1,0,0,0,0,0,0,3,1,0,0,0,0,0,0,0,0,0,0,0,0,0,0,0,3,84,94,0,1,trailing
13961689,2025-06-02,Int. Friendly Games,Tunisia,A,0,2,raouf-memel-dao,1103412,Raouf Memel Dao,MF,1,1,0,90,,1,2,2,0,1,1,0,0,2,1,5,6,3,1,0,0,1,2,4,3,21,17,0,0,0,0,0,3,0,0,0,0,0,1,1,0,0,39,0.0,94,0,2,level
13961689,2025-06-02,Int. Friendly Games,Tunisia,A,0,2,saidou-simpore,785883,Saïdou Simporé,DF,1,1,0,90,,1,1,2,0,3,0,0,0,0,0,7,3,0,6,0,0,0,0,5,2,43,35,0,0,0,0,0,2,0,0,0,0,0,1,0,1,1,52,0.0,94,0,2,level
13975674,2025-06-06,Int. Friendly Games,Zimbabwe,A,2,0,abdoul-ayinde,2399613,Abdoul Ayinde,DF,1,0,0,0,,0,0,0,0,0,0,0,0,0,0,0,0,0,0,0,0,0,0,0,0,0,0,0,0,0,0,0,0,0,0,0,0,0,0,0,0,0,0,0.0,95,2,0,level
13975674,2025-06-06,Int. Friendly Games,Zimbabwe,A,2,0,bertrand-traore,218160,Bertrand Traoré,FW,1,0,0,0,,0,0,0,0,0,0,0,0,0,0,0,0,0,0,0,0,0,0,0,0,0,0,0,0,0,0,0,0,0,0,0,0,0,0,0,0,0,0,0.0,95,2,0,level
13975674,2025-06-06,Int. Friendly Games,Zimbabwe,A,2,0,cedric-badolo,989361,Cedric Badolo,MF,1,0,0,0,,0,0,0,0,0,0,0,0,0,0,0,0,0,0,0,0,0,0,0,0,0,0,0,0,0,0,0,0,0,0,0,0,0,0,0,0,0,0,0.0,95,2,0,level
13975674,2025-06-06,Int. Friendly Games,Zimbabwe,A,2,0,cyriaque-irie,1508537,Cyriaque Irié,FW,1,0,0,0,,0,0,0,0,0,0,0,0,0,0,0,0,0,0,0,0,0,0,0,0,0,0,0,0,0,0,0,0,0,0,0,0,0,0,0,0,0,0,0.0,95,2,0,level
13975674,2025-06-06,Int. Friendly Games,Zimbabwe,A,2,0,edmond-tapsoba,883262,Edmond Tapsoba,DF,1,0,0,0,,0,0,0,0,0,0,0,0,0,0,0,0,0,0,0,0,0,0,0,0,0,0,0,0,0,0,0,0,0,0,0,0,0,0,0,0,0,0,0.0,95,2,0,level
13975674,2025-06-06,Int. Friendly Games,Zimbabwe,A,2,0,herve-koffi,867299,Hervé Koffi,GK,1,0,0,0,,0,0,0,0,0,0,0,0,0,0,0,0,0,0,0,0,0,0,0,0,0,0,0,0,0,0,0,0,0,0,0,0,0,0,0,0,0,0,0.0,95,2,0,level
13975674,2025-06-06,Int. Friendly Games,Zimbabwe,A,2,0,issa-kabore,1006189,Issa Kaboré,DF,1,0,0,0,,0,0,0,0,0,0,0,0,0,0,0,0,0,0,0,0,0,0,0,0,0,0,0,0,0,0,0,0,0,0,0,0,0,0,0,0,0,0,0.0,95,2,0,level
13975674,2025-06-06,Int. Friendly Games,Zimbabwe,A,2,0,issoufou-dayo,364758,Issoufou Dayo,DF,1,0,0,0,,0,0,0,0,0,0,0,0,0,0,0,0,0,0,0,0,0,0,0,0,0,0,0,0,0,0,0,0,0,0,0,0,0,0,0,0,0,0,0.0,95,2,0,level
13975674,2025-06-06,Int. Friendly Games,Zimbabwe,A,2,0,pierre-landry-kabore,1102857,Pierre Landry Kaboré,FW,1,0,0,0,,0,0,0,0,0,0,0,0,0,0,0,0,0,0,0,0,0,0,0,0,0,0,0,0,0,0,0,0,0,0,0,0,0,0,0,0,0,0,0.0,95,2,0,level
13975674,2025-06-06,Int. Friendly Games,Zimbabwe,A,2,0,saidou-simpore,785883,Saïdou Simporé,DF,1,0,0,0,,0,0,0,0,0,0,0,0,0,0,0,0,0,0,0,0,0,0,0,0,0,0,0,0,0,0,0,0,0,0,0,0,0,0,0,0,0,0,0.0,95,2,0,level
13975674,2025-06-06,Int. Friendly Games,Zimbabwe,A,2,0,stephane-aziz-ki,865473,Stephane Aziz Ki,MF,1,0,0,0,,0,0,0,0,0,0,0,0,0,0,0,0,0,0,0,0,0,0,0,0,0,0,0,0,0,0,0,0,0,0,0,0,0,0,0,0,0,0,0.0,95,2,0,level
14085001,2025-08-02,"African Nations Championship, Group B",Tanzania,A,0,2,abdoul-abass-guiro,1009908,Abdoul Abass Guiro,DF,1,1,1,90,7.2,1,1,4,0,2,0,0,0,0,0,1,6,0,0,0,0,2,0,10,8,43,35,0,0,0,0,0,6,0,0,0,0,0,1,0,2,2,53,0.0,100,0,2,level
14085001,2025-08-02,"African Nations Championship, Group B",Tanzania,A,0,2,abdoul-baguian,1099246,Abdoul Baguian,FW,0,1,0,45,6.5,1,1,1,0,1,4,1,0,2,1,4,2,0,1,0,0,1,2,3,1,7,4,0,0,0,0,0,2,0,0,0,0,0,0,0,0,0,19,49,100,0,1,trailing
14085001,2025-08-02,"African Nations Championship, Group B",Tanzania,A,0,2,abdoulaye-toure,2025851,Abdoulaye Toure,FW,0,0,0,0,,0,0,0,0,0,0,0,0,0,0,0,0,0,0,0,0,0,0,0,0,0,0,0,0,0,0,0,0,0,0,0,0,0,0,0,0,0,0,,,0,0,
14085001,2025-08-02,"African Nations Championship, Group B",Tanzania,A,0,2,aliou-chitou-adjibade,1140895,Aliou Chitou Adjibadé,MF,1,1,0,45,6.5,1,1,0,0,0,0,0,0,1,1,5,4,2,3,0,0,2,0,4,2,28,21,0,0,0,0,0,2,0,0,0,0,0,0,0,1,0,37,0.0,49,0,1,level
14085001,2025-08-02,"African Nations Championship, Group B",Tanzania,A,0,2,christophe-ouattara,2200977,Christophe Ouattara,DF,0,0,0,0,,0,0,0,0,0,0,0,0,0,0,0,0,0,0,0,0,0,0,0,0,0,0,0,0,0,0,0,0,0,0,0,0,0,0,0,0,0,0,,,0,0,
14085001,2025-08-02,"African Nations Championship, Group B",Tanzania,A,0,2,cedric-barro,2200974,Cédric Barro,MF,0,0,0,0,,0,0,0,0,0,0,0,0,0,0,0,0,0,0,0,0,0,0,0,0,0,0,0,0,0,0,0,0,0,0,0,0,0,0,0,0,0,0,,,0,0,
14085001,2025-08-02,"African Nations Championship, Group B",Tanzania,A,0,2,damassi-konate,2200963,Damassi Konaté,FW,0,0,0,0,,0,0,0,0,0,0,0,0,0,0,0,0,0,0,0,0,0,0,0,0,0,0,0,0,0,0,0,0,0,0,0,0,0,0,0,0,0,0,,,0,0,
14085001,2025-08-02,"African Nations Championship, Group B",Tanzania,A,0,2,frank-tologo,2200985,Frank Tologo,DF,1,1,0,77,5.7,1,0,2,0,4,0,0,0,1,0,2,3,0,1,0,0,0,0,5,2,25,18,1,0,0,0,0,2,0,0,0,0,0,1,0,1,0,34,0.0,80,0,2,level
14085001,2025-08-02,"African Nations Championship, Group B",Tanzania,A,0,2,hanaby-hadalou-sagne,2025852,Hanaby Hadalou Sagne,DF,1,1,0,45,6.3,1,0,1,0,0,1,0,0,0,0,1,1,0,0,0,0,0,0,3,2,12,9,0,0,0,0,0,4,0,0,0,0,0,0,0,0,0,14,0.0,49,0,1,level
14085001,2025-08-02,"African Nations Championship, Group B",Tanzania,A,0,2,issouf-kabore,2201001,Issouf Kaboré,FW,0,1,0,14,7.2,1,1,0,0,0,0,0,0,3,2,2,5,1,0,0,0,0,1,2,1,10,8,0,0,0,0,0,3,0,0,0,0,0,0,0,2,2,19,80,100,0,0,trailing
14085001,2025-08-02,"African Nations Championship, Group B",Tanzania,A,0,2,josaphat-ouattara,2201007,Josaphat Ouattara,MF,1,1,0,90,6.7,1,0,2,0,0,3,1,1,1,1,6,8,0,5,0,0,0,1,2,1,34,26,0,0,0,0,0,7,0,0,0,0,0,0,0,5,3,48,0.0,100,0,2,level
14085001,2025-08-02,"African Nations Championship, Group B",Tanzania,A,0,2,kalifa-nikiema,1102864,Kalifa Nikiema,MF,1,1,0,90,6.3,1,2,1,0,0,2,0,0,2,1,3,3,0,0,0,0,1,1,1,0,22,18,0,0,0,0,0,2,0,0,0,0,0,0,0,1,0,40,0.0,100,0,2,level
14085001,2025-08-02,"African Nations Championship, Group B",Tanzania,A,0,2,ladji-brahima-sanou,1103381,Ladji Brahima Sanou,GK,1,1,0,90,7.9,1,0,1,0,1,0,0,0,0,0,0,1,1,0,0,0,0,0,16,11,28,23,0,1,0,0,1,7,6,3,0,0,0,0,0,0,0,37,0.0,100,0,2,level
14085001,2025-08-02,"African Nations Championship, Group B",Tanzania,A,0,2,mohamed-guira,2201029,Mohamed Guira,DF,0,0,0,0,,0,0,0,0,0,0,0,0,0,0,0,0,0,0,0,0,0,0,0,0,0,0,0,0,0,0,0,0,0,0,0,0,0,0,0,0,0,0,,,0,0,
14085001,2025-08-02,"African Nations Championship, Group B",Tanzania,A,0,2,moumoune-diallo,2201033,Moumoune Diallo,DF,1,1,0,90,6.1,1,1,1,0,2,3,0,1,0,0,3,4,1,1,0,0,4,0,8,1,26,17,0,0,0,0,0,2,0,0,0,0,0,1,0,2,0,46,0.0,100,0,2,level
14085001,2025-08-02,"African Nations Championship, Group B",Tanzania,A,0,2,moussa-traore,2201037,Moussa Traoré,GK,0,0,0,0,,0,0,0,0,0,0,0,0,0,0,0,0,0,0,0,0,0,0,0,0,0,0,0,0,0,0,0,0,0,0,0,0,0,0,0,0,0,0,,,0,0,
14085001,2025-08-02,"African Nations Championship, Group B",Tanzania,A,0,2,ousmane-siry,2201058,Ousmane Siry,MF,0,0,0,0,,0,0,0,0,0,0,0,0,0,0,0,0,0,0,0,0,0,0,0,0,0,0,0,0,0,0,0,0,0,0,0,0,0,0,0,0,0,0,,,0,0,
14085001,2025-08-02,"African Nations Championship, Group B",Tanzania,A,0,2,papus-ouattara,2201056,Papus Ouattara,FW,1,1,0,90,6.5,1,6,4,0,2,0,0,1,4,2,11,8,2,3,0,0,0,1,0,0,18,12,0,0,0,0,0,1,0,0,0,0,0,2,1,1,1,36,0.0,100,0,2,level
14085001,2025-08-02,"African Nations Championship, Group B",Tanzania,A,0,2,patrick-malo,867239,Patrick Malo,DF,0,1,0,45,6.9,1,2,3,0,3,1,0,0,1,1,2,7,2,0,0,0,0,0,8,3,22,15,0,0,0,0,0,4,0,0,0,0,0,1,0,1,1,35,49,100,0,1,trailing
14085001,2025-08-02,"African Nations Championship, Group B",Tanzania,A,0,2,romain-lougoutiogue,2025856,Romain Lougoutiogue,FW,0,0,0,0,,0,0,0,0,0,0,0,0,0,0,0,0,0,0,0,0,0,0,0,0,0,0,0,0,0,0,0,0,0,0,0,0,0,0,0,0,0,0,,,0,0,
14085001,2025-08-02,"African Nations Championship, Group B",Tanzania,A,0,2,souleymane-sangare,2201046,Souleymane Sangaré,MF,1,1,0,45,6.2,1,1,0,0,0,0,0,0,1,0,4,1,0,2,0,0,1,0,0,0,7,7,0,0,0,0,0,1,0,0,0,0,0,2,2,1,1,16,0.0,49,0,1,level
14085001,2025-08-02,"African Nations Championship, Group B",Tanzania,A,0,2,tertius-bagre,2201045,Tertius Bagré,MF,1,1,0,90,6.7,1,0,3,0,2,1,0,1,1,0,3,5,3,0,0,0,3,1,3,1,35,23,0,0,0,0,0,3,0,0,0,0,0,2,0,0,0,49,0.0,100,0,2,level
14085001,2025-08-02,"African Nations Championship, Group B",Tanzania,A,0,2,yves-koutiama,2201040,Yves Koutiama,FW,0,1,0,45,6.5,1,2,1,0,0,0,0,0,1,0,4,4,1,1,0,0,0,1,0,0,8,6,0,0,0,0,0,0,0,0,0,0,0,2,0,2,2,17,49,100,0,1,trailing
14085010,2025-08-06,"African Nations Championship, Group B",Central African Republic,H,4,2,abdoul-abass-guiro,1009908,Abdoul Abass Guiro,DF,1,1,0,90,7.4,1,2,4,0,6,0,0,0,0,0,2,8,1,0,1,0,1,0,5,5,24,20,0,0,0,0,0,2,0,0,0,0,0,2,1,3,3,41,0.0,102,4,2,level
14085010,2025-08-06,"African Nations Championship, Group B",Central African Republic,H,4,2,abdoul-baguian,1099246,Abdoul Baguian,FW,1,1,0,90,8.2,1,2,1,0,1,2,0,0,2,1,5,6,2,2,1,0,0,0,3,1,13,8,0,0,0,1,0,4,0,0,0,0,0,2,1,2,1,28,0.0,102,4,2,level
14085010,2025-08-06,"African Nations Championship, Group B",Central African Republic,H,4,2,abdoulaye-toure,2025851,Abdoulaye Toure,FW,1,1,0,90,6.6,1,3,4,0,0,0,0,0,2,0,6,6,1,1,0,0,1,0,8,5,27,19,0,0,0,0,0,4,0,0,0,0,0,0,0,1,0,38,0.0,102,4,2,level
14085010,2025-08-06,"African Nations Championship, Group B",Central African Republic,H,4,2,aliou-chitou-adjibade,1140895,Aliou Chitou Adjibadé,MF,0,0,0,0,,0,0,0,0,0,0,0,0,0,0,0,0,0,0,0,0,0,0,0,0,0,0,0,0,0,0,0,0,0,0,0,0,0,0,0,0,0,0,,,0,0,
14085010,2025-08-06,"African Nations Championship, Group B",Central African Republic,H,4,2,christophe-ouattara,2200977,Christophe Ouattara,DF,0,0,0,0,,0,0,0,0,0,0,0,0,0,0,0,0,0,0,0,0,0,0,0,0,0,0,0,0,0,0,0,0,0,0,0,0,0,0,0,0,0,0,,,0,0,
14085010,2025-08-06,"African Nations Championship, Group B",Central African Republic,H,4,2,cedric-barro,2200974,Cédric Barro,MF,0,0,0,0,,0,0,0,0,0,0,0,0,0,0,0,0,0,0,0,0,0,0,0,0,0,0,0,0,0,0,0,0,0,0,0,0,0,0,0,0,0,0,,,0,0,
14085010,2025-08-06,"African Nations Championship, Group B",Central African Republic,H,4,2,damassi-konate,2200963,Damassi Konaté,FW,0,0,0,0,,0,0,0,0,0,0,0,0,0,0,0,0,0,0,0,0,0,0,0,0,0,0,0,0,0,0,0,0,0,0,0,0,0,0,0,0,0,0,,,0,0,
14085010,2025-08-06,"African Nations Championship, Group B",Central African Republic,H,4,2,frank-tologo,2200985,Frank Tologo,DF,0,0,0,0,,0,0,0,0,0,0,0,0,0,0,0,0,0,0,0,0,0,0,0,0,0,0,0,0,0,0,0,0,0,0,0,0,0,0,0,0,0,0,,,0,0,
14085010,2025-08-06,"African Nations Championship, Group B",Central African Republic,H,4,2,hanaby-hadalou-sagne,2025852,Hanaby Hadalou Sagne,DF,0,0,0,0,,0,0,0,0,0,0,0,0,0,0,0,0,0,0,0,0,0,0,0,0,0,0,0,0,0,0,0,0,0,0,0,0,0,0,0,0,0,0,,,0,0,
14085010,2025-08-06,"African Nations Championship, Group B",Central African Republic,H,4,2,issouf-kabore,2201001,Issouf Kaboré,FW,1,1,0,73,7.5,1,4,2,0,0,1,1,1,4,4,6,11,4,0,0,0,3,1,1,1,21,16,0,0,0,0,0,7,0,0,0,0,0,1,0,1,1,46,0.0,78,2,1,level
14085010,2025-08-06,"African Nations Championship, Group B",Central African Republic,H,4,2,josaphat-ouattara,2201007,Josaphat Ouattara,MF,1,1,0,89,7.3,1,0,2,0,0,4,1,2,1,1,5,9,2,2,0,0,0,1,4,2,22,12,0,0,0,1,0,6,0,0,0,0,0,1,1,4,2,45,0.0,98,4,1,level
14085010,2025-08-06,"African Nations Championship, Group B",Central African Republic,H,4,2,kalifa-nikiema,1102864,Kalifa Nikiema,MF,1,1,0,90,6.6,1,1,3,0,2,0,0,1,1,1,3,7,3,0,0,0,2,1,4,1,27,19,0,0,0,0,0,5,0,0,0,0,0,1,0,0,0,53,0.0,102,4,2,level
14085010,2025-08-06,"African Nations Championship, Group B",Central African Republic,H,4,2,ladji-brahima-sanou,1103381,Ladji Brahima Sanou,GK,1,1,0,90,6.7,1,0,1,0,1,0,0,0,0,0,0,1,0,0,0,2,0,0,21,11,27,17,0,0,0,0,0,10,1,0,0,0,0,0,0,0,0,33,0.0,102,4,2,level
14085010,2025-08-06,"African Nations Championship, Group B",Central African Republic,H,4,2,mohamed-guira,2201029,Mohamed Guira,DF,1,1,0,90,5.9,1,1,1,0,0,4,0,0,1,1,5,5,1,1,0,0,2,1,6,3,29,22,0,0,0,0,0,2,0,0,0,0,0,1,0,2,0,54,0.0,102,4,2,level
14085010,2025-08-06,"African Nations Championship, Group B",Central African Republic,H,4,2,moumoune-diallo,2201033,Moumoune Diallo,DF,0,0,0,0,,0,0,0,0,0,0,0,0,0,0,0,0,0,0,0,0,0,0,0,0,0,0,0,0,0,0,0,0,0,0,0,0,0,0,0,0,0,0,,,0,0,
14085010,2025-08-06,"African Nations Championship, Group B",Central African Republic,H,4,2,moussa-traore,2201037,Moussa Traoré,GK,0,0,0,0,,0,0,0,0,0,0,0,0,0,0,0,0,0,0,0,0,0,0,0,0,0,0,0,0,0,0,0,0,0,0,0,0,0,0,0,0,0,0,,,0,0,
14085010,2025-08-06,"African Nations Championship, Group B",Central African Republic,H,4,2,ousmane-siry,2201058,Ousmane Siry,MF,0,1,0,45,6.6,1,1,2,0,0,0,0,0,0,0,1,2,0,0,0,0,0,0,2,1,12,9,0,0,0,0,0,3,0,0,0,0,0,0,0,0,0,14,51,102,3,1,level
14085010,2025-08-06,"African Nations Championship, Group B",Central African Republic,H,4,2,papus-ouattara,2201056,Papus Ouattara,FW,1,1,0,73,7.5,1,3,6,0,0,0,0,2,4,1,8,7,0,1,1,0,0,1,0,0,16,12,0,0,0,0,0,4,0,0,0,0,0,3,2,0,0,33,0.0,78,2,1,level
14085010,2025-08-06,"African Nations Championship, Group B",Central African Republic,H,4,2,patrick-malo,867239,Patrick Malo,DF,1,1,1,90,7.1,1,1,3,0,5,0,0,0,2,2,2,6,2,0,1,0,0,0,23,8,43,24,0,0,0,0,0,2,0,0,0,0,0,2,1,0,0,57,0.0,102,4,2,level
14085010,2025-08-06,"African Nations Championship, Group B",Central African Republic,H,4,2,romain-lougoutiogue,2025856,Romain Lougoutiogue,FW,1,1,0,45,6.8,1,1,2,0,1,3,0,0,4,2,4,7,4,1,0,0,0,0,2,1,18,14,0,0,0,0,0,4,0,0,0,0,0,0,0,0,0,32,0.0,51,1,1,level
14085010,2025-08-06,"African Nations Championship, Group B",Central African Republic,H,4,2,souleymane-sangare,2201046,Souleymane Sangaré,MF,0,1,0,1,,1,0,0,0,0,0,0,0,0,0,1,0,0,0,0,0,0,0,0,0,1,0,0,0,0,0,0,0,0,0,0,0,0,0,0,0,0,1,98,102,0,1,leading
14085010,2025-08-06,"African Nations Championship, Group B",Central African Republic,H,4,2,tertius-bagre,2201045,Tertius Bagré,MF,0,1,0,18,6.6,1,1,1,0,1,0,0,0,0,0,2,2,0,0,0,0,0,0,1,1,6,5,0,0,0,0,0,3,0,0,0,0,0,0,0,1,0,11,78,102,2,1,leading
14085010,2025-08-06,"African Nations Championship, Group B",Central African Republic,H,4,2,yves-koutiama,2201040,Yves Koutiama,FW,0,1,0,18,7.1,1,1,1,1,0,1,0,0,2,0,4,4,2,1,0,0,0,1,1,0,8,6,0,0,0,0,0,0,0,0,0,0,0,0,0,1,1,14,78,102,2,1,leading
14085026,2025-08-13,"African Nations Championship, Group B",Mauritania,A,0,1,abdoul-abass-guiro,1009908,Abdoul Abass Guiro,DF,1,1,0,90,6.7,1,3,5,0,4,0,0,0,0,0,3,7,1,0,0,0,0,0,9,3,30,18,0,0,0,0,0,2,0,0,0,0,0,2,1,1,1,39,0.0,105,0,1,level
14085026,2025-08-13,"African Nations Championship, Group B",Mauritania,A,0,1,abdoul-baguian,1099246,Abdoul Baguian,FW,1,1,0,90,6.6,1,3,4,0,0,3,0,1,3,1,10,9,2,3,0,0,0,1,2,0,20,14,0,0,0,0,0,5,0,0,0,0,0,1,0,2,1,43,0.0,105,0,1,level
14085026,2025-08-13,"African Nations Championship, Group B",Mauritania,A,0,1,abdoulaye-toure,2025851,Abdoulaye Toure,FW,1,1,0,41,5.5,1,1,1,0,0,0,0,0,0,0,3,1,0,1,0,0,0,0,1,1,7,5,0,0,0,0,0,1,0,0,0,0,0,0,0,0,0,8,0.0,41,0,0,level
14085026,2025-08-13,"African Nations Championship, Group B",Mauritania,A,0,1,aliou-chitou-adjibade,1140895,Aliou Chitou Adjibadé,MF,0,1,0,11,6.6,1,0,0,0,0,0,0,0,0,0,1,1,1,1,0,0,0,0,4,1,7,4,0,0,0,0,0,0,0,0,0,0,0,2,0,0,0,10,89,105,0,0,trailing
14085026,2025-08-13,"African Nations Championship, Group B",Mauritania,A,0,1,christophe-ouattara,2200977,Christophe Ouattara,DF,0,0,0,0,,0,0,0,0,0,0,0,0,0,0,0,0,0,0,0,0,0,0,0,0,0,0,0,0,0,0,0,0,0,0,0,0,0,0,0,0,0,0,,,0,0,
14085026,2025-08-13,"African Nations Championship, Group B",Mauritania,A,0,1,cedric-barro,2200974,Cédric Barro,MF,0,0,0,0,,0,0,0,0,0,0,0,0,0,0,0,0,0,0,0,0,0,0,0,0,0,0,0,0,0,0,0,0,0,0,0,0,0,0,0,0,0,0,,,0,0,
14085026,2025-08-13,"African Nations Championship, Group B",Mauritania,A,0,1,damassi-konate,2200963,Damassi Konaté,FW,0,0,0,0,,0,0,0,0,0,0,0,0,0,0,0,0,0,0,0,0,0,0,0,0,0,0,0,0,0,0,0,0,0,0,0,0,0,0,0,0,0,0,,,0,0,
14085026,2025-08-13,"African Nations Championship, Group B",Mauritania,A,0,1,enock-belem,2200982,Enock Belem,DF,0,0,0,0,,0,0,0,0,0,0,0,0,0,0,0,0,0,0,0,0,0,0,0,0,0,0,0,0,0,0,0,0,0,0,0,0,0,0,0,0,0,0,,,0,0,
14085026,2025-08-13,"African Nations Championship, Group B",Mauritania,A,0,1,frank-tologo,2200985,Frank Tologo,DF,0,0,0,0,,0,0,0,0,0,0,0,0,0,0,0,0,0,0,0,0,0,0,0,0,0,0,0,0,0,0,0,0,0,0,0,0,0,0,0,0,0,0,,,0,0,
14085026,2025-08-13,"African Nations Championship, Group B",Mauritania,A,0,1,hanaby-hadalou-sagne,2025852,Hanaby Hadalou Sagne,DF,0,0,0,0,,0,0,0,0,0,0,0,0,0,0,0,0,0,0,0,0,0,0,0,0,0,0,0,0,0,0,0,0,0,0,0,0,0,0,0,0,0,0,,,0,0,
14085026,2025-08-13,"African Nations Championship, Group B",Mauritania,A,0,1,issouf-kabore,2201001,Issouf Kaboré,FW,1,1,0,45,6.4,1,0,0,0,0,1,0,1,1,1,4,1,0,3,0,0,0,0,1,0,5,4,0,0,0,0,0,2,0,0,0,0,0,1,0,0,0,12,0.0,55,0,1,level
14085026,2025-08-13,"African Nations Championship, Group B",Mauritania,A,0,1,kalifa-nikiema,1102864,Kalifa Nikiema,MF,1,1,0,45,6.1,1,1,0,0,2,0,0,0,0,0,3,0,0,2,0,0,0,2,0,0,13,13,1,0,0,0,0,1,0,0,0,0,0,0,0,0,0,23,0.0,55,0,1,level
14085026,2025-08-13,"African Nations Championship, Group B",Mauritania,A,0,1,ladji-brahima-sanou,1103381,Ladji Brahima Sanou,GK,1,1,0,90,7.8,1,0,0,0,0,0,0,0,0,0,0,0,0,0,0,1,0,0,15,7,24,16,0,1,0,0,0,10,4,1,0,0,0,0,0,0,0,31,0.0,105,0,1,level
14085026,2025-08-13,"African Nations Championship, Group B",Mauritania,A,0,1,mathieu-konvelbo,2201021,Mathieu Konvelbo,GK,0,0,0,0,,0,0,0,0,0,0,0,0,0,0,0,0,0,0,0,0,0,0,0,0,0,0,0,0,0,0,0,0,0,0,0,0,0,0,0,0,0,0,,,0,0,
14085026,2025-08-13,"African Nations Championship, Group B",Mauritania,A,0,1,mohamed-guira,2201029,Mohamed Guira,DF,1,1,0,90,7.2,1,0,0,0,0,4,1,0,1,0,2,5,2,1,0,0,0,2,7,4,24,20,0,0,0,0,0,4,0,0,0,0,0,1,0,3,2,50,0.0,105,0,1,level
14085026,2025-08-13,"African Nations Championship, Group B",Mauritania,A,0,1,moumoune-diallo,2201033,Moumoune Diallo,DF,0,1,0,45,6.6,1,1,2,0,0,2,0,0,0,0,4,4,0,2,0,0,0,0,2,1,18,11,0,0,0,0,0,3,0,0,0,0,0,0,0,2,1,29,55,105,0,0,trailing
14085026,2025-08-13,"African Nations Championship, Group B",Mauritania,A,0,1,moussa-traore,2201037,Moussa Traoré,GK,0,0,0,0,,0,0,0,0,0,0,0,0,0,0,0,0,0,0,0,0,0,0,0,0,0,0,0,0,0,0,0,0,0,0,0,0,0,0,0,0,0,0,,,0,0,
14085026,2025-08-13,"African Nations Championship, Group B",Mauritania,A,0,1,ousmane-siry,2201058,Ousmane Siry,MF,1,1,0,80,6.3,1,1,0,0,1,2,0,0,0,0,3,2,0,1,0,0,0,0,3,1,29,16,0,0,0,0,0,2,0,0,0,0,0,2,1,2,1,38,0.0,89,0,1,level
14085026,2025-08-13,"African Nations Championship, Group B",Mauritania,A,0,1,papus-ouattara,2201056,Papus Ouattara,FW,1,1,0,89,6.7,1,10,11,0,0,1,0,0,0,0,13,12,0,4,0,0,0,0,1,1,30,18,0,0,0,0,0,1,0,0,0,0,0,4,1,1,0,42,0.0,102,0,1,level
14085026,2025-08-13,"African Nations Championship, Group B",Mauritania,A,0,1,patrick-malo,867239,Patrick Malo,DF,1,1,1,90,6.7,1,3,2,0,3,0,0,0,1,1,7,4,1,5,0,0,2,0,14,10,35,26,0,0,0,0,0,9,0,0,0,0,0,2,1,0,0,47,0.0,105,0,1,level
14085026,2025-08-13,"African Nations Championship, Group B",Mauritania,A,0,1,souleymane-sangare,2201046,Souleymane Sangaré,MF,0,1,0,1,,1,2,0,0,0,0,0,0,0,0,2,1,0,1,0,0,0,0,0,0,2,2,0,0,0,0,0,0,0,0,0,0,0,0,0,1,1,4,102,105,0,0,trailing
14085026,2025-08-13,"African Nations Championship, Group B",Mauritania,A,0,1,tertius-bagre,2201045,Tertius Bagré,MF,1,1,0,90,6.7,1,2,1,0,0,1,0,0,1,1,2,6,4,0,0,0,1,2,7,2,32,18,0,0,0,0,0,5,0,0,0,0,0,2,0,0,0,44,0.0,105,0,1,level
14085026,2025-08-13,"African Nations Championship, Group B",Mauritania,A,0,1,yves-koutiama,2201040,Yves Koutiama,FW,0,1,0,45,6.2,1,3,2,0,0,0,0,1,0,0,8,3,1,4,0,0,0,1,1,0,13,8,0,0,0,0,0,3,0,0,0,0,0,0,0,0,0,17,55,105,0,0,trailing
14085032,2025-08-16,"African Nations Championship, Group B",Madagascar,H,1,2,abdoul-abass-guiro,1009908,Abdoul Abass Guiro,MF,0,0,0,0,,0,0,0,0,0,0,0,0,0,0,0,0,0,0,0,0,0,0,0,0,0,0,0,0,0,0,0,0,0,0,0,0,0,0,0,0,0,0,,,0,0,
14085032,2025-08-16,"African Nations Championship, Group B",Madagascar,H,1,2,abdoul-baguian,1099246,Abdoul Baguian,FW,0,1,0,12,6.6,1,0,1,0,0,0,0,0,1,0,1,1,0,0,0,0,1,0,0,0,1,0,0,0,0,0,0,0,0,0,0,0,0,0,0,0,0,4,89,100,0,0,trailing
14085032,2025-08-16,"African Nations Championship, Group B",Madagascar,H,1,2,aliou-chitou-adjibade,1140895,Aliou Chitou Adjibadé,MF,1,1,0,86,6.9,1,1,1,0,2,4,1,0,0,0,4,3,1,2,0,0,1,0,9,4,48,38,0,0,0,0,0,4,0,0,0,0,0,3,1,1,1,62,0.0,89,1,2,level
14085032,2025-08-16,"African Nations Championship, Group B",Madagascar,H,1,2,christophe-ouattara,2200977,Christophe Ouattara,DF,1,1,0,90,7,1,2,2,0,1,2,2,0,0,0,2,6,3,0,0,0,1,3,14,6,36,25,0,0,0,0,0,2,0,0,0,0,0,1,0,1,1,51,0.0,100,1,2,level
14085032,2025-08-16,"African Nations Championship, Group B",Madagascar,H,1,2,cedric-barro,2200974,Cédric Barro,MF,1,1,0,74,6.8,1,2,4,0,1,0,0,2,0,0,7,6,0,2,0,0,0,1,4,3,41,36,0,0,0,0,0,4,0,0,0,0,0,1,0,2,1,51,0.0,77,1,2,level
14085032,2025-08-16,"African Nations Championship, Group B",Madagascar,H,1,2,damassi-konate,2200963,Damassi Konaté,FW,0,1,0,47,6.6,1,0,0,0,0,0,0,1,0,0,1,2,1,0,0,0,1,0,3,1,15,9,0,0,0,0,0,1,0,0,0,0,0,0,0,1,1,21,43,100,0,1,level
14085032,2025-08-16,"African Nations Championship, Group B",Madagascar,H,1,2,enock-belem,2200982,Enock Belem,DF,0,0,0,0,,0,0,0,0,0,0,0,0,0,0,0,0,0,0,0,0,0,0,0,0,0,0,0,0,0,0,0,0,0,0,0,0,0,0,0,0,0,0,,,0,0,
14085032,2025-08-16,"African Nations Championship, Group B",Madagascar,H,1,2,frank-tologo,2200985,Frank Tologo,DF,1,1,1,90,6.6,1,1,3,0,1,1,0,0,1,0,4,5,0,1,0,0,2,0,7,2,36,28,0,0,0,0,0,7,0,0,0,0,0,0,0,2,2,47,0.0,100,1,2,level
14085032,2025-08-16,"African Nations Championship, Group B",Madagascar,H,1,2,hanaby-hadalou-sagne,2025852,Hanaby Hadalou Sagne,DF,1,1,0,90,6.3,1,1,3,1,2,6,4,1,0,0,5,6,2,3,0,0,3,3,8,1,26,13,1,0,0,0,0,4,0,0,0,0,0,2,1,1,1,65,0.0,100,1,2,level
14085032,2025-08-16,"African Nations Championship, Group B",Madagascar,H,1,2,issouf-kabore,2201001,Issouf Kaboré,FW,0,0,0,0,,0,0,0,0,0,0,0,0,0,0,0,0,0,0,0,0,0,0,0,0,0,0,0,0,0,0,0,0,0,0,0,0,0,0,0,0,0,0,,,0,0,
14085032,2025-08-16,"African Nations Championship, Group B",Madagascar,H,1,2,josaphat-ouattara,2201007,Josaphat Ouattara,MF,0,0,0,0,,0,0,0,0,0,0,0,0,0,0,0,0,0,0,0,0,0,0,0,0,0,0,0,0,0,0,0,0,0,0,0,0,0,0,0,0,0,0,,,0,0,
14085032,2025-08-16,"African Nations Championship, Group B",Madagascar,H,1,2,ladji-brahima-sanou,1103381,Ladji Brahima Sanou,GK,0,0,0,0,,0,0,0,0,0,0,0,0,0,0,0,0,0,0,0,0,0,0,0,0,0,0,0,0,0,0,0,0,0,0,0,0,0,0,0,0,0,0,,,0,0,
14085032,2025-08-16,"African Nations Championship, Group B",Madagascar,H,1,2,mathieu-konvelbo,2201021,Mathieu Konvelbo,GK,0,0,0,0,,0,0,0,0,0,0,0,0,0,0,0,0,0,0,0,0,0,0,0,0,0,0,0,0,0,0,0,0,0,0,0,0,0,0,0,0,0,0,,,0,0,
14085032,2025-08-16,"African Nations Championship, Group B",Madagascar,H,1,2,mohamed-guira,2201029,Mohamed Guira,DF,0,0,0,0,,0,0,0,0,0,0,0,0,0,0,0,0,0,0,0,0,0,0,0,0,0,0,0,0,0,0,0,0,0,0,0,0,0,0,0,0,0,0,,,0,0,
14085032,2025-08-16,"African Nations Championship, Group B",Madagascar,H,1,2,moumoune-diallo,2201033,Moumoune Diallo,DF,1,1,0,90,6.7,1,0,0,0,1,4,1,0,0,0,1,3,0,1,0,0,1,2,6,4,29,23,0,0,0,0,0,5,0,0,0,0,0,0,0,3,3,58,0.0,100,1,2,level
14085032,2025-08-16,"African Nations Championship, Group B",Madagascar,H,1,2,moussa-traore,2201037,Moussa Traoré,GK,1,1,0,90,6.1,1,0,0,0,0,0,0,0,0,0,0,1,1,0,0,0,0,0,17,7,22,12,0,1,0,0,0,7,1,0,0,0,0,0,0,0,0,27,0.0,100,1,2,level
14085032,2025-08-16,"African Nations Championship, Group B",Madagascar,H,1,2,ousmane-siry,2201058,Ousmane Siry,MF,1,1,0,43,6.4,1,1,0,0,1,1,1,0,0,0,1,1,1,0,0,0,0,0,4,1,11,6,0,0,0,0,0,1,0,0,0,0,0,0,0,0,0,15,0.0,43,1,1,level
14085032,2025-08-16,"African Nations Championship, Group B",Madagascar,H,1,2,papus-ouattara,2201056,Papus Ouattara,FW,0,1,0,16,6.4,1,2,2,0,0,0,0,0,0,0,3,2,0,1,0,0,0,0,0,0,4,2,0,0,0,0,0,0,0,0,0,0,0,1,0,0,0,6,77,100,0,0,trailing
14085032,2025-08-16,"African Nations Championship, Group B",Madagascar,H,1,2,patrick-malo,867239,Patrick Malo,DF,0,0,0,0,,0,0,0,0,0,0,0,0,0,0,0,0,0,0,0,0,0,0,0,0,0,0,0,0,0,0,0,0,0,0,0,0,0,0,0,0,0,0,,,0,0,
14085032,2025-08-16,"African Nations Championship, Group B",Madagascar,H,1,2,romain-lougoutiogue,2025856,Romain Lougoutiogue,FW,1,1,0,86,6.7,1,3,2,0,1,3,2,0,0,0,3,4,1,0,0,0,1,4,5,1,22,17,0,0,0,0,0,4,0,0,0,0,0,2,0,1,1,38,0.0,89,1,2,level
14085032,2025-08-16,"African Nations Championship, Group B",Madagascar,H,1,2,souleymane-sangare,2201046,Souleymane Sangaré,MF,1,1,0,90,7.3,1,3,2,0,0,0,0,2,4,0,13,2,0,3,1,0,1,1,1,1,20,15,0,0,0,0,0,3,0,0,0,0,0,3,2,0,0,40,0.0,100,1,2,level
14085032,2025-08-16,"African Nations Championship, Group B",Madagascar,H,1,2,tertius-bagre,2201045,Tertius Bagré,MF,0,1,0,12,6.6,1,0,0,0,0,0,0,0,0,0,0,0,0,0,0,0,0,0,0,0,5,3,0,0,0,0,0,0,0,0,0,0,0,0,0,0,0,6,89,100,0,0,trailing
14085032,2025-08-16,"African Nations Championship, Group B",Madagascar,H,1,2,yves-koutiama,2201040,Yves Koutiama,FW,1,1,0,90,7.1,1,2,8,0,0,0,0,2,3,2,6,12,3,1,0,0,0,1,3,2,16,9,0,0,0,0,0,1,0,0,0,0,0,8,4,0,0,38,0.0,100,1,2,level
12183532,2025-09-05,"FIFA World Cup, Qualification CAF, Group A",Djibouti,A,6,0,abdoul-ayinde,2399613,Abdoul Ayinde,DF,1,1,0,90,,0,0,0,1,0,0,0,0,0,0,0,0,0,0,0,0,0,0,0,0,0,0,0,0,0,0,0,0,0,0,0,0,0,0,0,0,0,0,0.0,95,6,0,level
12183532,2025-09-05,"FIFA World Cup, Qualification CAF, Group A",Djibouti,A,6,0,abdoul-yoda,1065760,Abdoul Yoda,MF,0,1,0,44,,0,0,0,0,0,0,0,0,0,0,0,0,0,0,0,0,0,0,0,0,0,0,0,0,0,0,0,0,0,0,0,0,0,0,0,0,0,0,48,95,2,0,leading
12183532,2025-09-05,"FIFA World Cup, Qualification CAF, Group A",Djibouti,A,6,0,adamo-nagalo,1108094,Adamo Nagalo,DF,0,1,0,17,,0,0,0,0,0,0,0,0,0,0,0,0,0,0,0,0,0,0,0,0,0,0,0,0,0,0,0,0,0,0,0,0,0,0,0,0,0,0,75,95,1,0,leading
12183532,2025-09-05,"FIFA World Cup, Qualification CAF, Group A",Djibouti,A,6,0,bertrand-traore,218160,Bertrand Traoré,FW,0,0,0,0,,0,0,0,0,0,0,0,0,0,0,0,0,0,0,0,0,0,0,0,0,0,0,0,0,0,0,0,0,0,0,0,0,0,0,0,0,0,0,,,0,0,
12183532,2025-09-05,"FIFA World Cup, Qualification CAF, Group A",Djibouti,A,6,0,blati-toure,806244,Blati Touré,MF,1,1,0,46,,0,0,0,0,0,0,0,0,0,0,0,0,0,0,0,0,0,0,0,0,0,0,0,0,0,0,0,0,0,0,0,0,0,0,0,0,0,0,0.0,48,4,0,level
12183532,2025-09-05,"FIFA World Cup, Qualification CAF, Group A",Djibouti,A,6,0,cedric-badolo,989361,Cedric Badolo,MF,0,0,0,0,,0,0,0,0,0,0,0,0,0,0,0,0,0,0,0,0,0,0,0,0,0,0,0,0,0,0,0,0,0,0,0,0,0,0,0,0,0,0,,,0,0,
12183532,2025-09-05,"FIFA World Cup, Qualification CAF, Group A",Djibouti,A,6,0,clovis-bazemo,2246745,Clovis Bazemo,GK,0,1,0,6,,0,0,0,0,0,0,0,0,0,0,0,0,0,0,0,0,0,0,0,0,0,0,0,0,0,0,0,0,0,0,0,0,0,0,0,0,0,0,86,95,1,0,leading
12183532,2025-09-05,"FIFA World Cup, Qualification CAF, Group A",Djibouti,A,6,0,cyriaque-irie,1508537,Cyriaque Irié,FW,1,1,0,46,,0,0,0,1,0,0,0,0,0,0,0,0,0,0,1,0,0,0,0,0,0,0,0,0,0,0,0,0,0,0,0,0,0,0,0,0,0,0,0.0,48,4,0,level
12183532,2025-09-05,"FIFA World Cup, Qualification CAF, Group A",Djibouti,A,6,0,dango-ouattara,1106451,Dango Ouattara,FW,1,1,0,90,,0,0,0,0,0,0,0,0,0,0,0,0,0,0,2,0,0,0,0,0,0,0,0,0,1,0,0,0,0,0,0,0,0,0,0,0,0,0,0.0,95,6,0,level
12183532,2025-09-05,"FIFA World Cup, Qualification CAF, Group A",Djibouti,A,6,0,edmond-tapsoba,883262,Edmond Tapsoba,DF,1,1,0,73,,0,0,0,1,0,0,0,0,0,0,0,0,0,0,2,0,0,0,0,0,0,0,0,0,0,0,0,0,0,0,0,0,0,0,0,0,0,0,0.0,75,5,0,level
12183532,2025-09-05,"FIFA World Cup, Qualification CAF, Group A",Djibouti,A,6,0,faycal-konate,2058080,Fayçal Konaté,FW,0,0,0,0,,0,0,0,0,0,0,0,0,0,0,0,0,0,0,0,0,0,0,0,0,0,0,0,0,0,0,0,0,0,0,0,0,0,0,0,0,0,0,,,0,0,
12183532,2025-09-05,"FIFA World Cup, Qualification CAF, Group A",Djibouti,A,6,0,georgi-minoungou,1492520,Georgi Minoungou,FW,0,1,0,44,,0,0,0,0,0,0,0,0,0,0,0,0,0,0,0,0,0,0,0,0,0,0,0,0,0,0,0,0,0,0,0,0,0,0,0,0,0,0,48,95,2,0,leading
12183532,2025-09-05,"FIFA World Cup, Qualification CAF, Group A",Djibouti,A,6,0,herve-koffi,867299,Hervé Koffi,GK,1,1,0,84,,0,0,0,0,0,0,0,0,0,0,0,0,0,0,0,0,0,0,0,0,0,0,0,0,0,0,0,0,0,0,0,0,0,0,0,0,0,0,0.0,86,5,0,level
12183532,2025-09-05,"FIFA World Cup, Qualification CAF, Group A",Djibouti,A,6,0,issa-kabore,1006189,Issa Kaboré,DF,1,1,0,90,,0,0,0,0,0,0,0,0,0,0,0,0,0,0,0,0,0,0,0,0,0,0,0,0,0,0,0,0,0,0,0,0,0,0,0,0,0,0,0.0,95,6,0,level
12183532,2025-09-05,"FIFA World Cup, Qualification CAF, Group A",Djibouti,A,6,0,issoufou-dayo,364758,Issoufou Dayo,DF,1,1,1,90,,0,0,0,0,0,0,0,0,0,0,0,0,0,0,0,0,0,0,0,0,0,0,0,0,0,0,0,0,0,0,0,0,0,0,0,0,0,0,0.0,95,6,0,level
12183532,2025-09-05,"FIFA World Cup, Qualification CAF, Group A",Djibouti,A,6,0,josue-tiendrebeogo,1897363,Josué Tiendrébéogo,MF,1,1,0,90,,0,0,0,0,0,0,0,0,0,0,0,0,0,0,1,0,0,0,0,0,0,0,0,0,0,0,0,0,0,0,0,0,0,0,0,0,0,0,0.0,95,6,0,level
12183532,2025-09-05,"FIFA World Cup, Qualification CAF, Group A",Djibouti,A,6,0,ladji-brahima-sanou,1103381,Ladji Brahima Sanou,GK,0,0,0,0,,0,0,0,0,0,0,0,0,0,0,0,0,0,0,0,0,0,0,0,0,0,0,0,0,0,0,0,0,0,0,0,0,0,0,0,0,0,0,,,0,0,
12183532,2025-09-05,"FIFA World Cup, Qualification CAF, Group A",Djibouti,A,6,0,mohamed-konate,850011,Mohamed Konaté,FW,1,1,0,73,,0,0,0,1,0,0,0,0,0,0,0,0,0,0,0,0,0,0,0,0,0,0,0,0,0,0,0,0,0,0,0,0,0,0,0,0,0,0,0.0,75,5,0,level
12183532,2025-09-05,"FIFA World Cup, Qualification CAF, Group A",Djibouti,A,6,0,mohamed-zougrana,1183551,Mohamed Zougrana,MF,0,0,0,0,,0,0,0,0,0,0,0,0,0,0,0,0,0,0,0,0,0,0,0,0,0,0,0,0,0,0,0,0,0,0,0,0,0,0,0,0,0,0,,,0,0,
12183532,2025-09-05,"FIFA World Cup, Qualification CAF, Group A",Djibouti,A,6,0,nasser-djiga,1127169,Nasser Djiga,DF,0,0,0,0,,0,0,0,0,0,0,0,0,0,0,0,0,0,0,0,0,0,0,0,0,0,0,0,0,0,0,0,0,0,0,0,0,0,0,0,0,0,0,,,0,0,
12183532,2025-09-05,"FIFA World Cup, Qualification CAF, Group A",Djibouti,A,6,0,ousseni-bouda,983282,Ousseni Bouda,FW,0,0,0,0,,0,0,0,0,0,0,0,0,0,0,0,0,0,0,0,0,0,0,0,0,0,0,0,0,0,0,0,0,0,0,0,0,0,0,0,0,0,0,,,0,0,
12183532,2025-09-05,"FIFA World Cup, Qualification CAF, Group A",Djibouti,A,6,0,pierre-landry-kabore,1102857,Pierre Landry Kaboré,FW,0,1,0,17,,0,0,0,0,0,0,0,0,0,0,0,0,0,0,0,0,0,0,0,0,0,0,0,0,0,0,0,0,0,0,0,0,0,0,0,0,0,0,75,95,1,0,leading
12183532,2025-09-05,"FIFA World Cup, Qualification CAF, Group A",Djibouti,A,6,0,saidou-simpore,785883,Saïdou Simporé,DF,1,1,0,90,,0,0,0,0,0,0,0,0,0,0,0,0,0,0,0,0,0,0,0,0,0,0,0,0,0,0,0,0,0,0,0,0,0,0,0,0,0,0,0.0,95,6,0,level
12183469,2025-09-09,"FIFA World Cup, Qualification CAF, Group A",Egypt,H,0,0,abdoul-ayinde,2399613,Abdoul Ayinde,DF,0,0,0,0,,0,0,0,0,0,0,0,0,0,0,0,0,0,0,0,0,0,0,0,0,0,0,0,0,0,0,0,0,0,0,0,0,0,0,0,0,0,0,,,0,0,
12183469,2025-09-09,"FIFA World Cup, Qualification CAF, Group A",Egypt,H,0,0,abdoul-yoda,1065760,Abdoul Yoda,MF,0,0,0,0,,0,0,0,0,0,0,0,0,0,0,0,0,0,0,0,0,0,0,0,0,0,0,0,0,0,0,0,0,0,0,0,0,0,0,0,0,0,0,,,0,0,
12183469,2025-09-09,"FIFA World Cup, Qualification CAF, Group A",Egypt,H,0,0,adamo-nagalo,1108094,Adamo Nagalo,DF,0,0,0,0,,0,0,0,0,0,0,0,0,0,0,0,0,0,0,0,0,0,0,0,0,0,0,0,0,0,0,0,0,0,0,0,0,0,0,0,0,0,0,,,0,0,
12183469,2025-09-09,"FIFA World Cup, Qualification CAF, Group A",Egypt,H,0,0,bertrand-traore,218160,Bertrand Traoré,FW,1,1,1,90,,0,0,0,0,0,0,0,0,0,0,0,0,0,0,0,0,0,0,0,0,0,0,0,0,0,0,0,0,0,0,0,0,0,0,0,0,0,0,0.0,95,0,0,level
12183469,2025-09-09,"FIFA World Cup, Qualification CAF, Group A",Egypt,H,0,0,blati-toure,806244,Blati Touré,MF,1,1,0,90,,0,0,0,0,0,0,0,0,0,0,0,0,0,0,0,0,0,0,0,0,0,0,0,0,0,0,0,0,0,0,0,0,0,0,0,0,0,0,0.0,91,0,0,level
12183469,2025-09-09,"FIFA World Cup, Qualification CAF, Group A",Egypt,H,0,0,cedric-badolo,989361,Cedric Badolo,MF,0,0,0,0,,0,0,0,0,0,0,0,0,0,0,0,0,0,0,0,0,0,0,0,0,0,0,0,0,0,0,0,0,0,0,0,0,0,0,0,0,0,0,,,0,0,
12183469,2025-09-09,"FIFA World Cup, Qualification CAF, Group A",Egypt,H,0,0,clovis-bazemo,2246745,Clovis Bazemo,GK,0,0,0,0,,0,0,0,0,0,0,0,0,0,0,0,0,0,0,0,0,0,0,0,0,0,0,0,0,0,0,0,0,0,0,0,0,0,0,0,0,0,0,,,0,0,
12183469,2025-09-09,"FIFA World Cup, Qualification CAF, Group A",Egypt,H,0,0,cyriaque-irie,1508537,Cyriaque Irié,FW,1,1,0,73,,0,0,0,0,0,0,0,0,0,0,0,0,0,0,0,0,0,0,0,0,0,0,0,0,0,0,0,0,0,0,0,0,0,0,0,0,0,0,0.0,73,0,0,level
12183469,2025-09-09,"FIFA World Cup, Qualification CAF, Group A",Egypt,H,0,0,dango-ouattara,1106451,Dango Ouattara,FW,1,1,0,90,,0,0,0,0,0,0,0,0,0,0,0,0,0,0,0,0,0,0,0,0,0,0,0,0,0,0,0,0,0,0,0,0,0,0,0,0,0,0,0.0,95,0,0,level
12183469,2025-09-09,"FIFA World Cup, Qualification CAF, Group A",Egypt,H,0,0,edmond-tapsoba,883262,Edmond Tapsoba,DF,1,1,0,90,,0,0,0,0,0,0,0,0,0,0,0,0,0,0,0,0,0,0,0,0,0,0,0,0,0,0,0,0,0,0,0,0,0,0,0,0,0,0,0.0,95,0,0,level
12183469,2025-09-09,"FIFA World Cup, Qualification CAF, Group A",Egypt,H,0,0,georgi-minoungou,1492520,Georgi Minoungou,FW,0,1,0,17,,0,0,0,0,0,0,0,0,0,0,0,0,0,0,0,0,0,0,0,0,0,0,0,0,0,0,0,0,0,0,0,0,0,0,0,0,0,0,73,95,0,0,level
12183469,2025-09-09,"FIFA World Cup, Qualification CAF, Group A",Egypt,H,0,0,herve-koffi,867299,Hervé Koffi,GK,1,1,0,90,,0,0,0,0,0,0,0,0,0,0,0,0,0,0,0,0,0,0,0,0,0,0,0,0,0,0,0,0,0,0,0,0,0,0,0,0,0,0,0.0,95,0,0,level
12183469,2025-09-09,"FIFA World Cup, Qualification CAF, Group A",Egypt,H,0,0,issa-kabore,1006189,Issa Kaboré,DF,1,1,0,90,,0,0,0,0,0,0,0,0,0,0,0,0,0,0,0,0,0,0,0,0,0,0,0,0,0,0,0,0,0,0,0,0,0,0,0,0,0,0,0.0,95,0,0,level
12183469,2025-09-09,"FIFA World Cup, Qualification CAF, Group A",Egypt,H,0,0,issoufou-dayo,364758,Issoufou Dayo,DF,1,1,0,90,,0,0,0,0,0,0,0,0,0,0,0,0,0,0,0,0,0,0,0,0,0,0,0,0,0,0,0,0,0,0,0,0,0,0,0,0,0,0,0.0,95,0,0,level
12183469,2025-09-09,"FIFA World Cup, Qualification CAF, Group A",Egypt,H,0,0,josue-tiendrebeogo,1897363,Josué Tiendrébéogo,MF,0,1,0,23,,0,0,0,0,0,0,0,0,0,0,0,0,0,0,0,0,0,0,0,0,0,0,0,0,0,0,0,0,0,0,0,0,0,0,0,0,0,0,67,95,0,0,level
12183469,2025-09-09,"FIFA World Cup, Qualification CAF, Group A",Egypt,H,0,0,ladji-brahima-sanou,1103381,Ladji Brahima Sanou,GK,0,0,0,0,,0,0,0,0,0,0,0,0,0,0,0,0,0,0,0,0,0,0,0,0,0,0,0,0,0,0,0,0,0,0,0,0,0,0,0,0,0,0,,,0,0,
12183469,2025-09-09,"FIFA World Cup, Qualification CAF, Group A",Egypt,H,0,0,mohamed-konate,850011,Mohamed Konaté,FW,0,1,0,1,,0,0,0,0,0,0,0,0,0,0,0,0,0,0,0,0,0,0,0,0,0,0,0,0,0,0,0,0,0,0,0,0,0,0,0,0,0,0,91,95,0,0,level
12183469,2025-09-09,"FIFA World Cup, Qualification CAF, Group A",Egypt,H,0,0,mohamed-zougrana,1183551,Mohamed Zougrana,MF,1,1,0,67,,0,0,0,0,0,0,0,0,0,0,0,0,0,0,0,0,0,0,0,0,0,0,0,0,0,0,0,0,0,0,0,0,0,0,0,0,0,0,0.0,67,0,0,level
12183469,2025-09-09,"FIFA World Cup, Qualification CAF, Group A",Egypt,H,0,0,nasser-djiga,1127169,Nasser Djiga,DF,0,0,0,0,,0,0,0,0,0,0,0,0,0,0,0,0,0,0,0,0,0,0,0,0,0,0,0,0,0,0,0,0,0,0,0,0,0,0,0,0,0,0,,,0,0,
12183469,2025-09-09,"FIFA World Cup, Qualification CAF, Group A",Egypt,H,0,0,ousseni-bouda,983282,Ousseni Bouda,FW,0,0,0,0,,0,0,0,0,0,0,0,0,0,0,0,0,0,0,0,0,0,0,0,0,0,0,0,0,0,0,0,0,0,0,0,0,0,0,0,0,0,0,,,0,0,
12183469,2025-09-09,"FIFA World Cup, Qualification CAF, Group A",Egypt,H,0,0,pierre-landry-kabore,1102857,Pierre Landry Kaboré,FW,0,0,0,0,,0,0,0,0,0,0,0,0,0,0,0,0,0,0,0,0,0,0,0,0,0,0,0,0,0,0,0,0,0,0,0,0,0,0,0,0,0,0,,,0,0,
12183469,2025-09-09,"FIFA World Cup, Qualification CAF, Group A",Egypt,H,0,0,saidou-simpore,785883,Saïdou Simporé,DF,1,1,0,90,,0,0,0,0,0,0,0,0,0,0,0,0,0,0,0,0,0,0,0,0,0,0,0,0,0,0,0,0,0,0,0,0,0,0,0,0,0,0,0.0,95,0,0,level
12183469,2025-09-09,"FIFA World Cup, Qualification CAF, Group A",Egypt,H,0,0,steeve-yago,174911,Steeve Yago,DF,1,1,0,90,,0,0,0,0,0,0,0,0,0,0,0,0,0,0,0,0,0,0,0,0,0,0,0,0,0,0,0,0,0,0,0,0,0,0,0,0,0,0,0.0,95,0,0,level
12183427,2025-10-08,"FIFA World Cup, Qualification CAF, Group A",Sierra Leone,A,1,0,abdoul-ayinde,2399613,Abdoul Ayinde,DF,1,1,0,74,,0,0,0,0,0,0,0,0,0,0,0,0,0,0,0,0,0,0,0,0,0,0,0,0,0,0,0,0,0,0,0,0,0,0,0,0,0,0,0.0,74,1,0,level
12183427,2025-10-08,"FIFA World Cup, Qualification CAF, Group A",Sierra Leone,A,1,0,abdoul-yoda,1065760,Abdoul Yoda,MF,0,0,0,0,,0,0,0,0,0,0,0,0,0,0,0,0,0,0,0,0,0,0,0,0,0,0,0,0,0,0,0,0,0,0,0,0,0,0,0,0,0,0,,,0,0,
12183427,2025-10-08,"FIFA World Cup, Qualification CAF, Group A",Sierra Leone,A,1,0,adamo-nagalo,1108094,Adamo Nagalo,DF,0,0,0,0,,0,0,0,0,0,0,0,0,0,0,0,0,0,0,0,0,0,0,0,0,0,0,0,0,0,0,0,0,0,0,0,0,0,0,0,0,0,0,,,0,0,
12183427,2025-10-08,"FIFA World Cup, Qualification CAF, Group A",Sierra Leone,A,1,0,bertrand-traore,218160,Bertrand Traoré,FW,1,1,1,82,,0,0,0,1,0,0,0,0,0,0,0,0,0,0,0,0,0,0,0,0,0,0,0,0,0,0,0,0,0,0,0,0,0,0,0,0,0,0,0.0,82,1,0,level
12183427,2025-10-08,"FIFA World Cup, Qualification CAF, Group A",Sierra Leone,A,1,0,blati-toure,806244,Blati Touré,MF,1,1,0,90,,0,0,0,0,0,0,0,0,0,0,0,0,0,0,0,0,0,0,0,0,0,0,0,0,0,0,0,0,0,0,0,0,0,0,0,0,0,0,0.0,92,1,0,level
12183427,2025-10-08,"FIFA World Cup, Qualification CAF, Group A",Sierra Leone,A,1,0,cedric-badolo,989361,Cedric Badolo,MF,0,0,0,0,,0,0,0,0,0,0,0,0,0,0,0,0,0,0,0,0,0,0,0,0,0,0,0,0,0,0,0,0,0,0,0,0,0,0,0,0,0,0,,,0,0,
12183427,2025-10-08,"FIFA World Cup, Qualification CAF, Group A",Sierra Leone,A,1,0,dango-ouattara,1106451,Dango Ouattara,FW,1,1,0,81,,0,0,0,0,0,0,0,0,0,0,0,0,0,0,0,0,0,0,0,0,0,0,0,0,0,0,0,0,0,0,0,0,0,0,0,0,0,0,0.0,81,1,0,level
12183427,2025-10-08,"FIFA World Cup, Qualification CAF, Group A",Sierra Leone,A,1,0,edmond-tapsoba,883262,Edmond Tapsoba,DF,1,1,0,90,,0,0,0,0,0,0,0,0,0,0,0,0,0,0,0,0,0,0,0,0,0,0,0,0,0,0,0,0,0,0,0,0,0,0,0,0,0,0,0.0,92,1,0,level
12183427,2025-10-08,"FIFA World Cup, Qualification CAF, Group A",Sierra Leone,A,1,0,georgi-minoungou,1492520,Georgi Minoungou,FW,0,1,0,9,,0,0,0,0,0,0,0,0,0,0,0,0,0,0,0,0,0,0,0,0,0,0,0,0,0,0,0,0,0,0,0,0,0,0,0,0,0,0,81,92,0,0,leading
12183427,2025-10-08,"FIFA World Cup, Qualification CAF, Group A",Sierra Leone,A,1,0,ismahila-ouedraogo,1099259,Ismahila Ouédraogo,MF,1,1,0,82,,0,0,0,0,0,0,0,0,0,0,0,0,0,0,0,0,0,0,0,0,0,0,0,0,0,0,0,0,0,0,0,0,0,0,0,0,0,0,0.0,82,1,0,level
12183427,2025-10-08,"FIFA World Cup, Qualification CAF, Group A",Sierra Leone,A,1,0,issa-kabore,1006189,Issa Kaboré,DF,1,1,0,90,,0,0,0,0,0,0,0,0,0,0,0,0,0,0,0,0,0,0,0,0,0,0,0,0,0,0,0,0,0,0,0,0,0,0,0,0,0,0,0.0,92,1,0,level
12183427,2025-10-08,"FIFA World Cup, Qualification CAF, Group A",Sierra Leone,A,1,0,issoufou-dayo,364758,Issoufou Dayo,DF,1,1,0,90,,0,0,0,0,0,0,0,0,0,0,0,0,0,0,0,0,0,0,0,0,0,0,0,0,0,0,0,0,0,0,0,0,0,0,0,0,0,0,0.0,92,1,0,level
12183427,2025-10-08,"FIFA World Cup, Qualification CAF, Group A",Sierra Leone,A,1,0,josue-tiendrebeogo,1897363,Josué Tiendrébéogo,MF,0,1,0,16,,0,0,0,0,0,0,0,0,0,0,0,0,0,0,0,0,0,0,0,0,0,0,0,0,0,0,0,0,0,0,0,0,0,0,0,0,0,0,74,92,0,0,leading
12183427,2025-10-08,"FIFA World Cup, Qualification CAF, Group A",Sierra Leone,A,1,0,kilian-nikiema,1149858,Kilian Nikiema,GK,1,1,0,90,,0,0,0,0,0,0,0,0,0,0,0,0,0,0,0,0,0,0,0,0,0,0,0,0,0,0,0,0,0,0,0,0,0,0,0,0,0,0,0.0,92,1,0,level
12183427,2025-10-08,"FIFA World Cup, Qualification CAF, Group A",Sierra Leone,A,1,0,ladji-brahima-sanou,1103381,Ladji Brahima Sanou,GK,0,0,0,0,,0,0,0,0,0,0,0,0,0,0,0,0,0,0,0,0,0,0,0,0,0,0,0,0,0,0,0,0,0,0,0,0,0,0,0,0,0,0,,,0,0,
12183427,2025-10-08,"FIFA World Cup, Qualification CAF, Group A",Sierra Leone,A,1,0,mohamed-konate,850011,Mohamed Konaté,FW,1,1,0,90,,0,0,0,0,0,0,0,0,0,0,0,0,0,0,0,0,0,0,0,0,0,0,0,0,0,0,0,0,0,0,0,0,0,0,0,0,0,0,0.0,92,1,0,level
12183427,2025-10-08,"FIFA World Cup, Qualification CAF, Group A",Sierra Leone,A,1,0,mohamed-ouedraogo,1506773,Mohamed Ouédraogo,DF,0,1,0,17,,0,0,0,0,0,0,0,0,0,0,0,0,0,0,0,0,0,0,0,0,0,0,0,0,0,0,0,0,0,0,0,0,0,0,0,0,0,0,73,92,0,0,leading
12183427,2025-10-08,"FIFA World Cup, Qualification CAF, Group A",Sierra Leone,A,1,0,mohamed-zougrana,1183551,Mohamed Zougrana,MF,1,1,0,73,,0,0,0,0,0,0,0,0,0,0,0,0,0,0,1,0,0,0,0,0,0,0,0,0,0,0,0,0,0,0,0,0,0,0,0,0,0,0,0.0,73,1,0,level
12183427,2025-10-08,"FIFA World Cup, Qualification CAF, Group A",Sierra Leone,A,1,0,nasser-djiga,1127169,Nasser Djiga,DF,0,0,0,0,,0,0,0,0,0,0,0,0,0,0,0,0,0,0,0,0,0,0,0,0,0,0,0,0,0,0,0,0,0,0,0,0,0,0,0,0,0,0,,,0,0,
12183427,2025-10-08,"FIFA World Cup, Qualification CAF, Group A",Sierra Leone,A,1,0,pierre-landry-kabore,1102857,Pierre Landry Kaboré,FW,0,1,0,8,,0,0,0,0,0,0,0,0,0,0,0,0,0,0,0,0,0,0,0,0,0,0,0,0,0,0,0,0,0,0,0,0,0,0,0,0,0,0,82,92,0,0,leading
12183427,2025-10-08,"FIFA World Cup, Qualification CAF, Group A",Sierra Leone,A,1,0,saidou-simpore,785883,Saïdou Simporé,DF,0,1,0,8,,0,0,0,0,0,0,0,0,0,0,0,0,0,0,0,0,0,0,0,0,0,0,0,0,0,0,0,0,0,0,0,0,0,0,0,0,0,0,82,92,0,0,leading
12183427,2025-10-08,"FIFA World Cup, Qualification CAF, Group A",Sierra Leone,A,1,0,stephane-aziz-ki,865473,Stephane Aziz Ki,MF,0,0,0,0,,0,0,0,0,0,0,0,0,0,0,0,0,0,0,0,0,0,0,0,0,0,0,0,0,0,0,0,0,0,0,0,0,0,0,0,0,0,0,,,0,0,
12183405,2025-10-12,"FIFA World Cup, Qualification CAF, Group A",Ethiopia,H,3,1,abdoul-ayinde,2399613,Abdoul Ayinde,DF,0,0,0,0,,0,0,0,0,0,0,0,0,0,0,0,0,0,0,0,0,0,0,0,0,0,0,0,0,0,0,0,0,0,0,0,0,0,0,0,0,0,0,,,0,0,
12183405,2025-10-12,"FIFA World Cup, Qualification CAF, Group A",Ethiopia,H,3,1,abdoul-yoda,1065760,Abdoul Yoda,MF,0,0,0,0,,0,0,0,0,0,0,0,0,0,0,0,0,0,0,0,0,0,0,0,0,0,0,0,0,0,0,0,0,0,0,0,0,0,0,0,0,0,0,,,0,0,
12183405,2025-10-12,"FIFA World Cup, Qualification CAF, Group A",Ethiopia,H,3,1,adamo-nagalo,1108094,Adamo Nagalo,DF,0,0,0,0,,0,0,0,0,0,0,0,0,0,0,0,0,0,0,0,0,0,0,0,0,0,0,0,0,0,0,0,0,0,0,0,0,0,0,0,0,0,0,,,0,0,
12183405,2025-10-12,"FIFA World Cup, Qualification CAF, Group A",Ethiopia,H,3,1,bertrand-traore,218160,Bertrand Traoré,FW,1,1,1,90,,0,0,0,0,0,0,0,0,0,0,0,0,0,0,0,0,0,0,0,0,0,0,0,0,0,0,0,0,0,0,0,0,0,0,0,0,0,0,0.0,96,3,1,level
12183405,2025-10-12,"FIFA World Cup, Qualification CAF, Group A",Ethiopia,H,3,1,blati-toure,806244,Blati Touré,MF,0,1,0,7,,0,0,0,0,0,0,0,0,0,0,0,0,0,0,0,0,0,0,0,0,0,0,0,0,0,0,0,0,0,0,0,0,0,0,0,0,0,0,83,96,1,1,leading
12183405,2025-10-12,"FIFA World Cup, Qualification CAF, Group A",Ethiopia,H,3,1,cedric-badolo,989361,Cedric Badolo,MF,0,0,0,0,,0,0,0,0,0,0,0,0,0,0,0,0,0,0,0,0,0,0,0,0,0,0,0,0,0,0,0,0,0,0,0,0,0,0,0,0,0,0,,,0,0,
12183405,2025-10-12,"FIFA World Cup, Qualification CAF, Group A",Ethiopia,H,3,1,dango-ouattara,1106451,Dango Ouattara,FW,1,1,0,62,,0,0,0,0,0,0,0,0,0,0,0,0,0,0,0,0,0,0,0,0,0,0,0,0,0,0,0,0,0,0,0,0,0,0,0,0,0,0,0.0,62,0,0,level
12183405,2025-10-12,"FIFA World Cup, Qualification CAF, Group A",Ethiopia,H,3,1,edmond-tapsoba,883262,Edmond Tapsoba,DF,1,1,0,90,,0,0,0,0,0,0,0,0,0,0,0,0,0,0,0,0,0,0,0,0,0,0,0,0,0,0,0,0,0,0,0,0,0,0,0,0,0,0,0.0,96,3,1,level
12183405,2025-10-12,"FIFA World Cup, Qualification CAF, Group A",Ethiopia,H,3,1,georgi-minoungou,1492520,Georgi Minoungou,FW,0,1,0,28,,0,0,0,0,0,0,0,0,0,0,0,0,0,0,0,0,0,0,0,0,0,0,0,0,0,0,0,0,0,0,0,0,0,0,0,0,0,0,62,96,3,1,level
12183405,2025-10-12,"FIFA World Cup, Qualification CAF, Group A",Ethiopia,H,3,1,herve-koffi,867299,Hervé Koffi,GK,1,1,0,90,,0,0,0,0,0,0,0,0,0,0,0,0,0,0,0,0,0,0,0,0,0,0,0,0,0,0,0,0,0,0,0,0,0,0,0,0,0,0,0.0,96,3,1,level
12183405,2025-10-12,"FIFA World Cup, Qualification CAF, Group A",Ethiopia,H,3,1,ismahila-ouedraogo,1099259,Ismahila Ouédraogo,MF,1,1,0,90,,0,0,0,0,0,0,0,0,0,0,0,0,0,0,0,0,0,0,0,0,0,0,0,0,0,0,0,0,0,0,0,0,0,0,0,0,0,0,0.0,96,3,1,level
12183405,2025-10-12,"FIFA World Cup, Qualification CAF, Group A",Ethiopia,H,3,1,issoufou-dayo,364758,Issoufou Dayo,DF,1,1,0,90,,0,0,0,0,0,0,0,0,0,0,0,0,0,0,0,0,0,0,0,0,0,0,0,0,0,0,0,0,0,0,0,0,0,0,0,0,0,0,0.0,96,3,1,level
12183405,2025-10-12,"FIFA World Cup, Qualification CAF, Group A",Ethiopia,H,3,1,josue-tiendrebeogo,1897363,Josué Tiendrébéogo,MF,0,1,0,27,,0,0,0,0,0,0,0,0,0,0,0,0,0,0,0,0,0,0,0,0,0,0,0,0,0,0,0,0,0,0,0,0,0,0,0,0,0,0,63,96,3,1,level
12183405,2025-10-12,"FIFA World Cup, Qualification CAF, Group A",Ethiopia,H,3,1,kilian-nikiema,1149858,Kilian Nikiema,GK,0,0,0,0,,0,0,0,0,0,0,0,0,0,0,0,0,0,0,0,0,0,0,0,0,0,0,0,0,0,0,0,0,0,0,0,0,0,0,0,0,0,0,,,0,0,
12183405,2025-10-12,"FIFA World Cup, Qualification CAF, Group A",Ethiopia,H,3,1,mohamed-konate,850011,Mohamed Konaté,FW,1,1,0,62,,0,0,0,0,0,0,0,0,0,0,0,0,0,0,0,0,0,0,0,0,0,0,0,0,0,0,0,0,0,0,0,0,0,0,0,0,0,0,0.0,62,0,0,level
12183405,2025-10-12,"FIFA World Cup, Qualification CAF, Group A",Ethiopia,H,3,1,mohamed-ouedraogo,1506773,Mohamed Ouédraogo,DF,1,1,0,90,,0,0,0,0,0,0,0,0,0,0,0,0,0,0,0,0,0,0,0,0,0,0,0,0,0,0,0,0,0,0,0,0,0,0,0,0,0,0,0.0,96,3,1,level
12183405,2025-10-12,"FIFA World Cup, Qualification CAF, Group A",Ethiopia,H,3,1,mohamed-zougrana,1183551,Mohamed Zougrana,MF,1,1,0,83,,0,0,0,0,0,0,0,0,0,0,0,0,0,0,0,0,0,0,0,0,0,0,0,0,0,0,0,0,0,0,0,0,0,0,0,0,0,0,0.0,83,2,0,level
12183405,2025-10-12,"FIFA World Cup, Qualification CAF, Group A",Ethiopia,H,3,1,nasser-djiga,1127169,Nasser Djiga,DF,0,0,0,0,,0,0,0,0,0,0,0,0,0,0,0,0,0,0,0,0,0,0,0,0,0,0,0,0,0,0,0,0,0,0,0,0,0,0,0,0,0,0,,,0,0,
12183405,2025-10-12,"FIFA World Cup, Qualification CAF, Group A",Ethiopia,H,3,1,ousseni-bouda,983282,Ousseni Bouda,FW,0,0,0,0,,0,0,0,0,0,0,0,0,0,0,0,0,0,0,0,0,0,0,0,0,0,0,0,0,0,0,0,0,0,0,0,0,0,0,0,0,0,0,,,0,0,
12183405,2025-10-12,"FIFA World Cup, Qualification CAF, Group A",Ethiopia,H,3,1,pierre-landry-kabore,1102857,Pierre Landry Kaboré,FW,0,1,0,28,,0,0,0,0,0,0,0,0,0,0,0,0,0,0,3,0,0,0,0,0,0,0,0,0,0,0,0,0,0,0,0,0,0,0,0,0,0,0,62,96,3,1,level
12183405,2025-10-12,"FIFA World Cup, Qualification CAF, Group A",Ethiopia,H,3,1,saidou-simpore,785883,Saïdou Simporé,DF,0,0,0,0,,0,0,0,0,0,0,0,0,0,0,0,0,0,0,0,0,0,0,0,0,0,0,0,0,0,0,0,0,0,0,0,0,0,0,0,0,0,0,,,0,0,
12183405,2025-10-12,"FIFA World Cup, Qualification CAF, Group A",Ethiopia,H,3,1,steeve-yago,174911,Steeve Yago,DF,1,1,0,90,,0,0,0,0,0,0,0,0,0,0,0,0,0,0,0,0,0,0,0,0,0,0,0,0,0,0,0,0,0,0,0,0,0,0,0,0,0,0,0.0,96,3,1,level
12183405,2025-10-12,"FIFA World Cup, Qualification CAF, Group A",Ethiopia,H,3,1,stephane-aziz-ki,865473,Stephane Aziz Ki,MF,1,1,0,63,,0,0,0,0,0,0,0,0,0,0,0,0,0,0,0,0,0,0,0,0,0,0,0,0,0,0,0,0,0,0,0,0,0,0,0,0,0,0,0.0,63,0,0,level
15032911,2025-11-14,Int. Friendly Games,Niger,H,3,2,abdoul-ayinde,2399613,Abdoul Ayinde,DF,0,0,0,0,,0,0,0,0,0,0,0,0,0,0,0,0,0,0,0,0,0,0,0,0,0,0,0,0,0,0,0,0,0,0,0,0,0,0,0,0,0,0,,,0,0,
15032911,2025-11-14,Int. Friendly Games,Niger,H,3,2,abdoul-yoda,1065760,Abdoul Yoda,MF,1,0,0,0,,0,0,0,0,0,0,0,0,0,0,0,0,0,0,0,0,0,0,0,0,0,0,0,0,0,0,0,0,0,0,0,0,0,0,0,0,0,0,0.0,93,3,2,level
15032911,2025-11-14,Int. Friendly Games,Niger,H,3,2,adamo-nagalo,1108094,Adamo Nagalo,DF,1,0,0,0,,0,0,0,0,0,0,0,0,0,0,0,0,0,0,0,0,0,0,0,0,0,0,0,0,0,0,0,0,0,0,0,0,0,0,0,0,0,0,0.0,93,3,2,level
15032911,2025-11-14,Int. Friendly Games,Niger,H,3,2,arsene-kouassi,1855502,Arsène Kouassi,DF,1,0,0,0,,0,0,0,0,0,0,0,0,0,0,0,0,0,0,0,0,0,0,0,0,0,0,0,0,0,0,0,0,0,0,0,0,0,0,0,0,0,0,0.0,93,3,2,level
15032911,2025-11-14,Int. Friendly Games,Niger,H,3,2,bertrand-traore,218160,Bertrand Traoré,FW,1,0,1,0,,0,0,0,0,0,0,0,0,0,0,0,0,0,0,0,0,0,0,0,0,0,0,0,0,0,0,0,0,0,0,0,0,0,0,0,0,0,0,0.0,93,3,2,level
15032911,2025-11-14,Int. Friendly Games,Niger,H,3,2,cedric-badolo,989361,Cedric Badolo,MF,1,0,0,0,,0,0,0,0,0,0,0,0,0,0,0,0,0,0,0,0,0,0,0,0,0,0,0,0,0,0,0,0,0,0,0,0,0,0,0,0,0,0,0.0,93,3,2,level
15032911,2025-11-14,Int. Friendly Games,Niger,H,3,2,dango-ouattara,1106451,Dango Ouattara,FW,1,0,0,0,,0,0,0,0,0,0,0,0,0,0,0,0,0,0,0,0,0,0,0,0,0,0,0,0,0,0,0,0,0,0,0,0,0,0,0,0,0,0,0.0,93,3,2,level
15032911,2025-11-14,Int. Friendly Games,Niger,H,3,2,herve-koffi,867299,Hervé Koffi,GK,0,0,0,0,,0,0,0,0,0,0,0,0,0,0,0,0,0,0,0,0,0,0,0,0,0,0,0,0,0,0,0,0,0,0,0,0,0,0,0,0,0,0,,,0,0,
15032911,2025-11-14,Int. Friendly Games,Niger,H,3,2,issa-kabore,1006189,Issa Kaboré,DF,1,0,0,0,,0,0,0,0,0,0,0,0,0,0,0,0,0,0,0,0,0,0,0,0,0,0,0,0,0,0,0,0,0,0,0,0,0,0,0,0,0,0,0.0,93,3,2,level
15032911,2025-11-14,Int. Friendly Games,Niger,H,3,2,issoufou-dayo,364758,Issoufou Dayo,DF,1,0,0,0,,0,0,0,0,0,0,0,0,0,0,0,0,0,0,0,0,0,0,0,0,0,0,0,0,0,0,0,0,0,0,0,0,0,0,0,0,0,0,0.0,93,3,2,level
15032911,2025-11-14,Int. Friendly Games,Niger,H,3,2,kilian-nikiema,1149858,Kilian Nikiema,GK,1,0,0,0,,0,0,0,0,0,0,0,0,0,0,0,0,0,0,0,0,0,0,0,0,0,0,0,0,0,0,0,0,0,0,0,0,0,0,0,0,0,0,0.0,93,3,2,level
15032911,2025-11-14,Int. Friendly Games,Niger,H,3,2,nasser-djiga,1127169,Nasser Djiga,DF,0,0,0,0,,0,0,0,0,0,0,0,0,0,0,0,0,0,0,0,0,0,0,0,0,0,0,0,0,0,0,0,0,0,0,0,0,0,0,0,0,0,0,,,0,0,
15032911,2025-11-14,Int. Friendly Games,Niger,H,3,2,pierre-landry-kabore,1102857,Pierre Landry Kaboré,FW,1,0,0,0,,0,0,0,0,0,0,0,0,0,0,0,0,0,0,0,0,0,0,0,0,0,0,0,0,0,0,0,0,0,0,0,0,0,0,0,0,0,0,0.0,93,3,2,level
15032911,2025-11-14,Int. Friendly Games,Niger,H,3,2,stephane-aziz-ki,865473,Stephane Aziz Ki,MF,1,0,0,0,,0,0,0,0,0,0,0,0,0,0,0,0,0,0,0,0,0,0,0,0,0,0,0,0,0,0,0,0,0,0,0,0,0,0,0,0,0,0,0.0,93,3,2,level
15033101,2025-11-18,Int. Friendly Games,Benin,H,3,0,abdoul-ayinde,2399613,Abdoul Ayinde,DF,0,0,0,0,,0,0,0,0,0,0,0,0,0,0,0,0,0,0,0,0,0,0,0,0,0,0,0,0,0,0,0,0,0,0,0,0,0,0,0,0,0,0,,,0,0,
15033101,2025-11-18,Int. Friendly Games,Benin,H,3,0,abdoul-yoda,1065760,Abdoul Yoda,MF,0,0,0,0,,0,0,0,0,0,0,0,0,0,0,0,0,0,0,0,0,0,0,0,0,0,0,0,0,0,0,0,0,0,0,0,0,0,0,0,0,0,0,,,0,0,
15033101,2025-11-18,Int. Friendly Games,Benin,H,3,0,adamo-nagalo,1108094,Adamo Nagalo,DF,1,0,0,0,,0,0,0,0,0,0,0,0,0,0,0,0,0,0,0,0,0,0,0,0,0,0,0,0,0,0,0,0,0,0,0,0,0,0,0,0,0,0,0.0,95,3,0,level
15033101,2025-11-18,Int. Friendly Games,Benin,H,3,0,arsene-kouassi,1855502,Arsène Kouassi,DF,1,0,0,0,,0,0,0,0,0,0,0,0,0,0,0,0,0,0,0,0,0,0,0,0,0,0,0,0,0,0,0,0,0,0,0,0,0,0,0,0,0,0,0.0,95,3,0,level
15033101,2025-11-18,Int. Friendly Games,Benin,H,3,0,cedric-badolo,989361,Cedric Badolo,MF,0,0,0,0,,0,0,0,0,0,0,0,0,0,0,0,0,0,0,0,0,0,0,0,0,0,0,0,0,0,0,0,0,0,0,0,0,0,0,0,0,0,0,,,0,0,
15033101,2025-11-18,Int. Friendly Games,Benin,H,3,0,dango-ouattara,1106451,Dango Ouattara,FW,0,0,0,0,,0,0,0,0,0,0,0,0,0,0,0,0,0,0,0,0,0,0,0,0,0,0,0,0,0,0,0,0,0,0,0,0,0,0,0,0,0,0,,,0,0,
15033101,2025-11-18,Int. Friendly Games,Benin,H,3,0,edmond-tapsoba,883262,Edmond Tapsoba,DF,1,0,0,0,,0,0,0,0,0,0,0,0,0,0,0,0,0,0,0,0,0,0,0,0,0,0,0,0,0,0,0,0,0,0,0,0,0,0,0,0,0,0,0.0,95,3,0,level
15033101,2025-11-18,Int. Friendly Games,Benin,H,3,0,farid-ouedraogo,1006190,Farid Ouédraogo,GK,0,0,0,0,,0,0,0,0,0,0,0,0,0,0,0,0,0,0,0,0,0,0,0,0,0,0,0,0,0,0,0,0,0,0,0,0,0,0,0,0,0,0,,,0,0,
15033101,2025-11-18,Int. Friendly Games,Benin,H,3,0,georgi-minoungou,1492520,Georgi Minoungou,FW,1,0,0,0,,0,0,0,0,0,0,0,0,0,0,0,0,0,0,0,0,0,0,0,0,0,0,0,0,0,0,0,0,0,0,0,0,0,0,0,0,0,0,0.0,95,3,0,level
15033101,2025-11-18,Int. Friendly Games,Benin,H,3,0,gustavo-sangare,1019038,Gustavo Sangaré,MF,1,0,0,0,,0,0,0,0,0,0,0,0,0,0,0,0,0,0,0,0,0,0,0,0,0,0,0,0,0,0,0,0,0,0,0,0,0,0,0,0,0,0,0.0,95,3,0,level
15033101,2025-11-18,Int. Friendly Games,Benin,H,3,0,herve-koffi,867299,Hervé Koffi,GK,1,0,1,0,,0,0,0,0,0,0,0,0,0,0,0,0,0,0,0,0,0,0,0,0,0,0,0,0,0,0,0,0,0,0,0,0,0,0,0,0,0,0,0.0,95,3,0,level
15033101,2025-11-18,Int. Friendly Games,Benin,H,3,0,ismahila-ouedraogo,1099259,Ismahila Ouédraogo,MF,1,0,0,0,,0,0,0,0,0,0,0,0,0,0,0,0,0,0,0,0,0,0,0,0,0,0,0,0,0,0,0,0,0,0,0,0,0,0,0,0,0,0,0.0,95,3,0,level
15033101,2025-11-18,Int. Friendly Games,Benin,H,3,0,josue-tiendrebeogo,1897363,Josué Tiendrébéogo,MF,0,0,0,0,,0,0,0,0,0,0,0,0,0,0,0,0,0,0,0,0,0,0,0,0,0,0,0,0,0,0,0,0,0,0,0,0,0,0,0,0,0,0,,,0,0,
15033101,2025-11-18,Int. Friendly Games,Benin,H,3,0,kilian-nikiema,1149858,Kilian Nikiema,GK,0,0,0,0,,0,0,0,0,0,0,0,0,0,0,0,0,0,0,0,0,0,0,0,0,0,0,0,0,0,0,0,0,0,0,0,0,0,0,0,0,0,0,,,0,0,
15033101,2025-11-18,Int. Friendly Games,Benin,H,3,0,mohamed-konate,850011,Mohamed Konaté,FW,1,0,0,0,,0,0,0,0,0,0,0,0,0,0,0,0,0,0,0,0,0,0,0,0,0,0,0,0,0,0,0,0,0,0,0,0,0,0,0,0,0,0,0.0,95,3,0,level
15033101,2025-11-18,Int. Friendly Games,Benin,H,3,0,mohamed-ouedraogo,1506773,Mohamed Ouédraogo,DF,0,0,0,0,,0,0,0,0,0,0,0,0,0,0,0,0,0,0,0,0,0,0,0,0,0,0,0,0,0,0,0,0,0,0,0,0,0,0,0,0,0,0,,,0,0,
15033101,2025-11-18,Int. Friendly Games,Benin,H,3,0,nasser-djiga,1127169,Nasser Djiga,DF,0,0,0,0,,0,0,0,0,0,0,0,0,0,0,0,0,0,0,0,0,0,0,0,0,0,0,0,0,0,0,0,0,0,0,0,0,0,0,0,0,0,0,,,0,0,
15033101,2025-11-18,Int. Friendly Games,Benin,H,3,0,ousseni-bouda,983282,Ousseni Bouda,FW,1,0,0,0,,0,0,0,0,0,0,0,0,0,0,0,0,0,0,0,0,0,0,0,0,0,0,0,0,0,0,0,0,0,0,0,0,0,0,0,0,0,0,0.0,95,3,0,level
15033101,2025-11-18,Int. Friendly Games,Benin,H,3,0,saidou-simpore,785883,Saïdou Simporé,DF,0,0,0,0,,0,0,0,0,0,0,0,0,0,0,0,0,0,0,0,0,0,0,0,0,0,0,0,0,0,0,0,0,0,0,0,0,0,0,0,0,0,0,,,0,0,
15033101,2025-11-18,Int. Friendly Games,Benin,H,3,0,steeve-yago,174911,Steeve Yago,DF,1,0,0,0,,0,0,0,0,0,0,0,0,0,0,0,0,0,0,0,0,0,0,0,0,0,0,0,0,0,0,0,0,0,0,0,0,0,0,0,0,0,0,0.0,95,3,0,level
15033101,2025-11-18,Int. Friendly Games,Benin,H,3,0,stephane-aziz-ki,865473,Stephane Aziz Ki,MF,1,0,0,0,,0,0,0,0,0,0,0,0,0,0,0,0,0,0,0,0,0,0,0,0,0,0,0,0,0,0,0,0,0,0,0,0,0,0,0,0,0,0,0.0,95,3,0,level
15033101,2025-11-18,Int. Friendly Games,Benin,H,3,0,trova-boni,919990,Trova Boni,DF,0,0,0,0,,0,0,0,0,0,0,0,0,0,0,0,0,0,0,0,0,0,0,0,0,0,0,0,0,0,0,0,0,0,0,0,0,0,0,0,0,0,0,,,0,0,
13424942,2025-12-24,"Africa Cup of Nations, Group E",Equatorial Guinea,H,2,1,abdoul-ayinde,2399613,Abdoul Ayinde,DF,0,0,0,0,,0,0,0,0,0,0,0,0,0,0,0,0,0,0,0,0,0,0,0,0,0,0,0,0,0,0,0,0,0,0,0,0,0,0,0,0,0,0,,,0,0,
13424942,2025-12-24,"Africa Cup of Nations, Group E",Equatorial Guinea,H,2,1,adamo-nagalo,1108094,Adamo Nagalo,DF,0,0,0,0,,0,0,0,0,0,0,0,0,0,0,0,0,0,0,0,0,0,0,0,0,0,0,0,0,0,0,0,0,0,0,0,0,0,0,0,0,0,0,,,0,0,
13424942,2025-12-24,"Africa Cup of Nations, Group E",Equatorial Guinea,H,2,1,arsene-kouassi,1855502,Arsène Kouassi,DF,1,1,0,90,7.9,1,0,1,0,1,5,2,0,2,2,0,5,1,0,0,0,2,2,2,1,49,45,0,0,0,0,0,4,0,0,0,0,0,0,0,1,1,73,0.0,101,2,1,level
13424942,2025-12-24,"Africa Cup of Nations, Group E",Equatorial Guinea,H,2,1,bertrand-traore,218160,Bertrand Traoré,FW,1,1,1,79,7.3,1,0,1,0,0,6,2,2,4,3,4,6,2,1,0,0,1,2,3,2,34,29,0,0,0,0,0,1,0,0,0,0,0,2,1,0,0,55,0.0,82,0,0,level
13424942,2025-12-24,"Africa Cup of Nations, Group E",Equatorial Guinea,H,2,1,blati-toure,806244,Blati Touré,MF,1,1,0,90,6.6,1,3,1,0,0,0,0,1,0,0,5,4,1,1,0,0,0,1,2,1,58,49,0,0,0,0,0,6,0,0,0,0,0,0,0,2,1,67,0.0,101,2,1,level
13424942,2025-12-24,"Africa Cup of Nations, Group E",Equatorial Guinea,H,2,1,cedric-badolo,989361,Cedric Badolo,MF,0,0,0,0,,0,0,0,0,0,0,0,0,0,0,0,0,0,0,0,0,0,0,0,0,0,0,0,0,0,0,0,0,0,0,0,0,0,0,0,0,0,0,,,0,0,
13424942,2025-12-24,"Africa Cup of Nations, Group E",Equatorial Guinea,H,2,1,cyriaque-irie,1508537,Cyriaque Irié,FW,0,1,0,10,6.9,1,0,1,0,0,0,0,0,1,1,0,4,0,0,0,0,0,0,0,0,4,2,0,0,0,0,0,2,0,0,0,0,0,0,0,2,0,8,92,101,2,0,trailing
13424942,2025-12-24,"Africa Cup of Nations, Group E",Equatorial Guinea,H,2,1,dango-ouattara,1106451,Dango Ouattara,FW,1,1,0,90,7.1,1,0,3,1,0,4,0,1,5,5,5,9,0,3,0,0,0,3,0,0,20,12,0,0,0,0,0,1,0,0,0,0,0,4,1,1,1,43,0.0,101,2,1,level
13424942,2025-12-24,"Africa Cup of Nations, Group E",Equatorial Guinea,H,2,1,edmond-tapsoba,883262,Edmond Tapsoba,DF,1,1,0,90,8.7,1,0,0,0,1,0,0,0,0,0,1,1,0,0,1,0,0,1,15,10,87,77,0,0,0,0,0,2,0,0,0,0,0,2,1,1,1,93,0.0,101,2,1,level
13424942,2025-12-24,"Africa Cup of Nations, Group E",Equatorial Guinea,H,2,1,farid-ouedraogo,1006190,Farid Ouédraogo,GK,0,0,0,0,,0,0,0,0,0,0,0,0,0,0,0,0,0,0,0,0,0,0,0,0,0,0,0,0,0,0,0,0,0,0,0,0,0,0,0,0,0,0,,,0,0,
13424942,2025-12-24,"Africa Cup of Nations, Group E",Equatorial Guinea,H,2,1,georgi-minoungou,1492520,Georgi Minoungou,FW,0,1,0,11,7.5,1,0,0,0,0,1,0,1,0,0,3,0,0,1,1,0,0,1,0,0,7,7,0,0,0,0,0,0,0,0,0,0,0,2,1,0,0,14,82,101,2,1,level
13424942,2025-12-24,"Africa Cup of Nations, Group E",Equatorial Guinea,H,2,1,gustavo-sangare,1019038,Gustavo Sangaré,MF,1,1,0,70,7.1,1,0,1,0,0,4,1,1,2,2,3,6,2,2,0,0,0,2,0,0,42,35,0,0,0,0,0,4,0,0,0,0,0,0,0,1,0,56,0.0,73,0,0,level
13424942,2025-12-24,"Africa Cup of Nations, Group E",Equatorial Guinea,H,2,1,herve-koffi,867299,Hervé Koffi,GK,1,1,0,90,6.4,1,0,0,0,1,0,0,0,0,0,0,1,1,0,0,1,0,0,11,2,24,15,0,0,0,0,0,7,0,0,0,0,0,0,0,0,0,29,0.0,101,2,1,level
13424942,2025-12-24,"Africa Cup of Nations, Group E",Equatorial Guinea,H,2,1,ismahila-ouedraogo,1099259,Ismahila Ouédraogo,MF,1,1,0,70,6.4,1,2,0,0,0,0,0,2,1,0,6,3,2,1,0,0,1,0,1,1,35,34,0,0,0,0,0,5,0,0,0,0,0,1,0,1,0,46,0.0,73,0,0,level
13424942,2025-12-24,"Africa Cup of Nations, Group E",Equatorial Guinea,H,2,1,issa-kabore,1006189,Issa Kaboré,DF,0,0,0,0,,0,0,0,0,0,0,0,0,0,0,0,0,0,0,0,0,0,0,0,0,0,0,0,0,0,0,0,0,0,0,0,0,0,0,0,0,0,0,,,0,0,
13424942,2025-12-24,"Africa Cup of Nations, Group E",Equatorial Guinea,H,2,1,issoufou-dayo,364758,Issoufou Dayo,DF,1,1,0,90,7.2,1,1,6,0,9,0,0,0,0,0,1,10,0,0,0,0,0,0,5,4,58,52,0,0,0,0,0,4,0,0,0,0,0,2,0,4,2,75,0.0,101,2,1,level
13424942,2025-12-24,"Africa Cup of Nations, Group E",Equatorial Guinea,H,2,1,kilian-nikiema,1149858,Kilian Nikiema,GK,0,0,0,0,,0,0,0,0,0,0,0,0,0,0,0,0,0,0,0,0,0,0,0,0,0,0,0,0,0,0,0,0,0,0,0,0,0,0,0,0,0,0,,,0,0,
13424942,2025-12-24,"Africa Cup of Nations, Group E",Equatorial Guinea,H,2,1,lassina-traore,911719,Lassina Traoré,FW,0,1,0,20,6.7,1,0,1,0,0,0,0,0,0,0,0,2,0,0,0,0,0,0,0,0,4,3,0,0,0,0,0,1,0,0,0,0,0,0,0,1,1,5,73,101,2,1,level
13424942,2025-12-24,"Africa Cup of Nations, Group E",Equatorial Guinea,H,2,1,mohamed-zougrana,1183551,Mohamed Zougrana,MF,0,0,0,0,,0,0,0,0,0,0,0,0,0,0,0,0,0,0,0,0,0,0,0,0,0,0,0,0,0,0,0,0,0,0,0,0,0,0,0,0,0,0,,,0,0,
13424942,2025-12-24,"Africa Cup of Nations, Group E",Equatorial Guinea,H,2,1,nasser-djiga,1127169,Nasser Djiga,DF,0,0,0,0,,0,0,0,0,0,0,0,0,0,0,0,0,0,0,0,0,0,0,0,0,0,0,0,0,0,0,0,0,0,0,0,0,0,0,0,0,0,0,,,0,0,
13424942,2025-12-24,"Africa Cup of Nations, Group E",Equatorial Guinea,H,2,1,ousseni-bouda,983282,Ousseni Bouda,FW,0,0,0,0,,0,0,0,0,0,0,0,0,0,0,0,0,0,0,0,0,0,0,0,0,0,0,0,0,0,0,0,0,0,0,0,0,0,0,0,0,0,0,,,0,0,
13424942,2025-12-24,"Africa Cup of Nations, Group E",Equatorial Guinea,H,2,1,pierre-landry-kabore,1102857,Pierre Landry Kaboré,FW,1,1,0,70,6,1,4,1,0,0,2,1,1,0,0,8,1,0,3,0,0,0,0,0,0,7,6,0,0,0,0,0,0,0,0,0,0,0,2,0,0,0,14,0.0,73,0,0,level
13424942,2025-12-24,"Africa Cup of Nations, Group E",Equatorial Guinea,H,2,1,saidou-simpore,785883,Saïdou Simporé,DF,0,1,0,20,6.6,1,0,1,0,1,1,1,0,0,0,1,2,0,1,0,0,0,0,0,0,10,6,0,0,0,0,0,0,0,0,0,0,0,0,0,1,1,17,73,101,2,1,level
13424942,2025-12-24,"Africa Cup of Nations, Group E",Equatorial Guinea,H,2,1,steeve-yago,174911,Steeve Yago,DF,1,1,0,89,6.3,1,1,0,0,4,2,0,0,1,0,5,3,1,2,0,0,0,0,1,1,34,33,0,0,0,0,0,5,0,0,0,0,0,0,0,2,1,52,0.0,92,0,1,level
13424942,2025-12-24,"Africa Cup of Nations, Group E",Equatorial Guinea,H,2,1,stephane-aziz-ki,865473,Stephane Aziz Ki,MF,0,1,0,20,6.6,1,0,0,0,0,0,0,0,1,0,2,2,0,1,0,0,0,1,0,0,8,7,0,0,0,0,0,0,0,0,0,0,0,1,1,2,0,15,73,101,2,1,level
13424954,2025-12-28,"Africa Cup of Nations, Group E",Algeria,A,0,1,abdoul-ayinde,2399613,Abdoul Ayinde,DF,0,0,0,0,,0,0,0,0,0,0,0,0,0,0,0,0,0,0,0,0,0,0,0,0,0,0,0,0,0,0,0,0,0,0,0,0,0,0,0,0,0,0,,,0,0,
13424954,2025-12-28,"Africa Cup of Nations, Group E",Algeria,A,0,1,adamo-nagalo,1108094,Adamo Nagalo,DF,0,0,0,0,,0,0,0,0,0,0,0,0,0,0,0,0,0,0,0,0,0,0,0,0,0,0,0,0,0,0,0,0,0,0,0,0,0,0,0,0,0,0,,,0,0,
13424954,2025-12-28,"Africa Cup of Nations, Group E",Algeria,A,0,1,arsene-kouassi,1855502,Arsène Kouassi,DF,1,1,0,90,7.1,1,1,0,0,2,4,2,0,4,3,3,7,3,1,0,0,1,1,2,1,46,44,0,0,0,0,0,2,0,0,0,0,0,0,0,1,0,67,0.0,99,0,1,level
13424954,2025-12-28,"Africa Cup of Nations, Group E",Algeria,A,0,1,bertrand-traore,218160,Bertrand Traoré,FW,1,1,1,90,7.1,1,1,0,0,1,6,3,1,2,0,7,7,5,2,0,0,2,3,1,0,40,31,0,0,0,0,0,4,0,0,0,0,0,2,0,2,1,64,0.0,99,0,1,level
13424954,2025-12-28,"Africa Cup of Nations, Group E",Algeria,A,0,1,blati-toure,806244,Blati Touré,MF,0,0,0,0,,0,0,0,0,0,0,0,0,0,0,0,0,0,0,0,0,0,0,0,0,0,0,0,0,0,0,0,0,0,0,0,0,0,0,0,0,0,0,,,0,0,
13424954,2025-12-28,"Africa Cup of Nations, Group E",Algeria,A,0,1,cedric-badolo,989361,Cedric Badolo,MF,0,0,0,0,,0,0,0,0,0,0,0,0,0,0,0,0,0,0,0,0,0,0,0,0,0,0,0,0,0,0,0,0,0,0,0,0,0,0,0,0,0,0,,,0,0,
13424954,2025-12-28,"Africa Cup of Nations, Group E",Algeria,A,0,1,cyriaque-irie,1508537,Cyriaque Irié,FW,0,1,0,12,6.7,1,0,0,0,0,0,0,0,1,1,1,2,1,1,0,0,0,0,0,0,4,3,0,0,0,0,0,3,0,0,0,0,0,1,1,0,0,7,83,99,0,0,trailing
13424954,2025-12-28,"Africa Cup of Nations, Group E",Algeria,A,0,1,dango-ouattara,1106451,Dango Ouattara,FW,1,1,0,90,6.8,1,0,3,0,0,4,0,0,4,2,2,8,2,0,0,0,0,2,0,0,12,8,0,0,0,0,0,1,0,0,0,0,0,2,0,1,0,29,0.0,99,0,1,level
13424954,2025-12-28,"Africa Cup of Nations, Group E",Algeria,A,0,1,edmond-tapsoba,883262,Edmond Tapsoba,DF,1,1,0,90,6.3,1,0,4,0,0,0,0,0,0,0,6,4,0,5,0,0,3,1,7,2,60,52,0,0,0,0,0,6,0,0,0,0,0,2,0,0,0,70,0.0,99,0,1,level
13424954,2025-12-28,"Africa Cup of Nations, Group E",Algeria,A,0,1,farid-ouedraogo,1006190,Farid Ouédraogo,GK,0,0,0,0,,0,0,0,0,0,0,0,0,0,0,0,0,0,0,0,0,0,0,0,0,0,0,0,0,0,0,0,0,0,0,0,0,0,0,0,0,0,0,,,0,0,
13424954,2025-12-28,"Africa Cup of Nations, Group E",Algeria,A,0,1,georgi-minoungou,1492520,Georgi Minoungou,FW,0,1,0,45,6,1,0,0,0,0,1,0,1,1,0,4,0,0,1,0,0,0,0,0,0,16,12,0,0,0,0,0,3,0,0,0,0,0,2,0,0,0,23,51,99,0,0,trailing
13424954,2025-12-28,"Africa Cup of Nations, Group E",Algeria,A,0,1,gustavo-sangare,1019038,Gustavo Sangaré,MF,1,1,0,78,7.2,1,0,0,0,0,3,0,0,5,2,6,12,4,1,0,0,1,0,2,1,29,25,0,0,0,0,0,3,0,0,0,0,0,1,0,6,4,53,0.0,83,0,1,level
13424954,2025-12-28,"Africa Cup of Nations, Group E",Algeria,A,0,1,herve-koffi,867299,Hervé Koffi,GK,1,1,0,90,7.4,1,0,0,0,0,0,0,0,0,0,0,0,0,0,0,2,0,0,12,6,26,20,0,1,0,0,0,5,4,3,0,0,0,0,0,0,0,33,0.0,99,0,1,level
13424954,2025-12-28,"Africa Cup of Nations, Group E",Algeria,A,0,1,ismahila-ouedraogo,1099259,Ismahila Ouédraogo,MF,1,1,0,90,6.9,1,0,1,0,1,0,0,0,0,0,2,8,3,2,0,0,0,0,4,2,40,36,1,0,0,0,0,8,0,0,0,0,0,0,0,4,2,51,0.0,99,0,1,level
13424954,2025-12-28,"Africa Cup of Nations, Group E",Algeria,A,0,1,issa-kabore,1006189,Issa Kaboré,DF,0,0,0,0,,0,0,0,0,0,0,0,0,0,0,0,0,0,0,0,0,0,0,0,0,0,0,0,0,0,0,0,0,0,0,0,0,0,0,0,0,0,0,,,0,0,
13424954,2025-12-28,"Africa Cup of Nations, Group E",Algeria,A,0,1,issoufou-dayo,364758,Issoufou Dayo,DF,1,1,0,90,7.3,1,0,4,0,1,0,0,0,0,0,0,6,1,0,0,0,0,0,5,1,52,44,0,0,0,0,0,3,0,0,0,0,0,0,0,1,1,57,0.0,99,0,1,level
13424954,2025-12-28,"Africa Cup of Nations, Group E",Algeria,A,0,1,kilian-nikiema,1149858,Kilian Nikiema,GK,0,0,0,0,,0,0,0,0,0,0,0,0,0,0,0,0,0,0,0,0,0,0,0,0,0,0,0,0,0,0,0,0,0,0,0,0,0,0,0,0,0,0,,,0,0,
13424954,2025-12-28,"Africa Cup of Nations, Group E",Algeria,A,0,1,lassina-traore,911719,Lassina Traoré,FW,0,1,0,24,6.2,1,0,0,0,0,0,0,0,0,0,0,0,0,0,0,0,0,1,0,0,4,1,0,0,0,0,0,0,0,0,0,0,0,1,1,0,0,6,71,99,0,0,trailing
13424954,2025-12-28,"Africa Cup of Nations, Group E",Algeria,A,0,1,mohamed-zougrana,1183551,Mohamed Zougrana,MF,1,1,0,45,6.4,1,0,1,0,0,0,0,1,0,0,2,3,1,1,0,0,0,1,0,0,12,10,0,0,0,0,0,0,0,0,0,0,0,0,0,1,0,15,0.0,51,0,1,level
13424954,2025-12-28,"Africa Cup of Nations, Group E",Algeria,A,0,1,nasser-djiga,1127169,Nasser Djiga,DF,0,0,0,0,,0,0,0,0,0,0,0,0,0,0,0,0,0,0,0,0,0,0,0,0,0,0,0,0,0,0,0,0,0,0,0,0,0,0,0,0,0,0,,,0,0,
13424954,2025-12-28,"Africa Cup of Nations, Group E",Algeria,A,0,1,ousseni-bouda,983282,Ousseni Bouda,FW,0,0,0,0,,0,0,0,0,0,0,0,0,0,0,0,0,0,0,0,0,0,0,0,0,0,0,0,0,0,0,0,0,0,0,0,0,0,0,0,0,0,0,,,0,0,
13424954,2025-12-28,"Africa Cup of Nations, Group E",Algeria,A,0,1,pierre-landry-kabore,1102857,Pierre Landry Kaboré,FW,1,1,0,66,6.3,1,2,2,0,0,1,0,2,2,1,9,5,2,4,0,0,0,0,0,0,12,9,0,0,0,0,0,1,0,0,0,0,0,3,0,0,0,27,0.0,71,0,1,level
13424954,2025-12-28,"Africa Cup of Nations, Group E",Algeria,A,0,1,saidou-simpore,785883,Saïdou Simporé,DF,0,1,0,12,6.6,1,3,2,0,1,1,0,0,0,0,3,2,0,0,0,0,0,0,0,0,7,6,0,0,0,0,0,0,0,0,0,0,0,0,0,0,0,10,83,99,0,0,trailing
13424954,2025-12-28,"Africa Cup of Nations, Group E",Algeria,A,0,1,steeve-yago,174911,Steeve Yago,DF,1,1,0,78,6.8,1,0,0,0,1,1,0,0,0,0,1,5,2,1,0,0,0,0,3,1,25,20,0,0,0,0,0,3,0,0,0,0,0,0,0,3,3,44,0.0,83,0,1,level
13424954,2025-12-28,"Africa Cup of Nations, Group E",Algeria,A,0,1,stephane-aziz-ki,865473,Stephane Aziz Ki,MF,0,0,0,0,,0,0,0,0,0,0,0,0,0,0,0,0,0,0,0,0,0,0,0,0,0,0,0,0,0,0,0,0,0,0,0,0,0,0,0,0,0,0,,,0,0,
13424968,2025-12-31,"Africa Cup of Nations, Group E",Sudan,A,2,0,abdoul-ayinde,2399613,Abdoul Ayinde,DF,0,0,0,0,,0,0,0,0,0,0,0,0,0,0,0,0,0,0,0,0,0,0,0,0,0,0,0,0,0,0,0,0,0,0,0,0,0,0,0,0,0,0,,,0,0,
13424968,2025-12-31,"Africa Cup of Nations, Group E",Sudan,A,2,0,adamo-nagalo,1108094,Adamo Nagalo,DF,0,1,0,31,6.7,1,0,0,0,1,0,0,0,1,1,2,1,0,1,0,0,0,0,2,0,18,16,0,0,0,0,0,2,0,0,0,0,0,0,0,0,0,20,64,99,1,0,leading
13424968,2025-12-31,"Africa Cup of Nations, Group E",Sudan,A,2,0,arsene-kouassi,1855502,Arsène Kouassi,DF,1,1,0,90,8.4,1,0,1,0,0,2,0,0,2,2,0,5,0,0,1,0,0,1,2,0,38,34,0,0,0,0,0,1,0,0,0,0,0,1,1,2,0,54,0.0,99,2,0,level
13424968,2025-12-31,"Africa Cup of Nations, Group E",Sudan,A,2,0,bertrand-traore,218160,Bertrand Traoré,FW,0,0,0,0,,0,0,0,0,0,0,0,0,0,0,0,0,0,0,0,0,0,0,0,0,0,0,0,0,0,0,0,0,0,0,0,0,0,0,0,0,0,0,,,0,0,
13424968,2025-12-31,"Africa Cup of Nations, Group E",Sudan,A,2,0,blati-toure,806244,Blati Touré,MF,1,1,0,90,6.9,1,2,1,0,0,0,0,1,1,1,5,5,0,2,0,0,0,1,1,1,56,51,0,0,0,0,0,9,0,0,0,0,0,1,0,3,2,65,0.0,99,2,0,level
13424968,2025-12-31,"Africa Cup of Nations, Group E",Sudan,A,2,0,cedric-badolo,989361,Cedric Badolo,MF,1,1,0,90,6.8,1,2,2,0,4,0,0,1,0,0,4,3,0,1,0,0,1,0,5,2,45,38,0,0,0,0,0,8,0,0,0,0,0,0,0,1,1,68,0.0,99,2,0,level
13424968,2025-12-31,"Africa Cup of Nations, Group E",Sudan,A,2,0,cyriaque-irie,1508537,Cyriaque Irié,FW,1,1,0,59,6.9,1,1,0,0,1,0,0,1,2,1,3,2,1,0,0,0,2,0,2,1,27,24,0,0,0,0,0,4,0,0,0,0,0,1,0,0,0,38,0.0,64,1,0,level
13424968,2025-12-31,"Africa Cup of Nations, Group E",Sudan,A,2,0,dango-ouattara,1106451,Dango Ouattara,FW,0,1,0,31,6.4,1,0,0,1,0,1,0,0,3,0,4,0,0,1,0,0,0,1,1,0,10,6,0,0,0,0,0,4,0,0,0,0,0,0,0,0,0,19,64,99,1,0,leading
13424968,2025-12-31,"Africa Cup of Nations, Group E",Sudan,A,2,0,edmond-tapsoba,883262,Edmond Tapsoba,DF,1,1,0,90,7.7,1,2,1,0,3,0,0,0,1,0,3,1,0,0,0,0,1,2,19,13,83,73,0,0,0,0,0,7,0,0,0,0,0,1,0,0,0,94,0.0,99,2,0,level
13424968,2025-12-31,"Africa Cup of Nations, Group E",Sudan,A,2,0,farid-ouedraogo,1006190,Farid Ouédraogo,GK,0,0,0,0,,0,0,0,0,0,0,0,0,0,0,0,0,0,0,0,0,0,0,0,0,0,0,0,0,0,0,0,0,0,0,0,0,0,0,0,0,0,0,,,0,0,
13424968,2025-12-31,"Africa Cup of Nations, Group E",Sudan,A,2,0,georgi-minoungou,1492520,Georgi Minoungou,FW,1,1,0,90,6.3,1,1,0,0,0,1,1,1,5,2,7,2,0,1,0,0,1,1,0,0,27,22,0,0,0,0,0,3,0,0,0,0,0,2,1,0,0,44,0.0,99,2,0,level
13424968,2025-12-31,"Africa Cup of Nations, Group E",Sudan,A,2,0,herve-koffi,867299,Hervé Koffi,GK,1,1,0,45,6,1,0,0,0,0,0,0,0,0,0,1,0,0,1,0,0,0,0,3,1,13,11,1,1,0,0,0,3,0,0,0,0,0,0,0,0,0,16,0.0,51,1,0,level
13424968,2025-12-31,"Africa Cup of Nations, Group E",Sudan,A,2,0,ismahila-ouedraogo,1099259,Ismahila Ouédraogo,MF,0,0,0,0,,0,0,0,0,0,0,0,0,0,0,0,0,0,0,0,0,0,0,0,0,0,0,0,0,0,0,0,0,0,0,0,0,0,0,0,0,0,0,,,0,0,
13424968,2025-12-31,"Africa Cup of Nations, Group E",Sudan,A,2,0,issa-kabore,1006189,Issa Kaboré,DF,0,0,0,0,,0,0,0,0,0,0,0,0,0,0,0,0,0,0,0,0,0,0,0,0,0,0,0,0,0,0,0,0,0,0,0,0,0,0,0,0,0,0,,,0,0,
13424968,2025-12-31,"Africa Cup of Nations, Group E",Sudan,A,2,0,issoufou-dayo,364758,Issoufou Dayo,DF,1,1,1,59,7.4,1,1,2,0,3,0,0,0,0,0,4,6,0,3,0,0,0,0,10,4,50,37,0,0,0,0,0,3,0,0,0,0,0,0,0,4,3,57,0.0,64,1,0,level
13424968,2025-12-31,"Africa Cup of Nations, Group E",Sudan,A,2,0,kilian-nikiema,1149858,Kilian Nikiema,GK,0,1,0,45,7.3,1,0,2,0,1,0,0,0,0,0,0,3,1,0,0,1,0,0,6,0,11,5,0,0,0,0,1,5,1,1,0,0,0,0,0,0,0,17,51,99,1,0,leading
13424968,2025-12-31,"Africa Cup of Nations, Group E",Sudan,A,2,0,lassina-traore,911719,Lassina Traoré,FW,1,1,0,74,7.1,1,2,4,0,0,1,0,0,0,0,3,4,0,1,1,0,0,1,0,0,15,6,0,0,0,0,0,0,0,0,0,0,0,1,1,0,0,18,0.0,79,1,0,level
13424968,2025-12-31,"Africa Cup of Nations, Group E",Sudan,A,2,0,mohamed-zougrana,1183551,Mohamed Zougrana,MF,0,1,0,16,6.8,1,1,2,0,0,0,0,0,0,0,1,2,0,0,0,0,0,1,1,1,6,6,0,0,0,0,0,1,0,0,0,0,0,0,0,0,0,6,79,99,1,0,leading
13424968,2025-12-31,"Africa Cup of Nations, Group E",Sudan,A,2,0,nasser-djiga,1127169,Nasser Djiga,DF,0,0,0,0,,0,0,0,0,0,0,0,0,0,0,0,0,0,0,0,0,0,0,0,0,0,0,0,0,0,0,0,0,0,0,0,0,0,0,0,0,0,0,,,0,0,
13424968,2025-12-31,"Africa Cup of Nations, Group E",Sudan,A,2,0,ousseni-bouda,983282,Ousseni Bouda,FW,0,0,0,0,,0,0,0,0,0,0,0,0,0,0,0,0,0,0,0,0,0,0,0,0,0,0,0,0,0,0,0,0,0,0,0,0,0,0,0,0,0,0,,,0,0,
13424968,2025-12-31,"Africa Cup of Nations, Group E",Sudan,A,2,0,pierre-landry-kabore,1102857,Pierre Landry Kaboré,FW,0,1,0,16,6.3,1,2,0,0,0,0,0,0,0,0,3,1,1,1,0,0,0,0,0,0,2,1,0,0,0,0,0,2,0,0,0,0,0,0,0,0,0,5,79,99,1,0,leading
13424968,2025-12-31,"Africa Cup of Nations, Group E",Sudan,A,2,0,saidou-simpore,785883,Saïdou Simporé,DF,1,1,0,90,7.4,1,1,1,0,2,0,0,0,0,0,1,1,0,0,0,0,0,0,8,7,62,56,0,0,0,0,0,3,0,0,0,0,0,0,0,0,0,68,0.0,99,2,0,level
13424968,2025-12-31,"Africa Cup of Nations, Group E",Sudan,A,2,0,steeve-yago,174911,Steeve Yago,DF,0,0,0,0,,0,0,0,0,0,0,0,0,0,0,0,0,0,0,0,0,0,0,0,0,0,0,0,0,0,0,0,0,0,0,0,0,0,0,0,0,0,0,,,0,0,
13424968,2025-12-31,"Africa Cup of Nations, Group E",Sudan,A,2,0,stephane-aziz-ki,865473,Stephane Aziz Ki,MF,1,1,0,74,6.8,1,1,0,1,0,6,1,2,2,1,4,1,0,0,0,0,0,1,3,2,31,28,0,0,0,0,0,1,0,0,0,0,0,3,0,0,0,50,0.0,79,1,0,level
14058095,2026-01-06,"Africa Cup of Nations, Knockout stage",Côte d'Ivoire,A,0,3,abdoul-ayinde,2399613,Abdoul Ayinde,DF,0,0,0,0,,0,0,0,0,0,0,0,0,0,0,0,0,0,0,0,0,0,0,0,0,0,0,0,0,0,0,0,0,0,0,0,0,0,0,0,0,0,0,,,0,0,
14058095,2026-01-06,"Africa Cup of Nations, Knockout stage",Côte d'Ivoire,A,0,3,adamo-nagalo,1108094,Adamo Nagalo,DF,1,1,0,42,5.9,1,0,0,0,0,0,0,0,0,0,1,2,1,1,0,0,1,0,0,0,20,19,0,0,0,0,0,2,0,0,0,0,0,0,0,1,0,25,0.0,42,0,2,level
14058095,2026-01-06,"Africa Cup of Nations, Knockout stage",Côte d'Ivoire,A,0,3,arsene-kouassi,1855502,Arsène Kouassi,DF,1,1,0,90,6.3,1,1,0,0,3,2,0,3,0,0,4,6,4,0,0,0,1,0,0,0,32,28,0,0,0,0,0,4,0,0,0,0,0,0,0,2,2,53,0.0,97,0,3,level
14058095,2026-01-06,"Africa Cup of Nations, Knockout stage",Côte d'Ivoire,A,0,3,bertrand-traore,218160,Bertrand Traoré,FW,0,1,0,19,6.6,1,1,0,0,0,0,0,0,1,0,2,3,3,0,0,0,0,0,0,0,6,6,0,0,0,0,0,0,0,0,0,0,0,0,0,0,0,12,74,97,0,1,trailing
14058095,2026-01-06,"Africa Cup of Nations, Knockout stage",Côte d'Ivoire,A,0,3,blati-toure,806244,Blati Touré,MF,0,1,0,48,6.6,1,0,0,0,0,0,0,0,1,1,0,2,1,0,0,0,0,0,0,0,22,21,0,0,0,0,0,0,0,0,0,0,0,1,0,0,0,29,42,97,0,1,trailing
14058095,2026-01-06,"Africa Cup of Nations, Knockout stage",Côte d'Ivoire,A,0,3,cedric-badolo,989361,Cedric Badolo,MF,0,0,0,0,,0,0,0,0,0,0,0,0,0,0,0,0,0,0,0,0,0,0,0,0,0,0,0,0,0,0,0,0,0,0,0,0,0,0,0,0,0,0,,,0,0,
14058095,2026-01-06,"Africa Cup of Nations, Knockout stage",Côte d'Ivoire,A,0,3,cyriaque-irie,1508537,Cyriaque Irié,FW,1,1,0,71,5.9,1,1,0,0,1,1,0,0,3,1,7,3,2,3,0,0,1,0,1,0,12,8,0,0,0,0,0,4,0,0,0,0,0,1,0,0,0,24,0.0,74,0,2,level
14058095,2026-01-06,"Africa Cup of Nations, Knockout stage",Côte d'Ivoire,A,0,3,dango-ouattara,1106451,Dango Ouattara,FW,1,1,0,90,5.6,1,4,0,0,0,4,0,2,3,0,9,1,1,0,0,0,1,0,1,0,13,7,0,0,0,0,0,0,0,0,0,0,0,2,1,0,0,30,0.0,97,0,3,level
14058095,2026-01-06,"Africa Cup of Nations, Knockout stage",Côte d'Ivoire,A,0,3,edmond-tapsoba,883262,Edmond Tapsoba,DF,1,1,0,90,6.3,1,2,1,0,3,1,0,0,0,0,4,3,0,2,0,0,0,0,10,2,52,41,0,0,0,0,0,3,0,0,0,0,0,1,0,2,2,68,0.0,97,0,3,level
14058095,2026-01-06,"Africa Cup of Nations, Knockout stage",Côte d'Ivoire,A,0,3,farid-ouedraogo,1006190,Farid Ouédraogo,GK,0,0,0,0,,0,0,0,0,0,0,0,0,0,0,0,0,0,0,0,0,0,0,0,0,0,0,0,0,0,0,0,0,0,0,0,0,0,0,0,0,0,0,,,0,0,
14058095,2026-01-06,"Africa Cup of Nations, Knockout stage",Côte d'Ivoire,A,0,3,georgi-minoungou,1492520,Georgi Minoungou,FW,0,1,0,45,6.7,1,0,0,0,0,1,0,1,4,2,5,4,2,2,0,0,0,1,1,1,15,10,0,0,0,0,0,2,0,0,0,0,0,1,0,0,0,25,49,97,0,1,trailing
14058095,2026-01-06,"Africa Cup of Nations, Knockout stage",Côte d'Ivoire,A,0,3,gustavo-sangare,1019038,Gustavo Sangaré,MF,0,0,0,0,,0,0,0,0,0,0,0,0,0,0,0,0,0,0,0,0,0,0,0,0,0,0,0,0,0,0,0,0,0,0,0,0,0,0,0,0,0,0,,,0,0,
14058095,2026-01-06,"Africa Cup of Nations, Knockout stage",Côte d'Ivoire,A,0,3,herve-koffi,867299,Hervé Koffi,GK,1,1,0,90,6,1,0,1,0,1,0,0,0,0,0,0,2,1,0,0,1,1,0,17,6,32,21,0,0,0,0,1,7,1,1,0,0,0,0,0,0,0,40,0.0,97,0,3,level
14058095,2026-01-06,"Africa Cup of Nations, Knockout stage",Côte d'Ivoire,A,0,3,ismahila-ouedraogo,1099259,Ismahila Ouédraogo,MF,1,1,0,79,6.6,1,1,0,0,5,0,0,0,2,0,8,3,2,3,0,0,0,0,2,1,31,30,0,0,0,0,0,2,0,0,0,0,0,0,0,1,1,46,0.0,82,0,2,level
14058095,2026-01-06,"Africa Cup of Nations, Knockout stage",Côte d'Ivoire,A,0,3,issa-kabore,1006189,Issa Kaboré,DF,0,1,0,19,6.6,1,0,0,0,0,0,0,0,0,0,0,3,2,0,0,0,1,0,0,0,9,8,0,0,0,0,0,1,0,0,0,0,0,0,0,1,1,16,74,97,0,1,trailing
14058095,2026-01-06,"Africa Cup of Nations, Knockout stage",Côte d'Ivoire,A,0,3,issoufou-dayo,364758,Issoufou Dayo,DF,1,1,1,90,6.1,1,3,2,0,5,0,0,0,0,0,5,4,0,0,0,0,1,0,5,2,50,44,0,0,0,0,0,2,0,0,0,0,0,0,0,2,1,60,0.0,97,0,3,level
14058095,2026-01-06,"Africa Cup of Nations, Knockout stage",Côte d'Ivoire,A,0,3,kilian-nikiema,1149858,Kilian Nikiema,GK,0,0,0,0,,0,0,0,0,0,0,0,0,0,0,0,0,0,0,0,0,0,0,0,0,0,0,0,0,0,0,0,0,0,0,0,0,0,0,0,0,0,0,,,0,0,
14058095,2026-01-06,"Africa Cup of Nations, Knockout stage",Côte d'Ivoire,A,0,3,lassina-traore,911719,Lassina Traoré,FW,1,1,0,45,6.6,1,2,2,0,0,0,0,0,0,0,2,2,0,0,0,0,0,1,0,0,11,8,0,0,0,0,0,1,0,0,0,0,0,0,0,0,0,11,0.0,49,0,2,level
14058095,2026-01-06,"Africa Cup of Nations, Knockout stage",Côte d'Ivoire,A,0,3,mohamed-zougrana,1183551,Mohamed Zougrana,MF,0,0,0,0,,0,0,0,0,0,0,0,0,0,0,0,0,0,0,0,0,0,0,0,0,0,0,0,0,0,0,0,0,0,0,0,0,0,0,0,0,0,0,,,0,0,
14058095,2026-01-06,"Africa Cup of Nations, Knockout stage",Côte d'Ivoire,A,0,3,nasser-djiga,1127169,Nasser Djiga,DF,0,0,0,0,,0,0,0,0,0,0,0,0,0,0,0,0,0,0,0,0,0,0,0,0,0,0,0,0,0,0,0,0,0,0,0,0,0,0,0,0,0,0,,,0,0,
14058095,2026-01-06,"Africa Cup of Nations, Knockout stage",Côte d'Ivoire,A,0,3,ousseni-bouda,983282,Ousseni Bouda,FW,0,1,0,11,6.5,1,0,0,0,0,0,0,0,0,0,0,0,0,0,0,0,0,0,0,0,6,6,0,0,0,0,0,1,0,0,0,0,0,0,0,0,0,6,82,97,0,1,trailing
14058095,2026-01-06,"Africa Cup of Nations, Knockout stage",Côte d'Ivoire,A,0,3,pierre-landry-kabore,1102857,Pierre Landry Kaboré,FW,0,0,0,0,,0,0,0,0,0,0,0,0,0,0,0,0,0,0,0,0,0,0,0,0,0,0,0,0,0,0,0,0,0,0,0,0,0,0,0,0,0,0,,,0,0,
14058095,2026-01-06,"Africa Cup of Nations, Knockout stage",Côte d'Ivoire,A,0,3,saidou-simpore,785883,Saïdou Simporé,DF,1,1,0,90,6.1,1,3,1,0,3,0,0,1,0,0,10,2,1,4,0,0,1,1,4,4,24,19,0,0,0,0,0,7,0,0,0,0,0,2,1,0,0,39,0.0,97,0,3,level
14058095,2026-01-06,"Africa Cup of Nations, Knockout stage",Côte d'Ivoire,A,0,3,steeve-yago,174911,Steeve Yago,DF,1,1,0,71,5.9,1,1,0,0,0,1,1,1,1,1,8,3,0,2,0,0,1,0,1,1,20,14,0,0,0,0,0,3,0,0,0,0,0,0,0,2,2,33,0.0,74,0,2,level
14058095,2026-01-06,"Africa Cup of Nations, Knockout stage",Côte d'Ivoire,A,0,3,stephane-aziz-ki,865473,Stephane Aziz Ki,MF,0,0,0,0,,0,0,0,0,0,0,0,0,0,0,0,0,0,0,0,0,0,0,0,0,0,0,0,0,0,0,0,0,0,0,0,0,0,0,0,0,0,0,,,0,0,
15883802,2026-03-28,Int. Friendly Games,Guinea-Bissau,H,5,0,adamo-nagalo,1108094,Adamo Nagalo,DF,1,0,0,0,,0,0,0,0,0,0,0,0,0,0,0,0,0,0,0,0,0,0,0,0,0,0,0,0,0,0,0,0,0,0,0,0,0,0,0,0,0,0,0.0,95,5,0,level
15883802,2026-03-28,Int. Friendly Games,Guinea-Bissau,H,5,0,arsene-kouassi,1855502,Arsène Kouassi,DF,1,0,0,0,,0,0,0,0,0,0,0,0,0,0,0,0,0,0,0,0,0,0,0,0,0,0,0,0,0,0,0,0,0,0,0,0,0,0,0,0,0,0,0.0,95,5,0,level
15883802,2026-03-28,Int. Friendly Games,Guinea-Bissau,H,5,0,cyriaque-irie,1508537,Cyriaque Irié,FW,1,0,0,0,,0,0,0,0,0,0,0,0,0,0,0,0,0,0,0,0,0,0,0,0,0,0,0,0,0,0,0,0,0,0,0,0,0,0,0,0,0,0,0.0,95,5,0,level
15883802,2026-03-28,Int. Friendly Games,Guinea-Bissau,H,5,0,dango-ouattara,1106451,Dango Ouattara,FW,1,0,0,0,,0,0,0,0,0,0,0,0,0,0,0,0,0,0,0,0,0,0,0,0,0,0,0,0,0,0,0,0,0,0,0,0,0,0,0,0,0,0,0.0,95,5,0,level
15883802,2026-03-28,Int. Friendly Games,Guinea-Bissau,H,5,0,edmond-tapsoba,883262,Edmond Tapsoba,DF,1,0,0,0,,0,0,0,0,0,0,0,0,0,0,0,0,0,0,0,0,0,0,0,0,0,0,0,0,0,0,0,0,0,0,0,0,0,0,0,0,0,0,0.0,95,5,0,level
15883802,2026-03-28,Int. Friendly Games,Guinea-Bissau,H,5,0,herve-koffi,867299,Hervé Koffi,GK,1,0,0,0,,0,0,0,0,0,0,0,0,0,0,0,0,0,0,0,0,0,0,0,0,0,0,0,0,0,0,0,0,0,0,0,0,0,0,0,0,0,0,0.0,95,5,0,level
15883802,2026-03-28,Int. Friendly Games,Guinea-Bissau,H,5,0,ismahila-ouedraogo,1099259,Ismahila Ouédraogo,MF,1,0,0,0,,0,0,0,0,0,0,0,0,0,0,0,0,0,0,0,0,0,0,0,0,0,0,0,0,0,0,0,0,0,0,0,0,0,0,0,0,0,0,0.0,95,5,0,level
15883802,2026-03-28,Int. Friendly Games,Guinea-Bissau,H,5,0,issa-kabore,1006189,Issa Kaboré,DF,1,0,0,0,,0,0,0,0,0,0,0,0,0,0,0,0,0,0,0,0,0,0,0,0,0,0,0,0,0,0,0,0,0,0,0,0,0,0,0,0,0,0,0.0,95,5,0,level
15883802,2026-03-28,Int. Friendly Games,Guinea-Bissau,H,5,0,lohann-doucet,1170523,Lohann Doucet,MF,1,0,0,0,,0,0,0,0,0,0,0,0,0,0,0,0,0,0,0,0,0,0,0,0,0,0,0,0,0,0,0,0,0,0,0,0,0,0,0,0,0,0,0.0,95,5,0,level
15883802,2026-03-28,Int. Friendly Games,Guinea-Bissau,H,5,0,moise-kabore,1490960,Moise Kaboré,FW,0,0,0,0,,0,0,0,0,0,0,0,0,0,0,0,0,0,0,0,0,0,0,0,0,0,0,0,0,0,0,0,0,0,0,0,0,0,0,0,0,0,0,,,0,0,
15883802,2026-03-28,Int. Friendly Games,Guinea-Bissau,H,5,0,ousseni-bouda,983282,Ousseni Bouda,FW,1,0,0,0,,0,0,0,0,0,0,0,0,0,0,0,0,0,0,0,0,0,0,0,0,0,0,0,0,0,0,0,0,0,0,0,0,0,0,0,0,0,0,0.0,95,5,0,level
15883802,2026-03-28,Int. Friendly Games,Guinea-Bissau,H,5,0,pierre-landry-kabore,1102857,Pierre Landry Kaboré,FW,1,0,0,0,,0,0,0,0,0,0,0,0,0,0,0,0,0,0,0,0,0,0,0,0,0,0,0,0,0,0,0,0,0,0,0,0,0,0,0,0,0,0,0.0,95,5,0,level
15910597,2026-03-31,Int. Friendly Games,Guinea-Bissau,H,1,1,adamo-nagalo,1108094,Adamo Nagalo,DF,1,0,0,0,,0,0,0,0,0,0,0,0,0,0,0,0,0,0,0,0,0,0,0,0,0,0,0,0,0,0,0,0,0,0,0,0,0,0,0,0,0,0,0.0,97,1,1,level
15910597,2026-03-31,Int. Friendly Games,Guinea-Bissau,H,1,1,dango-ouattara,1106451,Dango Ouattara,FW,1,0,0,0,,0,0,0,0,0,0,0,0,0,0,0,0,0,0,0,0,0,0,0,0,0,0,0,0,0,0,0,0,0,0,0,0,0,0,0,0,0,0,0.0,97,1,1,level
15910597,2026-03-31,Int. Friendly Games,Guinea-Bissau,H,1,1,edmond-tapsoba,883262,Edmond Tapsoba,DF,1,0,0,0,,0,0,0,0,0,0,0,0,0,0,0,0,0,0,0,0,0,0,0,0,0,0,0,0,0,0,0,0,0,0,0,0,0,0,0,0,0,0,0.0,97,1,1,level
15910597,2026-03-31,Int. Friendly Games,Guinea-Bissau,H,1,1,georgi-minoungou,1492520,Georgi Minoungou,FW,1,0,0,0,,0,0,0,0,0,0,0,0,0,0,0,0,0,0,0,0,0,0,0,0,0,0,0,0,0,0,0,0,0,0,0,0,0,0,0,0,0,0,0.0,97,1,1,level
15910597,2026-03-31,Int. Friendly Games,Guinea-Bissau,H,1,1,gustavo-sangare,1019038,Gustavo Sangaré,MF,1,0,0,0,,0,0,0,0,0,0,0,0,0,0,0,0,0,0,0,0,0,0,0,0,0,0,0,0,0,0,0,0,0,0,0,0,0,0,0,0,0,0,0.0,97,1,1,level
15910597,2026-03-31,Int. Friendly Games,Guinea-Bissau,H,1,1,kilian-nikiema,1149858,Kilian Nikiema,GK,1,0,0,0,,0,0,0,0,0,0,0,0,0,0,0,0,0,0,0,0,0,0,0,0,0,0,0,0,0,0,0,0,0,0,0,0,0,0,0,0,0,0,0.0,97,1,1,level
15910597,2026-03-31,Int. Friendly Games,Guinea-Bissau,H,1,1,lassina-traore,911719,Lassina Traoré,FW,1,0,0,0,,0,0,0,0,0,0,0,0,0,0,0,0,0,0,0,0,0,0,0,0,0,0,0,0,0,0,0,0,0,0,0,0,0,0,0,0,0,0,0.0,97,1,1,level
15910597,2026-03-31,Int. Friendly Games,Guinea-Bissau,H,1,1,lohann-doucet,1170523,Lohann Doucet,MF,1,0,0,0,,0,0,0,0,0,0,0,0,0,0,0,0,0,0,0,0,0,0,0,0,0,0,0,0,0,0,0,0,0,0,0,0,0,0,0,0,0,0,0.0,97,1,1,level
15910597,2026-03-31,Int. Friendly Games,Guinea-Bissau,H,1,1,mohamed-konate,850011,Mohamed Konaté,FW,1,0,0,0,,0,0,0,0,0,0,0,0,0,0,0,0,0,0,0,0,0,0,0,0,0,0,0,0,0,0,0,0,0,0,0,0,0,0,0,0,0,0,0.0,97,1,1,level
15910597,2026-03-31,Int. Friendly Games,Guinea-Bissau,H,1,1,mohamed-ouedraogo,1506773,Mohamed Ouédraogo,DF,1,0,0,0,,0,0,0,0,0,0,0,0,0,0,0,0,0,0,0,0,0,0,0,0,0,0,0,0,0,0,0,0,0,0,0,0,0,0,0,0,0,0,0.0,97,1,1,level
15910597,2026-03-31,Int. Friendly Games,Guinea-Bissau,H,1,1,nasser-djiga,1127169,Nasser Djiga,DF,1,0,0,0,,0,0,0,0,0,0,0,0,0,0,0,0,0,0,0,0,0,0,0,0,0,0,0,0,0,0,0,0,0,0,0,0,0,0,0,0,0,0,0.0,97,1,1,level
16189861,2026-06-05,Int. Friendly Games,Russia,A,0,3,abdoul-tapsoba,1000129,Abdoul Tapsoba,FW,0,1,0,13,6.2,1,1,0,0,0,0,0,0,1,0,2,1,0,0,0,0,0,0,0,0,1,1,0,0,0,0,0,0,0,0,0,0,0,1,0,1,1,5,80,96,0,0,trailing
16189861,2026-06-05,Int. Friendly Games,Russia,A,0,3,aboubacar-bassinga,1636036,Aboubacar Bassinga,MF,0,1,0,2,,1,0,0,0,0,0,0,0,0,0,1,0,0,1,0,0,0,0,0,0,3,3,0,0,0,0,0,0,0,0,0,0,0,0,0,0,0,4,91,96,0,0,trailing
16189861,2026-06-05,Int. Friendly Games,Russia,A,0,3,adamo-nagalo,1108094,Adamo Nagalo,DF,1,1,0,90,5.8,1,1,1,0,2,0,0,1,1,1,4,3,0,2,0,0,3,0,3,1,30,25,0,0,0,0,0,1,0,0,0,0,0,1,0,1,1,47,0.0,96,0,3,level
16189861,2026-06-05,Int. Friendly Games,Russia,A,0,3,arsene-kouassi,1855502,Arsène Kouassi,DF,1,1,0,88,6.2,1,0,0,0,1,1,0,0,1,0,2,3,2,0,0,0,1,1,0,0,33,30,0,0,0,0,0,5,0,0,0,0,0,0,0,1,1,50,0.0,91,0,3,level
16189861,2026-06-05,Int. Friendly Games,Russia,A,0,3,arthur-zagre,910053,Arthur Zagré,DF,1,1,0,90,6.5,1,0,0,0,0,0,0,1,4,2,4,4,1,1,0,0,2,1,1,0,22,19,0,0,0,0,0,4,0,0,0,0,0,1,0,1,0,37,0.0,96,0,3,level
16189861,2026-06-05,Int. Friendly Games,Russia,A,0,3,cyriaque-irie,1508537,Cyriaque Irié,FW,0,0,0,0,,0,0,0,0,0,0,0,0,0,0,0,0,0,0,0,0,0,0,0,0,0,0,0,0,0,0,0,0,0,0,0,0,0,0,0,0,0,0,,,0,0,
16189861,2026-06-05,Int. Friendly Games,Russia,A,0,3,dango-ouattara,1106451,Dango Ouattara,FW,1,1,0,77,6.3,1,1,3,0,3,7,1,1,3,0,6,6,2,1,0,0,0,2,1,1,17,11,0,0,0,0,0,4,0,0,0,0,0,2,0,1,1,39,0.0,80,0,3,level
16189861,2026-06-05,Int. Friendly Games,Russia,A,0,3,dao-cyrille,2008836,Dao Cyrille,DF,0,0,0,0,,0,0,0,0,0,0,0,0,0,0,0,0,0,0,0,0,0,0,0,0,0,0,0,0,0,0,0,0,0,0,0,0,0,0,0,0,0,0,,,0,0,
16189861,2026-06-05,Int. Friendly Games,Russia,A,0,3,edmond-tapsoba,883262,Edmond Tapsoba,DF,1,1,1,90,6.8,1,0,0,0,5,2,1,0,3,2,2,4,0,0,0,0,0,1,20,10,62,47,0,0,0,0,0,3,0,0,0,0,0,0,0,2,2,77,0.0,96,0,3,level
16189861,2026-06-05,Int. Friendly Games,Russia,A,0,3,farid-ouedraogo,1006190,Farid Ouédraogo,GK,0,0,0,0,,0,0,0,0,0,0,0,0,0,0,0,0,0,0,0,0,0,0,0,0,0,0,0,0,0,0,0,0,0,0,0,0,0,0,0,0,0,0,,,0,0,
16189861,2026-06-05,Int. Friendly Games,Russia,A,0,3,georgi-minoungou,1492520,Georgi Minoungou,FW,1,1,0,45,6.3,1,0,0,0,2,0,0,1,1,0,3,2,1,1,0,0,0,1,0,0,7,5,0,0,0,0,0,1,0,0,0,0,0,0,0,1,1,15,0.0,49,0,2,level
16189861,2026-06-05,Int. Friendly Games,Russia,A,0,3,gustavo-sangare,1019038,Gustavo Sangaré,MF,1,1,0,45,6.5,1,0,1,0,0,0,0,0,2,1,2,3,0,2,0,0,0,0,2,1,16,14,0,0,0,0,0,3,0,0,0,0,0,0,0,1,0,19,0.0,49,0,2,level
16189861,2026-06-05,Int. Friendly Games,Russia,A,0,3,hanaby-hadalou-sagne,2025852,Hanaby Hadalou Sagne,DF,0,0,0,0,,0,0,0,0,0,0,0,0,0,0,0,0,0,0,0,0,0,0,0,0,0,0,0,0,0,0,0,0,0,0,0,0,0,0,0,0,0,0,,,0,0,
16189861,2026-06-05,Int. Friendly Games,Russia,A,0,3,hillel-konate,580180,Hillel Konaté,GK,0,0,0,0,,0,0,0,0,0,0,0,0,0,0,0,0,0,0,0,0,0,0,0,0,0,0,0,0,0,0,0,0,0,0,0,0,0,0,0,0,0,0,,,0,0,
16189861,2026-06-05,Int. Friendly Games,Russia,A,0,3,ismahila-ouedraogo,1099259,Ismahila Ouédraogo,MF,0,0,0,0,,0,0,0,0,0,0,0,0,0,0,0,0,0,0,0,0,0,0,0,0,0,0,0,0,0,0,0,0,0,0,0,0,0,0,0,0,0,0,,,0,0,
16189861,2026-06-05,Int. Friendly Games,Russia,A,0,3,kilian-nikiema,1149858,Kilian Nikiema,GK,1,1,0,90,7,1,0,0,0,0,0,0,0,1,0,1,0,0,0,0,0,0,0,27,14,30,17,0,0,0,0,0,8,3,2,0,0,0,0,0,0,0,40,0.0,96,0,3,level
16189861,2026-06-05,Int. Friendly Games,Russia,A,0,3,lohann-doucet,1170523,Lohann Doucet,MF,1,1,0,70,6.3,1,0,0,0,0,0,0,0,0,0,2,2,2,2,0,0,0,0,2,2,34,30,0,0,0,0,0,0,0,0,0,0,0,1,0,0,0,38,0.0,73,0,2,level
16189861,2026-06-05,Int. Friendly Games,Russia,A,0,3,mohamed-konate,850011,Mohamed Konaté,FW,1,1,0,70,6.3,1,3,3,0,0,0,0,1,1,1,6,4,0,1,0,0,0,1,0,0,14,10,0,0,0,0,0,2,0,0,0,0,0,1,1,0,0,21,0.0,73,0,2,level
16189861,2026-06-05,Int. Friendly Games,Russia,A,0,3,mohamed-ouedraogo,1506773,Mohamed Ouédraogo,DF,1,1,0,43,5.2,1,0,0,0,0,0,0,0,0,0,1,0,0,1,0,0,0,0,4,2,30,26,0,0,0,0,0,4,0,0,0,0,0,0,0,0,0,31,0.0,43,0,2,level
16189861,2026-06-05,Int. Friendly Games,Russia,A,0,3,mohamed-zougrana,1183551,Mohamed Zougrana,MF,0,0,0,0,,0,0,0,0,0,0,0,0,0,0,0,0,0,0,0,0,0,0,0,0,0,0,0,0,0,0,0,0,0,0,0,0,0,0,0,0,0,0,,,0,0,
16189861,2026-06-05,Int. Friendly Games,Russia,A,0,3,moise-kabore,1490960,Moise Kaboré,FW,0,0,0,0,,0,0,0,0,0,0,0,0,0,0,0,0,0,0,0,0,0,0,0,0,0,0,0,0,0,0,0,0,0,0,0,0,0,0,0,0,0,0,,,0,0,
16189861,2026-06-05,Int. Friendly Games,Russia,A,0,3,ousseni-bouda,983282,Ousseni Bouda,FW,0,1,0,45,6.6,1,2,0,0,3,2,1,0,0,0,4,2,2,1,0,0,0,1,1,0,17,12,0,0,0,0,0,3,0,0,0,0,0,0,0,0,0,25,49,96,0,1,trailing
16189861,2026-06-05,Int. Friendly Games,Russia,A,0,3,pakwo-gnanou,2618161,Pakwo Gnanou,DF,0,1,0,45,6.4,1,0,0,0,1,0,0,1,0,0,1,1,1,0,0,0,1,0,8,3,22,14,0,0,0,0,0,3,0,0,0,0,0,0,0,0,0,33,49,96,0,1,trailing
16189861,2026-06-05,Int. Friendly Games,Russia,A,0,3,pierre-landry-kabore,1102857,Pierre Landry Kaboré,FW,0,1,0,20,6.9,1,2,0,0,1,0,0,0,1,0,3,1,1,0,0,0,1,1,0,0,4,4,0,0,0,0,0,1,0,0,0,0,0,2,1,0,0,11,73,96,0,1,trailing
16189861,2026-06-05,Int. Friendly Games,Russia,A,0,3,saidou-simpore,785883,Saïdou Simporé,DF,0,1,0,20,6.5,1,0,0,0,0,0,0,0,0,0,0,1,0,0,0,0,0,0,1,1,7,5,0,0,0,0,0,2,0,0,0,0,0,0,0,1,1,8,73,96,0,1,trailing
16205035,2026-06-09,Int. Friendly Games,Belarus,A,2,2,abdoul-tapsoba,1000129,Abdoul Tapsoba,FW,0,0,0,0,,0,0,0,0,0,0,0,0,0,0,0,0,0,0,0,0,0,0,0,0,0,0,0,0,0,0,0,0,0,0,0,0,0,0,0,0,0,0,80,95,1,0,trailing
16205035,2026-06-09,Int. Friendly Games,Belarus,A,2,2,aboubacar-bassinga,1636036,Aboubacar Bassinga,MF,0,0,0,0,,0,0,0,0,0,0,0,0,0,0,0,0,0,0,0,0,0,0,0,0,0,0,0,0,0,0,0,0,0,0,0,0,0,0,0,0,0,0,80,95,1,0,trailing
16205035,2026-06-09,Int. Friendly Games,Belarus,A,2,2,adamo-nagalo,1108094,Adamo Nagalo,DF,1,0,0,0,,0,0,0,0,0,0,0,0,0,0,0,0,0,0,0,0,0,0,0,0,0,0,0,0,0,0,0,0,0,0,0,0,0,0,0,0,0,0,0.0,95,2,2,level
16205035,2026-06-09,Int. Friendly Games,Belarus,A,2,2,arsene-kouassi,1855502,Arsène Kouassi,DF,1,0,0,0,,0,0,0,0,0,0,0,0,0,0,0,0,0,0,0,0,0,0,0,0,0,0,0,0,0,0,0,0,0,0,0,0,0,0,0,0,0,0,0.0,80,1,2,level
16205035,2026-06-09,Int. Friendly Games,Belarus,A,2,2,arthur-zagre,910053,Arthur Zagré,DF,0,0,0,0,,0,0,0,0,0,0,0,0,0,0,0,0,0,0,0,0,0,0,0,0,0,0,0,0,0,0,0,0,0,0,0,0,0,0,0,0,0,0,72,95,2,0,trailing
16205035,2026-06-09,Int. Friendly Games,Belarus,A,2,2,cyriaque-irie,1508537,Cyriaque Irié,FW,1,0,0,0,,0,0,0,0,0,0,0,0,0,0,0,0,0,0,0,0,0,0,0,0,0,0,0,0,0,0,0,0,0,0,0,0,0,0,0,0,0,0,0.0,80,1,2,level
16205035,2026-06-09,Int. Friendly Games,Belarus,A,2,2,dango-ouattara,1106451,Dango Ouattara,FW,1,0,0,0,,0,0,0,0,0,0,0,0,0,0,0,0,0,0,0,0,0,0,0,0,0,0,0,0,0,0,0,0,0,0,0,0,0,0,0,0,0,0,0.0,95,2,2,level
16205035,2026-06-09,Int. Friendly Games,Belarus,A,2,2,dao-cyrille,2008836,Dao Cyrille,DF,0,0,0,0,,0,0,0,0,0,0,0,0,0,0,0,0,0,0,0,0,0,0,0,0,0,0,0,0,0,0,0,0,0,0,0,0,0,0,0,0,0,0,,,0,0,
16205035,2026-06-09,Int. Friendly Games,Belarus,A,2,2,edmond-tapsoba,883262,Edmond Tapsoba,DF,1,0,0,0,,0,0,0,0,0,0,0,0,0,0,0,0,0,0,0,0,0,0,0,0,0,0,0,0,0,0,0,0,0,0,0,0,0,0,0,0,0,0,0.0,95,2,2,level
16205035,2026-06-09,Int. Friendly Games,Belarus,A,2,2,farid-ouedraogo,1006190,Farid Ouédraogo,GK,0,0,0,0,,0,0,0,0,0,0,0,0,0,0,0,0,0,0,0,0,0,0,0,0,0,0,0,0,0,0,0,0,0,0,0,0,0,0,0,0,0,0,,,0,0,
16205035,2026-06-09,Int. Friendly Games,Belarus,A,2,2,georgi-minoungou,1492520,Georgi Minoungou,FW,0,0,0,0,,0,0,0,0,0,0,0,0,0,0,0,0,0,0,0,0,0,0,0,0,0,0,0,0,0,0,0,0,0,0,0,0,0,0,0,0,0,0,61,95,2,1,trailing
16205035,2026-06-09,Int. Friendly Games,Belarus,A,2,2,gustavo-sangare,1019038,Gustavo Sangaré,MF,0,0,0,0,,0,0,0,0,0,0,0,0,0,0,0,0,0,0,0,0,0,0,0,0,0,0,0,0,0,0,0,0,0,0,0,0,0,0,0,0,0,0,,,0,0,
16205035,2026-06-09,Int. Friendly Games,Belarus,A,2,2,hanaby-hadalou-sagne,2025852,Hanaby Hadalou Sagne,DF,0,0,0,0,,0,0,0,0,0,0,0,0,0,0,0,0,0,0,0,0,0,0,0,0,0,0,0,0,0,0,0,0,0,0,0,0,0,0,0,0,0,0,,,0,0,
16205035,2026-06-09,Int. Friendly Games,Belarus,A,2,2,hillel-konate,580180,Hillel Konaté,GK,1,0,0,0,,0,0,0,0,0,0,0,0,0,0,0,0,0,0,0,0,0,0,0,0,0,0,0,0,0,0,0,0,0,0,0,0,0,0,0,0,0,0,0.0,95,2,2,level
16205035,2026-06-09,Int. Friendly Games,Belarus,A,2,2,ismahila-ouedraogo,1099259,Ismahila Ouédraogo,MF,1,0,0,0,,0,0,0,0,0,0,0,0,0,0,0,0,0,0,0,0,0,0,0,0,0,0,0,0,0,0,0,0,0,0,0,0,0,0,0,0,0,0,0.0,72,0,2,level
16205035,2026-06-09,Int. Friendly Games,Belarus,A,2,2,kilian-nikiema,1149858,Kilian Nikiema,GK,0,0,0,0,,0,0,0,0,0,0,0,0,0,0,0,0,0,0,0,0,0,0,0,0,0,0,0,0,0,0,0,0,0,0,0,0,0,0,0,0,0,0,,,0,0,
16205035,2026-06-09,Int. Friendly Games,Belarus,A,2,2,lohann-doucet,1170523,Lohann Doucet,MF,1,0,0,0,,0,0,0,0,0,0,0,0,0,0,0,0,0,0,0,0,0,0,0,0,0,0,0,0,0,0,0,0,0,0,0,0,0,0,0,0,0,0,0.0,72,0,2,level
16205035,2026-06-09,Int. Friendly Games,Belarus,A,2,2,mohamed-konate,850011,Mohamed Konaté,FW,0,0,0,0,,0,0,0,0,0,0,0,0,0,0,0,0,0,0,0,0,0,0,0,0,0,0,0,0,0,0,0,0,0,0,0,0,0,0,0,0,0,0,,,0,0,
16205035,2026-06-09,Int. Friendly Games,Belarus,A,2,2,mohamed-zougrana,1183551,Mohamed Zougrana,MF,0,0,0,0,,0,0,0,0,0,0,0,0,0,0,0,0,0,0,0,0,0,0,0,0,0,0,0,0,0,0,0,0,0,0,0,0,0,0,0,0,0,0,,,0,0,
16205035,2026-06-09,Int. Friendly Games,Belarus,A,2,2,moise-kabore,1490960,Moise Kaboré,FW,0,0,0,0,,0,0,0,0,0,0,0,0,0,0,0,0,0,0,0,0,0,0,0,0,0,0,0,0,0,0,0,0,0,0,0,0,0,0,0,0,0,0,61,95,2,1,trailing
16205035,2026-06-09,Int. Friendly Games,Belarus,A,2,2,ousseni-bouda,983282,Ousseni Bouda,FW,1,0,0,0,,0,0,0,0,0,0,0,0,0,0,0,0,0,0,0,0,0,0,0,0,0,0,0,0,0,0,0,0,0,0,0,0,0,0,0,0,0,0,0.0,61,0,1,level
16205035,2026-06-09,Int. Friendly Games,Belarus,A,2,2,pierre-landry-kabore,1102857,Pierre Landry Kaboré,FW,1,0,0,0,,0,0,0,0,0,0,0,0,0,0,0,0,0,0,0,0,0,0,0,0,0,0,0,0,0,0,0,0,0,0,0,0,0,0,0,0,0,0,0.0,61,0,1,level
16205035,2026-06-09,Int. Friendly Games,Belarus,A,2,2,rachide-gnanou,2045370,Rachide Gnanou,DF,1,0,0,0,,0,0,0,0,0,0,0,0,0,0,0,0,0,0,0,0,0,0,0,0,0,0,0,0,0,0,0,0,0,0,0,0,0,0,0,0,0,0,0.0,95,2,2,level
16205035,2026-06-09,Int. Friendly Games,Belarus,A,2,2,saidou-simpore,785883,Saïdou Simporé,DF,0,0,0,0,,0,0,0,0,0,0,0,0,0,0,0,0,0,0,0,0,0,0,0,0,0,0,0,0,0,0,0,0,0,0,0,0,0,0,0,0,0,0,72,95,2,0,trailing
